2026-05-24 18:27:37,814 INFO gateway.memory_monitor: [MEMORY] baseline rss=117MB gc=(103, 7, 10) threads=1 uptime=0s
2026-05-24 18:27:37,814 INFO gateway.memory_monitor: [MEMORY] Periodic memory monitoring started (interval: 300s)
2026-05-24 18:27:38,619 INFO gateway.run: Starting Hermes Gateway...
2026-05-24 18:27:38,620 INFO gateway.run: Session storage: /root/.hermes/sessions
2026-05-24 18:27:38,635 INFO gateway.run: Agent budget: max_iterations=90 (agent.max_turns from config.yaml, or HERMES_MAX_ITERATIONS from .env, or default 90)
2026-05-24 18:27:38,636 INFO gateway.run: Secret redaction: ENABLED (tool output, logs, and chat responses are scrubbed before delivery)
2026-05-24 18:27:39,220 INFO gateway.run: Connecting to telegram...
2026-05-24 18:27:39,592 INFO gateway.platforms.telegram: [Telegram] Auto-discovered Telegram fallback IPs: 149.154.166.110
2026-05-24 18:27:39,592 INFO gateway.platforms.telegram: [Telegram] Telegram fallback IPs active: 149.154.166.110
2026-05-24 18:27:39,863 ERROR gateway.platforms.telegram: [Telegram] Failed to connect to Telegram: The token `8648137288:***` was rejected by the server.
Traceback (most recent call last):
  File "/usr/local/lib/hermes-agent/venv/lib/python3.11/site-packages/telegram/_bot.py", line 856, in initialize
    await self.get_me()
  File "/usr/local/lib/hermes-agent/venv/lib/python3.11/site-packages/telegram/ext/_extbot.py", line 2007, in get_me
    return await super().get_me(
           ^^^^^^^^^^^^^^^^^^^^^
  File "/usr/local/lib/hermes-agent/venv/lib/python3.11/site-packages/telegram/_bot.py", line 989, in get_me
    result = await self._post(
             ^^^^^^^^^^^^^^^^^
  File "/usr/local/lib/hermes-agent/venv/lib/python3.11/site-packages/telegram/_bot.py", line 703, in _post
    return await self._do_post(
           ^^^^^^^^^^^^^^^^^^^^
  File "/usr/local/lib/hermes-agent/venv/lib/python3.11/site-packages/telegram/ext/_extbot.py", line 369, in _do_post
    return await super()._do_post(
           ^^^^^^^^^^^^^^^^^^^^^^^
  File "/usr/local/lib/hermes-agent/venv/lib/python3.11/site-packages/telegram/_bot.py", line 732, in _do_post
    result = await request.post(
             ^^^^^^^^^^^^^^^^^^^
  File "/usr/local/lib/hermes-agent/venv/lib/python3.11/site-packages/telegram/request/_baserequest.py", line 198, in post
    result = await self._request_wrapper(
             ^^^^^^^^^^^^^^^^^^^^^^^^^^^^
  File "/usr/local/lib/hermes-agent/venv/lib/python3.11/site-packages/telegram/request/_baserequest.py", line 375, in _request_wrapper
    raise exception
telegram.error.InvalidToken: Unauthorized

The above exception was the direct cause of the following exception:

Traceback (most recent call last):
  File "/usr/local/lib/hermes-agent/gateway/platforms/telegram.py", line 1464, in connect
    await self._app.initialize()
  File "/usr/local/lib/hermes-agent/venv/lib/python3.11/site-packages/telegram/ext/_application.py", line 489, in initialize
    await self.bot.initialize()
  File "/usr/local/lib/hermes-agent/venv/lib/python3.11/site-packages/telegram/ext/_extbot.py", line 315, in initialize
    await super().initialize()
  File "/usr/local/lib/hermes-agent/venv/lib/python3.11/site-packages/telegram/_bot.py", line 859, in initialize
    raise InvalidToken(f"The token `{self._token}` was rejected by the server.") from exc
telegram.error.InvalidToken: The token `8648137288:***` was rejected by the server.
2026-05-24 18:27:39,868 WARNING gateway.run: ✗ telegram failed to connect
2026-05-24 18:27:39,868 INFO gateway.platforms.telegram: [Telegram] Disconnected from Telegram
2026-05-24 18:27:39,870 INFO gateway.run: Connecting to discord...
2026-05-24 18:27:39,872 ERROR hermes_plugins.discord_platform.adapter: [Discord] No bot token configured
2026-05-24 18:27:39,872 WARNING gateway.run: ✗ discord failed to connect
2026-05-24 18:27:39,872 INFO hermes_plugins.discord_platform.adapter: [Discord] Disconnected
2026-05-24 18:27:39,873 WARNING gateway.run: Gateway started with no connected platforms — 2 platform(s) queued for retry: telegram: Telegram startup failed: The token `8648137288:***` was rejected by the server.; discord: failed to connect
2026-05-24 18:27:39,874 WARNING gateway.run: No adapter could be created for any of the 2 configured platform(s). Check that required dependencies are installed and credentials are set. Gateway will continue for cron job execution.
2026-05-24 18:27:39,881 INFO gateway.run: Channel directory built: 0 target(s)
2026-05-24 18:27:39,882 INFO gateway.run: Starting reconnection watcher for 2 failed platform(s): telegram, discord
2026-05-24 18:27:39,882 INFO gateway.run: Press Ctrl+C to stop
2026-05-24 18:27:39,920 INFO gateway.run: Cron ticker started (interval=60s)
2026-05-24 18:27:44,886 INFO gateway.run: kanban dispatcher: embedded in gateway (interval=60.0s)
2026-05-24 18:28:09,906 INFO gateway.run: Reconnecting telegram (attempt 2)...
2026-05-24 18:28:10,044 INFO gateway.platforms.telegram: [Telegram] Auto-discovered Telegram fallback IPs: 149.154.166.110
2026-05-24 18:28:10,045 INFO gateway.platforms.telegram: [Telegram] Telegram fallback IPs active: 149.154.166.110
2026-05-24 18:28:10,320 ERROR gateway.platforms.telegram: [Telegram] Failed to connect to Telegram: The token `8648137288:***` was rejected by the server.
Traceback (most recent call last):
  File "/usr/local/lib/hermes-agent/venv/lib/python3.11/site-packages/telegram/_bot.py", line 856, in initialize
    await self.get_me()
  File "/usr/local/lib/hermes-agent/venv/lib/python3.11/site-packages/telegram/ext/_extbot.py", line 2007, in get_me
    return await super().get_me(
           ^^^^^^^^^^^^^^^^^^^^^
  File "/usr/local/lib/hermes-agent/venv/lib/python3.11/site-packages/telegram/_bot.py", line 989, in get_me
    result = await self._post(
             ^^^^^^^^^^^^^^^^^
  File "/usr/local/lib/hermes-agent/venv/lib/python3.11/site-packages/telegram/_bot.py", line 703, in _post
    return await self._do_post(
           ^^^^^^^^^^^^^^^^^^^^
  File "/usr/local/lib/hermes-agent/venv/lib/python3.11/site-packages/telegram/ext/_extbot.py", line 369, in _do_post
    return await super()._do_post(
           ^^^^^^^^^^^^^^^^^^^^^^^
  File "/usr/local/lib/hermes-agent/venv/lib/python3.11/site-packages/telegram/_bot.py", line 732, in _do_post
    result = await request.post(
             ^^^^^^^^^^^^^^^^^^^
  File "/usr/local/lib/hermes-agent/venv/lib/python3.11/site-packages/telegram/request/_baserequest.py", line 198, in post
    result = await self._request_wrapper(
             ^^^^^^^^^^^^^^^^^^^^^^^^^^^^
  File "/usr/local/lib/hermes-agent/venv/lib/python3.11/site-packages/telegram/request/_baserequest.py", line 375, in _request_wrapper
    raise exception
telegram.error.InvalidToken: Unauthorized

The above exception was the direct cause of the following exception:

Traceback (most recent call last):
  File "/usr/local/lib/hermes-agent/gateway/platforms/telegram.py", line 1464, in connect
    await self._app.initialize()
  File "/usr/local/lib/hermes-agent/venv/lib/python3.11/site-packages/telegram/ext/_application.py", line 489, in initialize
    await self.bot.initialize()
  File "/usr/local/lib/hermes-agent/venv/lib/python3.11/site-packages/telegram/ext/_extbot.py", line 315, in initialize
    await super().initialize()
  File "/usr/local/lib/hermes-agent/venv/lib/python3.11/site-packages/telegram/_bot.py", line 859, in initialize
    raise InvalidToken(f"The token `{self._token}` was rejected by the server.") from exc
telegram.error.InvalidToken: The token `8648137288:***` was rejected by the server.
2026-05-24 18:28:10,324 INFO gateway.run: Reconnect telegram failed, next retry in 60s
2026-05-24 18:28:10,324 INFO gateway.run: Reconnecting discord (attempt 2)...
2026-05-24 18:28:10,324 ERROR hermes_plugins.discord_platform.adapter: [Discord] No bot token configured
2026-05-24 18:28:10,325 INFO gateway.run: Reconnect discord failed, next retry in 60s
2026-05-24 18:29:10,400 INFO gateway.run: Reconnecting telegram (attempt 3)...
2026-05-24 18:29:10,532 INFO gateway.platforms.telegram: [Telegram] Auto-discovered Telegram fallback IPs: 149.154.166.110
2026-05-24 18:29:10,533 INFO gateway.platforms.telegram: [Telegram] Telegram fallback IPs active: 149.154.166.110
2026-05-24 18:29:10,805 ERROR gateway.platforms.telegram: [Telegram] Failed to connect to Telegram: The token `8648137288:***` was rejected by the server.
Traceback (most recent call last):
  File "/usr/local/lib/hermes-agent/venv/lib/python3.11/site-packages/telegram/_bot.py", line 856, in initialize
    await self.get_me()
  File "/usr/local/lib/hermes-agent/venv/lib/python3.11/site-packages/telegram/ext/_extbot.py", line 2007, in get_me
    return await super().get_me(
           ^^^^^^^^^^^^^^^^^^^^^
  File "/usr/local/lib/hermes-agent/venv/lib/python3.11/site-packages/telegram/_bot.py", line 989, in get_me
    result = await self._post(
             ^^^^^^^^^^^^^^^^^
  File "/usr/local/lib/hermes-agent/venv/lib/python3.11/site-packages/telegram/_bot.py", line 703, in _post
    return await self._do_post(
           ^^^^^^^^^^^^^^^^^^^^
  File "/usr/local/lib/hermes-agent/venv/lib/python3.11/site-packages/telegram/ext/_extbot.py", line 369, in _do_post
    return await super()._do_post(
           ^^^^^^^^^^^^^^^^^^^^^^^
  File "/usr/local/lib/hermes-agent/venv/lib/python3.11/site-packages/telegram/_bot.py", line 732, in _do_post
    result = await request.post(
             ^^^^^^^^^^^^^^^^^^^
  File "/usr/local/lib/hermes-agent/venv/lib/python3.11/site-packages/telegram/request/_baserequest.py", line 198, in post
    result = await self._request_wrapper(
             ^^^^^^^^^^^^^^^^^^^^^^^^^^^^
  File "/usr/local/lib/hermes-agent/venv/lib/python3.11/site-packages/telegram/request/_baserequest.py", line 375, in _request_wrapper
    raise exception
telegram.error.InvalidToken: Unauthorized

The above exception was the direct cause of the following exception:

Traceback (most recent call last):
  File "/usr/local/lib/hermes-agent/gateway/platforms/telegram.py", line 1464, in connect
    await self._app.initialize()
  File "/usr/local/lib/hermes-agent/venv/lib/python3.11/site-packages/telegram/ext/_application.py", line 489, in initialize
    await self.bot.initialize()
  File "/usr/local/lib/hermes-agent/venv/lib/python3.11/site-packages/telegram/ext/_extbot.py", line 315, in initialize
    await super().initialize()
  File "/usr/local/lib/hermes-agent/venv/lib/python3.11/site-packages/telegram/_bot.py", line 859, in initialize
    raise InvalidToken(f"The token `{self._token}` was rejected by the server.") from exc
telegram.error.InvalidToken: The token `8648137288:***` was rejected by the server.
2026-05-24 18:29:10,809 INFO gateway.run: Reconnect telegram failed, next retry in 120s
2026-05-24 18:29:10,809 INFO gateway.run: Reconnecting discord (attempt 3)...
2026-05-24 18:29:10,809 ERROR hermes_plugins.discord_platform.adapter: [Discord] No bot token configured
2026-05-24 18:29:10,810 INFO gateway.run: Reconnect discord failed, next retry in 120s
2026-05-24 18:31:11,005 INFO gateway.run: Reconnecting telegram (attempt 4)...
2026-05-24 18:31:11,154 INFO gateway.platforms.telegram: [Telegram] Auto-discovered Telegram fallback IPs: 149.154.166.110
2026-05-24 18:31:11,155 INFO gateway.platforms.telegram: [Telegram] Telegram fallback IPs active: 149.154.166.110
2026-05-24 18:31:11,425 ERROR gateway.platforms.telegram: [Telegram] Failed to connect to Telegram: The token `8648137288:***` was rejected by the server.
Traceback (most recent call last):
  File "/usr/local/lib/hermes-agent/venv/lib/python3.11/site-packages/telegram/_bot.py", line 856, in initialize
    await self.get_me()
  File "/usr/local/lib/hermes-agent/venv/lib/python3.11/site-packages/telegram/ext/_extbot.py", line 2007, in get_me
    return await super().get_me(
           ^^^^^^^^^^^^^^^^^^^^^
  File "/usr/local/lib/hermes-agent/venv/lib/python3.11/site-packages/telegram/_bot.py", line 989, in get_me
    result = await self._post(
             ^^^^^^^^^^^^^^^^^
  File "/usr/local/lib/hermes-agent/venv/lib/python3.11/site-packages/telegram/_bot.py", line 703, in _post
    return await self._do_post(
           ^^^^^^^^^^^^^^^^^^^^
  File "/usr/local/lib/hermes-agent/venv/lib/python3.11/site-packages/telegram/ext/_extbot.py", line 369, in _do_post
    return await super()._do_post(
           ^^^^^^^^^^^^^^^^^^^^^^^
  File "/usr/local/lib/hermes-agent/venv/lib/python3.11/site-packages/telegram/_bot.py", line 732, in _do_post
    result = await request.post(
             ^^^^^^^^^^^^^^^^^^^
  File "/usr/local/lib/hermes-agent/venv/lib/python3.11/site-packages/telegram/request/_baserequest.py", line 198, in post
    result = await self._request_wrapper(
             ^^^^^^^^^^^^^^^^^^^^^^^^^^^^
  File "/usr/local/lib/hermes-agent/venv/lib/python3.11/site-packages/telegram/request/_baserequest.py", line 375, in _request_wrapper
    raise exception
telegram.error.InvalidToken: Unauthorized

The above exception was the direct cause of the following exception:

Traceback (most recent call last):
  File "/usr/local/lib/hermes-agent/gateway/platforms/telegram.py", line 1464, in connect
    await self._app.initialize()
  File "/usr/local/lib/hermes-agent/venv/lib/python3.11/site-packages/telegram/ext/_application.py", line 489, in initialize
    await self.bot.initialize()
  File "/usr/local/lib/hermes-agent/venv/lib/python3.11/site-packages/telegram/ext/_extbot.py", line 315, in initialize
    await super().initialize()
  File "/usr/local/lib/hermes-agent/venv/lib/python3.11/site-packages/telegram/_bot.py", line 859, in initialize
    raise InvalidToken(f"The token `{self._token}` was rejected by the server.") from exc
telegram.error.InvalidToken: The token `8648137288:***` was rejected by the server.
2026-05-24 18:31:11,428 INFO gateway.run: Reconnect telegram failed, next retry in 240s
2026-05-24 18:31:11,428 INFO gateway.run: Reconnecting discord (attempt 4)...
2026-05-24 18:31:11,428 ERROR hermes_plugins.discord_platform.adapter: [Discord] No bot token configured
2026-05-24 18:31:11,429 INFO gateway.run: Reconnect discord failed, next retry in 240s
2026-05-24 18:32:37,814 INFO gateway.memory_monitor: [MEMORY] rss=150MB gc=(559, 7, 5) threads=6 uptime=300s
2026-05-24 18:33:58,107 INFO gateway.run: Stopping gateway for restart...
2026-05-24 18:33:58,107 INFO gateway.run: Shutdown phase: notify_active_sessions done at +0.00s
2026-05-24 18:33:58,109 INFO gateway.run: Shutdown phase: drain done at +0.00s (drain took 0.00s, timed_out=False, active_at_start=0, active_now=0)
2026-05-24 18:33:58,109 INFO gateway.run: Shutdown phase: all adapters disconnected at +0.00s
2026-05-24 18:33:58,134 INFO gateway.run: Shutdown phase: final-cleanup tool kill done at +0.03s
2026-05-24 18:33:58,135 INFO gateway.run: Shutdown phase: SessionDB close done at +0.03s
2026-05-24 18:33:58,136 INFO gateway.run: Gateway stopped (total teardown 0.03s)
2026-05-24 18:33:58,136 INFO gateway.run: Cron ticker stopped
2026-05-24 18:33:58,137 INFO gateway.memory_monitor: [MEMORY] shutdown rss=151MB gc=(127, 3, 6) threads=5 uptime=380s
2026-05-24 18:33:58,137 INFO gateway.memory_monitor: [MEMORY] Periodic memory monitoring stopped
2026-05-24 18:33:59,473 INFO gateway.memory_monitor: [MEMORY] baseline rss=96MB gc=(95, 7, 2) threads=1 uptime=0s
2026-05-24 18:33:59,474 INFO gateway.memory_monitor: [MEMORY] Periodic memory monitoring started (interval: 300s)
2026-05-24 18:33:59,580 INFO gateway.run: Starting Hermes Gateway...
2026-05-24 18:33:59,580 INFO gateway.run: Session storage: /root/.hermes/sessions
2026-05-24 18:33:59,594 INFO gateway.run: Agent budget: max_iterations=90 (agent.max_turns from config.yaml, or HERMES_MAX_ITERATIONS from .env, or default 90)
2026-05-24 18:33:59,594 INFO gateway.run: Secret redaction: ENABLED (tool output, logs, and chat responses are scrubbed before delivery)
2026-05-24 18:33:59,597 INFO gateway.run: Previous gateway exited cleanly — skipping session suspension
2026-05-24 18:33:59,677 INFO gateway.run: Connecting to telegram...
2026-05-24 18:33:59,870 INFO gateway.platforms.telegram: [Telegram] Auto-discovered Telegram fallback IPs: 149.154.166.110
2026-05-24 18:33:59,870 INFO gateway.platforms.telegram: [Telegram] Telegram fallback IPs active: 149.154.166.110
2026-05-24 18:34:02,784 INFO gateway.platforms.telegram: [Telegram] set_my_commands OK for scope BotCommandScopeDefault (30 cmds)
2026-05-24 18:34:02,990 INFO gateway.platforms.telegram: [Telegram] set_my_commands OK for scope BotCommandScopeAllPrivateChats (30 cmds)
2026-05-24 18:34:03,189 INFO gateway.platforms.telegram: [Telegram] set_my_commands OK for scope BotCommandScopeAllGroupChats (30 cmds)
2026-05-24 18:34:03,189 INFO gateway.platforms.telegram: [Telegram] Telegram menu: 30 commands registered, 98 hidden (over 30 limit). Use /commands for full list.
2026-05-24 18:34:03,191 INFO gateway.platforms.telegram: [Telegram] Connected to Telegram (polling mode)
2026-05-24 18:34:03,193 INFO gateway.run: ✓ telegram connected
2026-05-24 18:34:03,193 INFO gateway.run: Connecting to discord...
2026-05-24 18:34:03,195 ERROR hermes_plugins.discord_platform.adapter: [Discord] No bot token configured
2026-05-24 18:34:03,195 WARNING gateway.run: ✗ discord failed to connect
2026-05-24 18:34:03,196 INFO hermes_plugins.discord_platform.adapter: [Discord] Disconnected
2026-05-24 18:34:03,197 INFO gateway.run: Gateway running with 1 platform(s)
2026-05-24 18:34:03,199 INFO gateway.run: Channel directory built: 0 target(s)
2026-05-24 18:34:04,200 INFO gateway.run: Starting reconnection watcher for 1 failed platform(s): discord
2026-05-24 18:34:04,200 INFO gateway.run: Press Ctrl+C to stop
2026-05-24 18:34:04,221 INFO gateway.run: Cron ticker started (interval=60s)
2026-05-24 18:34:09,207 INFO gateway.run: kanban dispatcher: embedded in gateway (interval=60.0s)
2026-05-24 18:34:34,227 INFO gateway.run: Reconnecting discord (attempt 2)...
2026-05-24 18:34:34,228 ERROR hermes_plugins.discord_platform.adapter: [Discord] No bot token configured
2026-05-24 18:34:34,231 INFO gateway.run: Reconnect discord failed, next retry in 60s
2026-05-24 18:34:46,584 INFO gateway.platforms.telegram: [Telegram] Flushing text batch agent:main:telegram:dm:8174123879 (7 chars)
2026-05-24 18:34:46,612 INFO gateway.run: inbound message: platform=telegram user=T chat=8174123879 msg='TEsting'
2026-05-24 18:34:48,146 INFO gateway.run: response ready: platform=telegram chat=8174123879 time=1.5s api_calls=1 response=18 chars
2026-05-24 18:34:48,148 INFO gateway.run: Transient agent failure in session 20260524_183446_c70531ec — persisting user message so conversation context is preserved on retry.
2026-05-24 18:34:48,157 INFO gateway.platforms.base: [Telegram] Sending response (120 chars) to 8174123879
2026-05-24 18:35:34,271 INFO gateway.run: Reconnecting discord (attempt 3)...
2026-05-24 18:35:34,272 ERROR hermes_plugins.discord_platform.adapter: [Discord] No bot token configured
2026-05-24 18:35:34,273 INFO gateway.run: Reconnect discord failed, next retry in 120s
2026-05-24 18:37:34,374 INFO gateway.run: Reconnecting discord (attempt 4)...
2026-05-24 18:37:34,375 ERROR hermes_plugins.discord_platform.adapter: [Discord] No bot token configured
2026-05-24 18:37:34,376 INFO gateway.run: Reconnect discord failed, next retry in 240s
2026-05-24 18:38:35,180 INFO gateway.platforms.base: [Telegram] Sending response (3995 chars) to 8174123879
2026-05-24 18:38:56,528 INFO gateway.platforms.base: [Telegram] Sending response (52 chars) to 8174123879
2026-05-24 18:38:59,391 INFO gateway.run: Update finished (exit=0), notified agent:main:telegram:dm:8174123879
2026-05-24 18:38:59,474 INFO gateway.memory_monitor: [MEMORY] rss=190MB gc=(582, 1, 0) threads=6 uptime=300s
2026-05-24 18:39:05,560 INFO gateway.platforms.telegram: [Telegram] Flushing text batch agent:main:telegram:dm:8174123879 (11 chars)
2026-05-24 18:39:05,561 INFO gateway.run: inbound message: platform=telegram user=T chat=8174123879 msg='Testing bot'
2026-05-24 18:39:05,771 INFO gateway.run: response ready: platform=telegram chat=8174123879 time=0.2s api_calls=1 response=18 chars
2026-05-24 18:39:05,772 INFO gateway.run: Transient agent failure in session 20260524_183446_c70531ec — persisting user message so conversation context is preserved on retry.
2026-05-24 18:39:05,775 INFO gateway.platforms.base: [Telegram] Sending response (120 chars) to 8174123879
2026-05-24 18:39:23,800 INFO gateway.platforms.base: [Telegram] Sending response (319 chars) to 8174123879
2026-05-24 18:39:34,130 INFO gateway.platforms.base: [Telegram] Sending response (149 chars) to 8174123879
2026-05-24 18:41:34,580 INFO gateway.run: Reconnecting discord (attempt 5)...
2026-05-24 18:41:34,581 ERROR hermes_plugins.discord_platform.adapter: [Discord] No bot token configured
2026-05-24 18:41:34,583 INFO gateway.run: Reconnect discord failed, next retry in 300s
2026-05-24 18:43:59,474 INFO gateway.memory_monitor: [MEMORY] rss=191MB gc=(399, 6, 1) threads=6 uptime=600s
2026-05-24 18:46:34,836 INFO gateway.run: Reconnecting discord (attempt 6)...
2026-05-24 18:46:34,837 ERROR hermes_plugins.discord_platform.adapter: [Discord] No bot token configured
2026-05-24 18:46:34,839 INFO gateway.run: Reconnect discord failed, next retry in 300s
2026-05-24 18:48:59,475 INFO gateway.memory_monitor: [MEMORY] rss=191MB gc=(103, 8, 1) threads=6 uptime=900s
2026-05-24 18:49:15,638 INFO gateway.platforms.telegram: [Telegram] Flushing text batch agent:main:telegram:dm:8174123879 (13 chars)
2026-05-24 18:49:15,639 INFO gateway.run: inbound message: platform=telegram user=T chat=8174123879 msg='Do this thing'
2026-05-24 18:49:15,829 INFO gateway.run: response ready: platform=telegram chat=8174123879 time=0.2s api_calls=1 response=18 chars
2026-05-24 18:49:15,830 INFO gateway.run: Transient agent failure in session 20260524_183446_c70531ec — persisting user message so conversation context is preserved on retry.
2026-05-24 18:49:15,833 INFO gateway.platforms.base: [Telegram] Sending response (120 chars) to 8174123879
2026-05-24 18:51:35,094 INFO gateway.run: Reconnecting discord (attempt 7)...
2026-05-24 18:51:35,095 ERROR hermes_plugins.discord_platform.adapter: [Discord] No bot token configured
2026-05-24 18:51:35,097 INFO gateway.run: Reconnect discord failed, next retry in 300s
2026-05-24 18:53:59,475 INFO gateway.memory_monitor: [MEMORY] rss=191MB gc=(260, 8, 2) threads=6 uptime=1200s
2026-05-24 18:56:35,349 INFO gateway.run: Reconnecting discord (attempt 8)...
2026-05-24 18:56:35,350 ERROR hermes_plugins.discord_platform.adapter: [Discord] No bot token configured
2026-05-24 18:56:35,352 INFO gateway.run: Reconnect discord failed, next retry in 300s
2026-05-24 18:58:59,476 INFO gateway.memory_monitor: [MEMORY] rss=191MB gc=(106, 10, 2) threads=6 uptime=1500s
2026-05-24 19:01:35,611 INFO gateway.run: Reconnecting discord (attempt 9)...
2026-05-24 19:01:35,611 ERROR hermes_plugins.discord_platform.adapter: [Discord] No bot token configured
2026-05-24 19:01:35,614 INFO gateway.run: Reconnect discord failed, next retry in 300s
2026-05-24 19:03:59,476 INFO gateway.memory_monitor: [MEMORY] rss=191MB gc=(372, 11, 2) threads=6 uptime=1800s
2026-05-24 19:06:35,877 INFO gateway.run: Reconnecting discord (attempt 10)...
2026-05-24 19:06:35,878 ERROR hermes_plugins.discord_platform.adapter: [Discord] No bot token configured
2026-05-24 19:06:35,880 INFO gateway.run: Reconnect discord failed, next retry in 300s
2026-05-24 19:06:35,881 WARNING gateway.run: discord paused after 10 consecutive failures (failed to reconnect) — fix the underlying issue then run `/platform resume discord` to retry, or `hermes gateway restart` to restart the gateway.
2026-05-24 19:08:59,477 INFO gateway.memory_monitor: [MEMORY] rss=191MB gc=(0, 1, 3) threads=6 uptime=2100s
2026-05-24 19:13:59,477 INFO gateway.memory_monitor: [MEMORY] rss=191MB gc=(308, 2, 3) threads=6 uptime=2400s
2026-05-24 19:18:59,478 INFO gateway.memory_monitor: [MEMORY] rss=191MB gc=(108, 4, 3) threads=6 uptime=2700s
2026-05-24 19:23:37,922 INFO gateway.run: Stopping gateway for restart...
2026-05-24 19:23:38,496 INFO gateway.run: Sent shutdown notification to home channel telegram:8174123879
2026-05-24 19:23:38,497 INFO gateway.run: Shutdown phase: notify_active_sessions done at +0.57s
2026-05-24 19:23:38,498 INFO gateway.run: Shutdown phase: drain done at +0.58s (drain took 0.00s, timed_out=False, active_at_start=0, active_now=0)
2026-05-24 19:23:39,002 INFO gateway.platforms.telegram: [Telegram] Disconnected from Telegram
2026-05-24 19:23:39,002 INFO gateway.run: ✓ telegram disconnected (0.50s)
2026-05-24 19:23:39,002 INFO gateway.run: Shutdown phase: all adapters disconnected at +1.08s
2026-05-24 19:23:39,003 INFO gateway.run: Shutdown phase: final-cleanup tool kill done at +1.08s
2026-05-24 19:23:39,004 INFO gateway.run: Shutdown phase: SessionDB close done at +1.08s
2026-05-24 19:23:39,005 INFO gateway.run: Gateway stopped (total teardown 1.08s)
2026-05-24 19:23:39,005 INFO gateway.run: Cron ticker stopped
2026-05-24 19:23:39,005 INFO gateway.memory_monitor: [MEMORY] shutdown rss=191MB gc=(1, 5, 3) threads=5 uptime=2979s
2026-05-24 19:23:39,005 INFO gateway.memory_monitor: [MEMORY] Periodic memory monitoring stopped
2026-05-24 19:23:40,273 INFO gateway.memory_monitor: [MEMORY] baseline rss=95MB gc=(95, 7, 2) threads=1 uptime=0s
2026-05-24 19:23:40,273 INFO gateway.memory_monitor: [MEMORY] Periodic memory monitoring started (interval: 300s)
2026-05-24 19:23:40,378 INFO gateway.run: Starting Hermes Gateway...
2026-05-24 19:23:40,378 INFO gateway.run: Session storage: /root/.hermes/sessions
2026-05-24 19:23:40,391 INFO gateway.run: Agent budget: max_iterations=90 (agent.max_turns from config.yaml, or HERMES_MAX_ITERATIONS from .env, or default 90)
2026-05-24 19:23:40,391 INFO gateway.run: Secret redaction: ENABLED (tool output, logs, and chat responses are scrubbed before delivery)
2026-05-24 19:23:40,394 INFO gateway.run: Previous gateway exited cleanly — skipping session suspension
2026-05-24 19:23:40,473 INFO gateway.run: Connecting to telegram...
2026-05-24 19:23:40,666 INFO gateway.platforms.telegram: [Telegram] Auto-discovered Telegram fallback IPs: 149.154.166.110
2026-05-24 19:23:40,666 INFO gateway.platforms.telegram: [Telegram] Telegram fallback IPs active: 149.154.166.110
2026-05-24 19:23:41,350 INFO gateway.platforms.telegram: [Telegram] set_my_commands OK for scope BotCommandScopeDefault (30 cmds)
2026-05-24 19:23:41,546 INFO gateway.platforms.telegram: [Telegram] set_my_commands OK for scope BotCommandScopeAllPrivateChats (30 cmds)
2026-05-24 19:23:41,742 INFO gateway.platforms.telegram: [Telegram] set_my_commands OK for scope BotCommandScopeAllGroupChats (30 cmds)
2026-05-24 19:23:41,742 INFO gateway.platforms.telegram: [Telegram] Telegram menu: 30 commands registered, 98 hidden (over 30 limit). Use /commands for full list.
2026-05-24 19:23:41,744 INFO gateway.platforms.telegram: [Telegram] Connected to Telegram (polling mode)
2026-05-24 19:23:41,745 INFO gateway.run: ✓ telegram connected
2026-05-24 19:23:41,746 INFO gateway.run: Connecting to discord...
2026-05-24 19:23:41,748 ERROR hermes_plugins.discord_platform.adapter: [Discord] No bot token configured
2026-05-24 19:23:41,748 WARNING gateway.run: ✗ discord failed to connect
2026-05-24 19:23:41,748 INFO hermes_plugins.discord_platform.adapter: [Discord] Disconnected
2026-05-24 19:23:41,750 INFO gateway.run: Gateway running with 1 platform(s)
2026-05-24 19:23:41,752 INFO gateway.run: Channel directory built: 1 target(s)
2026-05-24 19:23:42,753 INFO gateway.run: Starting reconnection watcher for 1 failed platform(s): discord
2026-05-24 19:23:42,753 INFO gateway.run: Press Ctrl+C to stop
2026-05-24 19:23:42,778 INFO gateway.run: Cron ticker started (interval=60s)
2026-05-24 19:23:47,759 INFO gateway.run: kanban dispatcher: embedded in gateway (interval=60.0s)
2026-05-24 19:24:12,777 INFO gateway.run: Reconnecting discord (attempt 2)...
2026-05-24 19:24:12,778 ERROR hermes_plugins.discord_platform.adapter: [Discord] No bot token configured
2026-05-24 19:24:12,779 INFO gateway.run: Reconnect discord failed, next retry in 60s
2026-05-24 19:25:12,827 INFO gateway.run: Reconnecting discord (attempt 3)...
2026-05-24 19:25:12,827 ERROR hermes_plugins.discord_platform.adapter: [Discord] No bot token configured
2026-05-24 19:25:12,829 INFO gateway.run: Reconnect discord failed, next retry in 120s
2026-05-24 19:27:12,926 INFO gateway.run: Reconnecting discord (attempt 4)...
2026-05-24 19:27:12,927 ERROR hermes_plugins.discord_platform.adapter: [Discord] No bot token configured
2026-05-24 19:27:12,929 INFO gateway.run: Reconnect discord failed, next retry in 240s
2026-05-24 19:28:40,273 INFO gateway.memory_monitor: [MEMORY] rss=136MB gc=(513, 5, 5) threads=6 uptime=300s
2026-05-24 19:31:13,148 INFO gateway.run: Reconnecting discord (attempt 5)...
2026-05-24 19:31:13,149 ERROR hermes_plugins.discord_platform.adapter: [Discord] No bot token configured
2026-05-24 19:31:13,151 INFO gateway.run: Reconnect discord failed, next retry in 300s
2026-05-24 19:33:40,274 INFO gateway.memory_monitor: [MEMORY] rss=136MB gc=(296, 7, 5) threads=6 uptime=600s
2026-05-24 19:36:13,405 INFO gateway.run: Reconnecting discord (attempt 6)...
2026-05-24 19:36:13,405 ERROR hermes_plugins.discord_platform.adapter: [Discord] No bot token configured
2026-05-24 19:36:13,407 INFO gateway.run: Reconnect discord failed, next retry in 300s
2026-05-24 19:38:40,274 INFO gateway.memory_monitor: [MEMORY] rss=136MB gc=(572, 8, 5) threads=6 uptime=900s
2026-05-24 19:41:13,659 INFO gateway.run: Reconnecting discord (attempt 7)...
2026-05-24 19:41:13,659 ERROR hermes_plugins.discord_platform.adapter: [Discord] No bot token configured
2026-05-24 19:41:13,662 INFO gateway.run: Reconnect discord failed, next retry in 300s
2026-05-24 19:43:40,275 INFO gateway.memory_monitor: [MEMORY] rss=136MB gc=(465, 10, 5) threads=6 uptime=1200s
2026-05-24 19:46:13,917 INFO gateway.run: Reconnecting discord (attempt 8)...
2026-05-24 19:46:13,918 ERROR hermes_plugins.discord_platform.adapter: [Discord] No bot token configured
2026-05-24 19:46:13,920 INFO gateway.run: Reconnect discord failed, next retry in 300s
2026-05-24 19:48:40,275 INFO gateway.memory_monitor: [MEMORY] rss=137MB gc=(137, 0, 6) threads=6 uptime=1500s
2026-05-24 19:51:14,167 INFO gateway.run: Reconnecting discord (attempt 9)...
2026-05-24 19:51:14,167 ERROR hermes_plugins.discord_platform.adapter: [Discord] No bot token configured
2026-05-24 19:51:14,169 INFO gateway.run: Reconnect discord failed, next retry in 300s
2026-05-24 19:53:40,276 INFO gateway.memory_monitor: [MEMORY] rss=137MB gc=(400, 1, 6) threads=6 uptime=1800s
2026-05-24 19:56:14,419 INFO gateway.run: Reconnecting discord (attempt 10)...
2026-05-24 19:56:14,420 ERROR hermes_plugins.discord_platform.adapter: [Discord] No bot token configured
2026-05-24 19:56:14,422 INFO gateway.run: Reconnect discord failed, next retry in 300s
2026-05-24 19:56:14,423 WARNING gateway.run: discord paused after 10 consecutive failures (failed to reconnect) — fix the underlying issue then run `/platform resume discord` to retry, or `hermes gateway restart` to restart the gateway.
2026-05-24 19:58:40,276 INFO gateway.memory_monitor: [MEMORY] rss=137MB gc=(134, 3, 6) threads=6 uptime=2100s
2026-05-24 20:03:40,277 INFO gateway.memory_monitor: [MEMORY] rss=137MB gc=(545, 4, 6) threads=6 uptime=2400s
2026-05-24 20:08:40,277 INFO gateway.memory_monitor: [MEMORY] rss=137MB gc=(169, 6, 6) threads=6 uptime=2700s
2026-05-24 20:13:40,278 INFO gateway.memory_monitor: [MEMORY] rss=137MB gc=(400, 7, 6) threads=6 uptime=3000s
2026-05-24 20:18:40,278 INFO gateway.memory_monitor: [MEMORY] rss=137MB gc=(637, 8, 6) threads=6 uptime=3300s
2026-05-24 20:23:40,279 INFO gateway.memory_monitor: [MEMORY] rss=137MB gc=(169, 11, 6) threads=6 uptime=3600s
2026-05-24 20:28:40,279 INFO gateway.memory_monitor: [MEMORY] rss=137MB gc=(465, 0, 7) threads=6 uptime=3900s
2026-05-24 20:33:40,280 INFO gateway.memory_monitor: [MEMORY] rss=137MB gc=(104, 2, 7) threads=6 uptime=4200s
2026-05-24 20:38:40,280 INFO gateway.memory_monitor: [MEMORY] rss=137MB gc=(339, 3, 7) threads=6 uptime=4500s
2026-05-24 20:43:40,281 INFO gateway.memory_monitor: [MEMORY] rss=137MB gc=(170, 5, 7) threads=6 uptime=4800s
2026-05-24 20:48:40,281 INFO gateway.memory_monitor: [MEMORY] rss=138MB gc=(402, 6, 7) threads=6 uptime=5100s
2026-05-24 20:53:40,282 INFO gateway.memory_monitor: [MEMORY] rss=138MB gc=(670, 7, 7) threads=6 uptime=5400s
2026-05-24 20:58:40,282 INFO gateway.memory_monitor: [MEMORY] rss=138MB gc=(310, 9, 7) threads=6 uptime=5700s
2026-05-24 21:03:40,283 INFO gateway.memory_monitor: [MEMORY] rss=138MB gc=(138, 11, 7) threads=6 uptime=6000s
2026-05-24 21:08:40,283 INFO gateway.memory_monitor: [MEMORY] rss=138MB gc=(370, 0, 8) threads=6 uptime=6300s
2026-05-24 21:13:40,284 INFO gateway.memory_monitor: [MEMORY] rss=138MB gc=(664, 1, 8) threads=6 uptime=6600s
2026-05-24 21:18:40,284 INFO gateway.memory_monitor: [MEMORY] rss=138MB gc=(311, 3, 8) threads=6 uptime=6900s
2026-05-24 21:23:40,285 INFO gateway.memory_monitor: [MEMORY] rss=138MB gc=(138, 5, 8) threads=6 uptime=7200s
2026-05-24 21:28:40,285 INFO gateway.memory_monitor: [MEMORY] rss=138MB gc=(401, 6, 8) threads=6 uptime=7500s
2026-05-24 21:33:40,286 INFO gateway.memory_monitor: [MEMORY] rss=138MB gc=(666, 7, 8) threads=6 uptime=7800s
2026-05-24 21:38:40,286 INFO gateway.memory_monitor: [MEMORY] rss=138MB gc=(281, 9, 8) threads=6 uptime=8100s
2026-05-24 21:43:40,287 INFO gateway.memory_monitor: [MEMORY] rss=138MB gc=(107, 11, 8) threads=6 uptime=8400s
2026-05-24 21:48:40,287 INFO gateway.memory_monitor: [MEMORY] rss=138MB gc=(339, 0, 9) threads=6 uptime=8700s
2026-05-24 21:53:40,288 INFO gateway.memory_monitor: [MEMORY] rss=138MB gc=(602, 1, 9) threads=6 uptime=9000s
2026-05-24 21:58:40,288 INFO gateway.memory_monitor: [MEMORY] rss=138MB gc=(232, 3, 9) threads=6 uptime=9300s
2026-05-24 22:03:40,289 INFO gateway.memory_monitor: [MEMORY] rss=138MB gc=(0, 5, 9) threads=6 uptime=9600s
2026-05-24 22:08:40,289 INFO gateway.memory_monitor: [MEMORY] rss=138MB gc=(296, 6, 9) threads=6 uptime=9900s
2026-05-24 22:13:40,290 INFO gateway.memory_monitor: [MEMORY] rss=138MB gc=(601, 7, 9) threads=6 uptime=10200s
2026-05-24 22:18:40,290 INFO gateway.memory_monitor: [MEMORY] rss=138MB gc=(232, 9, 9) threads=6 uptime=10500s
2026-05-24 22:23:40,291 INFO gateway.memory_monitor: [MEMORY] rss=138MB gc=(0, 11, 9) threads=6 uptime=10800s
2026-05-24 22:28:40,291 INFO gateway.memory_monitor: [MEMORY] rss=138MB gc=(338, 0, 10) threads=6 uptime=11100s
2026-05-24 22:33:40,292 INFO gateway.memory_monitor: [MEMORY] rss=138MB gc=(545, 1, 10) threads=6 uptime=11400s
2026-05-24 22:38:40,292 INFO gateway.memory_monitor: [MEMORY] rss=138MB gc=(173, 3, 10) threads=6 uptime=11700s
2026-05-24 22:43:40,293 INFO gateway.memory_monitor: [MEMORY] rss=138MB gc=(635, 4, 10) threads=6 uptime=12000s
2026-05-24 22:48:40,293 INFO gateway.memory_monitor: [MEMORY] rss=138MB gc=(295, 6, 10) threads=6 uptime=12300s
2026-05-24 22:53:40,294 INFO gateway.memory_monitor: [MEMORY] rss=138MB gc=(513, 7, 10) threads=6 uptime=12600s
2026-05-24 22:58:40,294 INFO gateway.memory_monitor: [MEMORY] rss=138MB gc=(140, 9, 10) threads=6 uptime=12900s
2026-05-24 23:03:40,295 INFO gateway.memory_monitor: [MEMORY] rss=138MB gc=(573, 10, 10) threads=6 uptime=13200s
2026-05-24 23:08:40,295 INFO gateway.memory_monitor: [MEMORY] rss=138MB gc=(197, 0, 11) threads=6 uptime=13500s
2026-05-24 23:13:40,296 INFO gateway.memory_monitor: [MEMORY] rss=138MB gc=(480, 1, 11) threads=6 uptime=13800s
2026-05-24 23:18:40,296 INFO gateway.memory_monitor: [MEMORY] rss=138MB gc=(139, 3, 11) threads=6 uptime=14100s
2026-05-24 23:23:40,297 INFO gateway.memory_monitor: [MEMORY] rss=138MB gc=(573, 4, 11) threads=6 uptime=14400s
2026-05-24 23:28:40,297 INFO gateway.memory_monitor: [MEMORY] rss=138MB gc=(338, 6, 11) threads=6 uptime=14700s
2026-05-24 23:33:40,297 INFO gateway.memory_monitor: [MEMORY] rss=138MB gc=(546, 7, 11) threads=6 uptime=15000s
2026-05-24 23:38:40,298 INFO gateway.memory_monitor: [MEMORY] rss=138MB gc=(171, 9, 11) threads=6 uptime=15300s
2026-05-24 23:42:06,210 INFO gateway.run: Stopping gateway for restart...
2026-05-24 23:42:07,052 INFO gateway.run: Sent shutdown notification to home channel telegram:8174123879
2026-05-24 23:42:07,052 INFO gateway.run: Shutdown phase: notify_active_sessions done at +0.84s
2026-05-24 23:42:07,053 INFO gateway.run: Shutdown phase: drain done at +0.84s (drain took 0.00s, timed_out=False, active_at_start=0, active_now=0)
2026-05-24 23:42:10,311 INFO gateway.platforms.telegram: [Telegram] Disconnected from Telegram
2026-05-24 23:42:10,312 INFO gateway.run: ✓ telegram disconnected (3.26s)
2026-05-24 23:42:10,312 INFO gateway.run: Shutdown phase: all adapters disconnected at +4.10s
2026-05-24 23:42:10,355 INFO gateway.run: Shutdown phase: final-cleanup tool kill done at +4.14s
2026-05-24 23:42:10,357 INFO gateway.run: Shutdown phase: SessionDB close done at +4.15s
2026-05-24 23:42:10,358 INFO gateway.run: Gateway stopped (total teardown 4.15s)
2026-05-24 23:42:10,358 INFO gateway.run: Cron ticker stopped
2026-05-24 23:42:10,358 INFO gateway.memory_monitor: [MEMORY] shutdown rss=139MB gc=(213, 10, 12) threads=5 uptime=15510s
2026-05-24 23:42:10,359 INFO gateway.memory_monitor: [MEMORY] Periodic memory monitoring stopped
2026-05-24 23:42:11,601 INFO gateway.memory_monitor: [MEMORY] baseline rss=96MB gc=(95, 7, 2) threads=1 uptime=0s
2026-05-24 23:42:11,601 INFO gateway.memory_monitor: [MEMORY] Periodic memory monitoring started (interval: 300s)
2026-05-24 23:42:11,709 INFO gateway.run: Starting Hermes Gateway...
2026-05-24 23:42:11,709 INFO gateway.run: Session storage: /root/.hermes/sessions
2026-05-24 23:42:11,722 INFO gateway.run: Agent budget: max_iterations=90 (agent.max_turns from config.yaml, or HERMES_MAX_ITERATIONS from .env, or default 90)
2026-05-24 23:42:11,722 INFO gateway.run: Secret redaction: ENABLED (tool output, logs, and chat responses are scrubbed before delivery)
2026-05-24 23:42:11,725 INFO gateway.run: Previous gateway exited cleanly — skipping session suspension
2026-05-24 23:42:11,811 INFO gateway.run: Connecting to telegram...
2026-05-24 23:42:12,134 INFO gateway.platforms.telegram: [Telegram] Auto-discovered Telegram fallback IPs: 149.154.166.110
2026-05-24 23:42:12,134 INFO gateway.platforms.telegram: [Telegram] Telegram fallback IPs active: 149.154.166.110
2026-05-24 23:42:12,811 INFO gateway.platforms.telegram: [Telegram] set_my_commands OK for scope BotCommandScopeDefault (30 cmds)
2026-05-24 23:42:13,029 INFO gateway.platforms.telegram: [Telegram] set_my_commands OK for scope BotCommandScopeAllPrivateChats (30 cmds)
2026-05-24 23:42:13,226 INFO gateway.platforms.telegram: [Telegram] set_my_commands OK for scope BotCommandScopeAllGroupChats (30 cmds)
2026-05-24 23:42:13,226 INFO gateway.platforms.telegram: [Telegram] Telegram menu: 30 commands registered, 98 hidden (over 30 limit). Use /commands for full list.
2026-05-24 23:42:13,228 INFO gateway.platforms.telegram: [Telegram] Connected to Telegram (polling mode)
2026-05-24 23:42:13,229 INFO gateway.run: ✓ telegram connected
2026-05-24 23:42:13,230 INFO gateway.run: Connecting to discord...
2026-05-24 23:42:13,233 ERROR hermes_plugins.discord_platform.adapter: [Discord] No bot token configured
2026-05-24 23:42:13,233 WARNING gateway.run: ✗ discord failed to connect
2026-05-24 23:42:13,233 INFO hermes_plugins.discord_platform.adapter: [Discord] Disconnected
2026-05-24 23:42:13,235 INFO gateway.run: Gateway running with 1 platform(s)
2026-05-24 23:42:13,238 INFO gateway.run: Channel directory built: 1 target(s)
2026-05-24 23:42:14,240 INFO gateway.run: Starting reconnection watcher for 1 failed platform(s): discord
2026-05-24 23:42:14,240 INFO gateway.run: Press Ctrl+C to stop
2026-05-24 23:42:14,264 INFO gateway.run: Cron ticker started (interval=60s)
2026-05-24 23:42:19,246 INFO gateway.run: kanban dispatcher: embedded in gateway (interval=60.0s)
2026-05-24 23:42:32,630 INFO gateway.platforms.telegram: [Telegram] Flushing text batch agent:main:telegram:dm:8174123879 (14 chars)
2026-05-24 23:42:32,657 INFO gateway.run: inbound message: platform=telegram user=T chat=8174123879 msg='Lets do a test'
2026-05-24 23:42:36,551 INFO gateway.run: response ready: platform=telegram chat=8174123879 time=3.9s api_calls=1 response=45 chars
2026-05-24 23:42:36,559 INFO gateway.platforms.base: [Telegram] Sending response (45 chars) to 8174123879
2026-05-24 23:42:44,366 INFO gateway.run: Reconnecting discord (attempt 2)...
2026-05-24 23:42:44,367 ERROR hermes_plugins.discord_platform.adapter: [Discord] No bot token configured
2026-05-24 23:42:44,369 INFO gateway.run: Reconnect discord failed, next retry in 60s
2026-05-24 23:43:44,413 INFO gateway.run: Reconnecting discord (attempt 3)...
2026-05-24 23:43:44,414 ERROR hermes_plugins.discord_platform.adapter: [Discord] No bot token configured
2026-05-24 23:43:44,415 INFO gateway.run: Reconnect discord failed, next retry in 120s
2026-05-24 23:45:44,497 INFO gateway.run: Reconnecting discord (attempt 4)...
2026-05-24 23:45:44,498 ERROR hermes_plugins.discord_platform.adapter: [Discord] No bot token configured
2026-05-24 23:45:44,499 INFO gateway.run: Reconnect discord failed, next retry in 240s
2026-05-24 23:46:31,642 INFO gateway.platforms.telegram: [Telegram] Flushing text batch agent:main:telegram:dm:8174123879 (22 chars)
2026-05-24 23:46:31,643 INFO gateway.run: inbound message: platform=telegram user=T chat=8174123879 msg='Tell me about yourself'
2026-05-24 23:46:36,485 INFO gateway.run: response ready: platform=telegram chat=8174123879 time=4.8s api_calls=1 response=812 chars
2026-05-24 23:46:36,490 INFO gateway.platforms.base: [Telegram] Sending response (812 chars) to 8174123879
2026-05-24 23:47:11,601 INFO gateway.memory_monitor: [MEMORY] rss=188MB gc=(145, 11, 7) threads=6 uptime=300s
2026-05-24 23:49:44,722 INFO gateway.run: Reconnecting discord (attempt 5)...
2026-05-24 23:49:44,722 ERROR hermes_plugins.discord_platform.adapter: [Discord] No bot token configured
2026-05-24 23:49:44,724 INFO gateway.run: Reconnect discord failed, next retry in 300s
2026-05-24 23:52:11,602 INFO gateway.memory_monitor: [MEMORY] rss=188MB gc=(574, 0, 8) threads=6 uptime=600s
2026-05-24 23:54:44,995 INFO gateway.run: Reconnecting discord (attempt 6)...
2026-05-24 23:54:44,996 ERROR hermes_plugins.discord_platform.adapter: [Discord] No bot token configured
2026-05-24 23:54:44,998 INFO gateway.run: Reconnect discord failed, next retry in 300s
2026-05-24 23:57:11,602 INFO gateway.memory_monitor: [MEMORY] rss=188MB gc=(230, 2, 8) threads=6 uptime=900s
2026-05-24 23:59:45,249 INFO gateway.run: Reconnecting discord (attempt 7)...
2026-05-24 23:59:45,250 ERROR hermes_plugins.discord_platform.adapter: [Discord] No bot token configured
2026-05-24 23:59:45,252 INFO gateway.run: Reconnect discord failed, next retry in 300s
2026-05-25 00:02:11,603 INFO gateway.memory_monitor: [MEMORY] rss=189MB gc=(494, 3, 8) threads=6 uptime=1200s
2026-05-25 00:04:45,503 INFO gateway.run: Reconnecting discord (attempt 8)...
2026-05-25 00:04:45,504 ERROR hermes_plugins.discord_platform.adapter: [Discord] No bot token configured
2026-05-25 00:04:45,506 INFO gateway.run: Reconnect discord failed, next retry in 300s
2026-05-25 00:07:11,603 INFO gateway.memory_monitor: [MEMORY] rss=189MB gc=(367, 5, 8) threads=6 uptime=1500s
2026-05-25 00:09:45,760 INFO gateway.run: Reconnecting discord (attempt 9)...
2026-05-25 00:09:45,762 ERROR hermes_plugins.discord_platform.adapter: [Discord] No bot token configured
2026-05-25 00:09:45,764 INFO gateway.run: Reconnect discord failed, next retry in 300s
2026-05-25 00:12:11,604 INFO gateway.memory_monitor: [MEMORY] rss=189MB gc=(575, 6, 8) threads=6 uptime=1800s
2026-05-25 00:14:46,024 INFO gateway.run: Reconnecting discord (attempt 10)...
2026-05-25 00:14:46,024 ERROR hermes_plugins.discord_platform.adapter: [Discord] No bot token configured
2026-05-25 00:14:46,026 INFO gateway.run: Reconnect discord failed, next retry in 300s
2026-05-25 00:14:46,027 WARNING gateway.run: discord paused after 10 consecutive failures (failed to reconnect) — fix the underlying issue then run `/platform resume discord` to retry, or `hermes gateway restart` to restart the gateway.
2026-05-25 00:15:13,335 INFO gateway.platforms.telegram: [Telegram] Flushing text batch agent:main:telegram:dm:8174123879 (173 chars)
2026-05-25 00:15:13,336 INFO gateway.run: inbound message: platform=telegram user=T chat=8174123879 msg='So, I had this idea and was wondering if you could answer something for me. I ha'
2026-05-25 00:15:23,986 INFO gateway.run: response ready: platform=telegram chat=8174123879 time=10.7s api_calls=2 response=1202 chars
2026-05-25 00:15:23,991 INFO gateway.platforms.base: [Telegram] Sending response (1202 chars) to 8174123879
2026-05-25 00:16:50,600 INFO gateway.platforms.telegram: [Telegram] Flushing text batch agent:main:telegram:dm:8174123879 (97 chars)
2026-05-25 00:16:50,601 INFO gateway.run: inbound message: platform=telegram user=T chat=8174123879 msg='Take a look inside "~/Workspace/axiomancer-both/axiomancer-mobile" and list ever'
2026-05-25 00:17:11,604 INFO gateway.memory_monitor: [MEMORY] rss=200MB gc=(4, 8, 12) threads=9 uptime=2100s
2026-05-25 00:17:19,377 INFO gateway.run: response ready: platform=telegram chat=8174123879 time=28.8s api_calls=6 response=663 chars
2026-05-25 00:17:19,381 INFO gateway.platforms.base: [Telegram] Sending response (663 chars) to 8174123879
2026-05-25 00:18:25,378 INFO gateway.platforms.telegram: [Telegram] Flushing text batch agent:main:telegram:dm:8174123879 (83 chars)
2026-05-25 00:18:25,379 INFO gateway.run: inbound message: platform=telegram user=T chat=8174123879 msg="Okay, scratch that idea. We'll come back to it later once I move some things aro"
2026-05-25 00:18:27,252 INFO gateway.run: response ready: platform=telegram chat=8174123879 time=1.9s api_calls=1 response=73 chars
2026-05-25 00:18:27,257 INFO gateway.platforms.base: [Telegram] Sending response (73 chars) to 8174123879
2026-05-25 00:22:11,605 INFO gateway.memory_monitor: [MEMORY] rss=201MB gc=(230, 2, 14) threads=7 uptime=2400s
2026-05-25 00:24:08,169 INFO gateway.platforms.telegram: [Telegram] Flushing text batch agent:main:telegram:dm:8174123879 (976 chars)
2026-05-25 00:24:08,169 INFO gateway.run: inbound message: platform=telegram user=T chat=8174123879 msg="Okay, so here's a little about me:  - I was originally a frontend dev working wi"
2026-05-25 00:24:32,800 INFO gateway.run: response ready: platform=telegram chat=8174123879 time=24.6s api_calls=4 response=1703 chars
2026-05-25 00:24:32,830 INFO gateway.platforms.base: [Telegram] Sending response (1703 chars) to 8174123879
2026-05-25 00:27:11,605 INFO gateway.memory_monitor: [MEMORY] rss=209MB gc=(684, 9, 3) threads=8 uptime=2700s
2026-05-25 00:32:11,606 INFO gateway.memory_monitor: [MEMORY] rss=209MB gc=(338, 11, 3) threads=8 uptime=3000s
2026-05-25 00:33:13,798 INFO gateway.platforms.telegram: [Telegram] Flushing text batch agent:main:telegram:dm:8174123879 (1407 chars)
2026-05-25 00:33:13,799 INFO gateway.run: inbound message: platform=telegram user=T chat=8174123879 msg="1) Workspace is the the central hub for all the repositories that we'll be build"
2026-05-25 00:34:01,193 INFO gateway.run: response ready: platform=telegram chat=8174123879 time=47.4s api_calls=6 response=3303 chars
2026-05-25 00:34:01,197 INFO gateway.platforms.base: [Telegram] Sending response (3303 chars) to 8174123879
2026-05-25 00:37:11,606 INFO gateway.memory_monitor: [MEMORY] rss=212MB gc=(578, 3, 6) threads=8 uptime=3300s
2026-05-25 00:42:11,607 INFO gateway.memory_monitor: [MEMORY] rss=212MB gc=(589, 5, 6) threads=8 uptime=3600s
2026-05-25 00:47:11,607 INFO gateway.memory_monitor: [MEMORY] rss=212MB gc=(341, 7, 6) threads=8 uptime=3900s
2026-05-25 00:52:11,608 INFO gateway.memory_monitor: [MEMORY] rss=212MB gc=(634, 8, 6) threads=8 uptime=4200s
2026-05-25 00:57:11,608 INFO gateway.memory_monitor: [MEMORY] rss=212MB gc=(294, 10, 6) threads=8 uptime=4500s
2026-05-25 01:02:11,609 INFO gateway.memory_monitor: [MEMORY] rss=212MB gc=(108, 0, 7) threads=8 uptime=4800s
2026-05-25 01:07:11,609 INFO gateway.memory_monitor: [MEMORY] rss=212MB gc=(340, 1, 7) threads=8 uptime=5100s
2026-05-25 01:10:54,111 WARNING gateway.platforms.telegram: [Telegram] Telegram network error, scheduling reconnect: Bad Gateway
2026-05-25 01:10:54,111 WARNING gateway.platforms.telegram: [Telegram] Telegram network error (attempt 1/10), reconnecting in 5s. Error: Bad Gateway
2026-05-25 01:11:40,239 INFO gateway.platforms.telegram: [Telegram] Telegram polling resumed after network error (attempt 1)
2026-05-25 01:12:11,609 INFO gateway.memory_monitor: [MEMORY] rss=213MB gc=(256, 3, 7) threads=8 uptime=5400s
2026-05-25 01:17:11,610 INFO gateway.memory_monitor: [MEMORY] rss=214MB gc=(517, 4, 7) threads=8 uptime=5700s
2026-05-25 01:22:11,610 INFO gateway.memory_monitor: [MEMORY] rss=214MB gc=(340, 6, 7) threads=8 uptime=6000s
2026-05-25 01:27:11,611 INFO gateway.memory_monitor: [MEMORY] rss=214MB gc=(573, 7, 7) threads=8 uptime=6300s
2026-05-25 01:32:11,611 INFO gateway.memory_monitor: [MEMORY] rss=214MB gc=(196, 9, 7) threads=8 uptime=6600s
2026-05-25 01:37:11,612 INFO gateway.memory_monitor: [MEMORY] rss=214MB gc=(437, 10, 7) threads=8 uptime=6900s
2026-05-25 01:38:20,372 INFO gateway.run: Agent cache idle-TTL evict: session=agent:main:telegram:dm:8174123879 (idle=3859s)
2026-05-25 01:38:20,373 INFO gateway.run: Agent cache idle sweep: evicted 1 agent(s)
2026-05-25 01:42:11,612 INFO gateway.memory_monitor: [MEMORY] rss=214MB gc=(298, 0, 8) threads=8 uptime=7200s
2026-05-25 01:47:11,613 INFO gateway.memory_monitor: [MEMORY] rss=214MB gc=(541, 1, 8) threads=8 uptime=7500s
2026-05-25 01:52:11,613 INFO gateway.memory_monitor: [MEMORY] rss=214MB gc=(137, 3, 8) threads=8 uptime=7800s
2026-05-25 01:57:11,614 INFO gateway.memory_monitor: [MEMORY] rss=214MB gc=(374, 4, 8) threads=8 uptime=8100s
2026-05-25 02:02:11,614 INFO gateway.memory_monitor: [MEMORY] rss=214MB gc=(199, 6, 8) threads=8 uptime=8400s
2026-05-25 02:07:11,615 INFO gateway.memory_monitor: [MEMORY] rss=214MB gc=(462, 7, 8) threads=8 uptime=8700s
2026-05-25 02:12:11,615 INFO gateway.memory_monitor: [MEMORY] rss=214MB gc=(105, 9, 8) threads=8 uptime=9000s
2026-05-25 02:17:11,616 INFO gateway.memory_monitor: [MEMORY] rss=214MB gc=(342, 10, 8) threads=8 uptime=9300s
2026-05-25 02:22:11,616 INFO gateway.memory_monitor: [MEMORY] rss=214MB gc=(167, 0, 9) threads=8 uptime=9600s
2026-05-25 02:27:11,617 INFO gateway.memory_monitor: [MEMORY] rss=214MB gc=(398, 1, 9) threads=8 uptime=9900s
2026-05-25 02:32:11,617 INFO gateway.memory_monitor: [MEMORY] rss=214MB gc=(639, 2, 9) threads=8 uptime=10200s
2026-05-25 02:37:11,618 INFO gateway.memory_monitor: [MEMORY] rss=214MB gc=(310, 4, 9) threads=8 uptime=10500s
2026-05-25 02:42:11,618 INFO gateway.memory_monitor: [MEMORY] rss=214MB gc=(135, 6, 9) threads=8 uptime=10800s
2026-05-25 02:47:11,618 INFO gateway.memory_monitor: [MEMORY] rss=214MB gc=(367, 7, 9) threads=8 uptime=11100s
2026-05-25 02:52:11,619 INFO gateway.memory_monitor: [MEMORY] rss=214MB gc=(577, 8, 9) threads=8 uptime=11400s
2026-05-25 02:57:11,619 INFO gateway.memory_monitor: [MEMORY] rss=214MB gc=(231, 10, 9) threads=8 uptime=11700s
2026-05-25 03:02:11,620 INFO gateway.memory_monitor: [MEMORY] rss=214MB gc=(682, 11, 9) threads=8 uptime=12000s
2026-05-25 03:07:11,620 INFO gateway.memory_monitor: [MEMORY] rss=214MB gc=(267, 1, 10) threads=8 uptime=12300s
2026-05-25 03:12:11,621 INFO gateway.memory_monitor: [MEMORY] rss=214MB gc=(549, 2, 10) threads=8 uptime=12600s
2026-05-25 03:17:11,621 INFO gateway.memory_monitor: [MEMORY] rss=214MB gc=(168, 4, 10) threads=8 uptime=12900s
2026-05-25 03:22:11,622 INFO gateway.memory_monitor: [MEMORY] rss=214MB gc=(633, 5, 10) threads=8 uptime=13200s
2026-05-25 03:27:11,622 INFO gateway.memory_monitor: [MEMORY] rss=214MB gc=(201, 7, 10) threads=8 uptime=13500s
2026-05-25 03:32:11,622 INFO gateway.memory_monitor: [MEMORY] rss=214MB gc=(434, 8, 10) threads=8 uptime=13800s
2026-05-25 03:37:11,623 INFO gateway.memory_monitor: [MEMORY] rss=214MB gc=(295, 10, 10) threads=8 uptime=14100s
2026-05-25 03:42:11,623 INFO gateway.memory_monitor: [MEMORY] rss=214MB gc=(540, 11, 10) threads=8 uptime=14400s
2026-05-25 03:47:11,624 INFO gateway.memory_monitor: [MEMORY] rss=214MB gc=(138, 1, 11) threads=8 uptime=14700s
2026-05-25 03:52:11,624 INFO gateway.memory_monitor: [MEMORY] rss=214MB gc=(401, 2, 11) threads=8 uptime=15000s
2026-05-25 03:57:11,625 INFO gateway.memory_monitor: [MEMORY] rss=214MB gc=(197, 4, 11) threads=8 uptime=15300s
2026-05-25 04:02:11,625 INFO gateway.memory_monitor: [MEMORY] rss=214MB gc=(480, 5, 11) threads=8 uptime=15600s
2026-05-25 04:03:27,790 INFO gateway.run: Session expiry: 1 sessions to finalize (telegram:1)
2026-05-25 04:03:27,791 INFO gateway.run: Session expiry done: 1 finalized
2026-05-25 04:07:11,626 INFO gateway.memory_monitor: [MEMORY] rss=214MB gc=(139, 7, 11) threads=8 uptime=15900s
2026-05-25 04:12:11,626 INFO gateway.memory_monitor: [MEMORY] rss=214MB gc=(373, 8, 11) threads=8 uptime=16200s
2026-05-25 04:17:11,627 INFO gateway.memory_monitor: [MEMORY] rss=214MB gc=(197, 10, 11) threads=8 uptime=16500s
2026-05-25 04:22:11,627 INFO gateway.memory_monitor: [MEMORY] rss=214MB gc=(483, 11, 11) threads=8 uptime=16800s
2026-05-25 04:27:11,628 INFO gateway.memory_monitor: [MEMORY] rss=214MB gc=(107, 1, 12) threads=8 uptime=17100s
2026-05-25 04:32:11,628 INFO gateway.memory_monitor: [MEMORY] rss=214MB gc=(370, 2, 12) threads=8 uptime=17400s
2026-05-25 04:37:11,629 INFO gateway.memory_monitor: [MEMORY] rss=214MB gc=(197, 4, 12) threads=8 uptime=17700s
2026-05-25 04:42:11,629 INFO gateway.memory_monitor: [MEMORY] rss=214MB gc=(404, 5, 12) threads=8 uptime=18000s
2026-05-25 04:47:11,629 INFO gateway.memory_monitor: [MEMORY] rss=214MB gc=(0, 7, 12) threads=8 uptime=18300s
2026-05-25 04:52:11,630 INFO gateway.memory_monitor: [MEMORY] rss=214MB gc=(339, 8, 12) threads=8 uptime=18600s
2026-05-25 04:57:11,630 INFO gateway.memory_monitor: [MEMORY] rss=214MB gc=(198, 10, 12) threads=8 uptime=18900s
2026-05-25 05:02:11,631 INFO gateway.memory_monitor: [MEMORY] rss=214MB gc=(404, 11, 12) threads=8 uptime=19200s
2026-05-25 05:07:11,631 INFO gateway.memory_monitor: [MEMORY] rss=214MB gc=(656, 0, 13) threads=8 uptime=19500s
2026-05-25 05:12:11,632 INFO gateway.memory_monitor: [MEMORY] rss=214MB gc=(310, 2, 13) threads=8 uptime=19800s
2026-05-25 05:17:11,632 INFO gateway.memory_monitor: [MEMORY] rss=214MB gc=(198, 4, 13) threads=8 uptime=20100s
2026-05-25 05:22:11,633 INFO gateway.memory_monitor: [MEMORY] rss=214MB gc=(403, 5, 13) threads=8 uptime=20400s
2026-05-25 05:27:11,633 INFO gateway.memory_monitor: [MEMORY] rss=214MB gc=(655, 6, 13) threads=8 uptime=20700s
2026-05-25 05:32:11,633 INFO gateway.memory_monitor: [MEMORY] rss=214MB gc=(309, 8, 13) threads=8 uptime=21000s
2026-05-25 05:37:11,634 INFO gateway.memory_monitor: [MEMORY] rss=214MB gc=(135, 10, 13) threads=8 uptime=21300s
2026-05-25 05:42:11,634 INFO gateway.memory_monitor: [MEMORY] rss=214MB gc=(340, 11, 13) threads=8 uptime=21600s
2026-05-25 05:47:11,635 INFO gateway.memory_monitor: [MEMORY] rss=214MB gc=(606, 0, 14) threads=8 uptime=21900s
2026-05-25 05:52:11,635 INFO gateway.memory_monitor: [MEMORY] rss=214MB gc=(261, 2, 14) threads=8 uptime=22200s
2026-05-25 05:57:11,636 INFO gateway.memory_monitor: [MEMORY] rss=214MB gc=(103, 4, 14) threads=8 uptime=22500s
2026-05-25 06:02:11,636 INFO gateway.memory_monitor: [MEMORY] rss=214MB gc=(310, 5, 14) threads=8 uptime=22800s
2026-05-25 06:07:11,637 INFO gateway.memory_monitor: [MEMORY] rss=214MB gc=(573, 6, 14) threads=8 uptime=23100s
2026-05-25 06:12:11,637 INFO gateway.memory_monitor: [MEMORY] rss=214MB gc=(226, 8, 14) threads=8 uptime=23400s
2026-05-25 06:17:11,638 INFO gateway.memory_monitor: [MEMORY] rss=214MB gc=(103, 10, 14) threads=8 uptime=23700s
2026-05-25 06:22:11,638 INFO gateway.memory_monitor: [MEMORY] rss=214MB gc=(309, 11, 14) threads=8 uptime=24000s
2026-05-25 06:27:11,639 INFO gateway.memory_monitor: [MEMORY] rss=214MB gc=(573, 0, 15) threads=8 uptime=24300s
2026-05-25 06:32:11,639 INFO gateway.memory_monitor: [MEMORY] rss=214MB gc=(224, 2, 15) threads=8 uptime=24600s
2026-05-25 06:37:11,639 INFO gateway.memory_monitor: [MEMORY] rss=214MB gc=(652, 3, 15) threads=8 uptime=24900s
2026-05-25 06:42:11,640 INFO gateway.memory_monitor: [MEMORY] rss=214MB gc=(267, 5, 15) threads=8 uptime=25200s
2026-05-25 06:47:11,640 INFO gateway.memory_monitor: [MEMORY] rss=214MB gc=(542, 6, 15) threads=8 uptime=25500s
2026-05-25 06:52:11,641 INFO gateway.memory_monitor: [MEMORY] rss=214MB gc=(199, 8, 15) threads=8 uptime=25800s
2026-05-25 06:57:11,642 INFO gateway.memory_monitor: [MEMORY] rss=214MB gc=(622, 9, 15) threads=8 uptime=26100s
2026-05-25 07:02:11,642 INFO gateway.memory_monitor: [MEMORY] rss=214MB gc=(266, 11, 15) threads=8 uptime=26400s
2026-05-25 07:07:11,643 INFO gateway.memory_monitor: [MEMORY] rss=214MB gc=(512, 0, 16) threads=8 uptime=26700s
2026-05-25 07:12:11,643 INFO gateway.memory_monitor: [MEMORY] rss=214MB gc=(136, 2, 16) threads=8 uptime=27000s
2026-05-25 07:17:11,644 INFO gateway.memory_monitor: [MEMORY] rss=214MB gc=(575, 3, 16) threads=8 uptime=27300s
2026-05-25 07:22:11,644 INFO gateway.memory_monitor: [MEMORY] rss=214MB gc=(266, 5, 16) threads=8 uptime=27600s
2026-05-25 07:27:11,645 INFO gateway.memory_monitor: [MEMORY] rss=214MB gc=(514, 6, 16) threads=8 uptime=27900s
2026-05-25 07:32:11,645 INFO gateway.memory_monitor: [MEMORY] rss=214MB gc=(136, 8, 16) threads=8 uptime=28200s
2026-05-25 07:37:11,646 INFO gateway.memory_monitor: [MEMORY] rss=214MB gc=(576, 9, 16) threads=8 uptime=28500s
2026-05-25 07:42:11,646 INFO gateway.memory_monitor: [MEMORY] rss=214MB gc=(217, 11, 16) threads=8 uptime=28800s
2026-05-25 07:47:11,647 INFO gateway.memory_monitor: [MEMORY] rss=214MB gc=(480, 0, 17) threads=8 uptime=29100s
2026-05-25 07:52:11,647 INFO gateway.memory_monitor: [MEMORY] rss=214MB gc=(104, 2, 17) threads=8 uptime=29400s
2026-05-25 07:57:11,647 INFO gateway.memory_monitor: [MEMORY] rss=214MB gc=(576, 3, 17) threads=8 uptime=29700s
2026-05-25 08:02:11,648 INFO gateway.memory_monitor: [MEMORY] rss=214MB gc=(217, 5, 17) threads=8 uptime=30000s
2026-05-25 08:07:11,648 INFO gateway.memory_monitor: [MEMORY] rss=214MB gc=(452, 6, 17) threads=8 uptime=30300s
2026-05-25 08:12:11,649 INFO gateway.memory_monitor: [MEMORY] rss=214MB gc=(95, 8, 17) threads=8 uptime=30600s
2026-05-25 08:17:11,649 INFO gateway.memory_monitor: [MEMORY] rss=214MB gc=(577, 9, 17) threads=8 uptime=30900s
2026-05-25 08:22:11,650 INFO gateway.memory_monitor: [MEMORY] rss=214MB gc=(217, 11, 17) threads=8 uptime=31200s
2026-05-25 08:27:11,650 INFO gateway.memory_monitor: [MEMORY] rss=214MB gc=(451, 0, 18) threads=8 uptime=31500s
2026-05-25 08:32:11,651 INFO gateway.memory_monitor: [MEMORY] rss=214MB gc=(295, 2, 18) threads=8 uptime=31800s
2026-05-25 08:37:11,651 INFO gateway.memory_monitor: [MEMORY] rss=214MB gc=(512, 3, 18) threads=8 uptime=32100s
2026-05-25 08:42:11,652 INFO gateway.memory_monitor: [MEMORY] rss=214MB gc=(137, 5, 18) threads=8 uptime=32400s
2026-05-25 08:47:11,652 INFO gateway.memory_monitor: [MEMORY] rss=214MB gc=(402, 6, 18) threads=8 uptime=32700s
2026-05-25 08:52:11,653 INFO gateway.memory_monitor: [MEMORY] rss=214MB gc=(218, 8, 18) threads=8 uptime=33000s
2026-05-25 08:57:11,653 INFO gateway.memory_monitor: [MEMORY] rss=214MB gc=(482, 9, 18) threads=8 uptime=33300s
2026-05-25 09:02:11,653 INFO gateway.memory_monitor: [MEMORY] rss=214MB gc=(136, 11, 18) threads=8 uptime=33600s
2026-05-25 09:07:11,654 INFO gateway.memory_monitor: [MEMORY] rss=214MB gc=(401, 0, 19) threads=8 uptime=33900s
2026-05-25 09:12:11,654 INFO gateway.memory_monitor: [MEMORY] rss=214MB gc=(217, 2, 19) threads=8 uptime=34200s
2026-05-25 09:17:11,655 INFO gateway.memory_monitor: [MEMORY] rss=214MB gc=(511, 3, 19) threads=8 uptime=34500s
2026-05-25 09:22:11,655 INFO gateway.memory_monitor: [MEMORY] rss=214MB gc=(135, 5, 19) threads=8 uptime=34800s
2026-05-25 09:27:11,656 INFO gateway.memory_monitor: [MEMORY] rss=214MB gc=(376, 6, 19) threads=8 uptime=35100s
2026-05-25 09:32:11,656 INFO gateway.memory_monitor: [MEMORY] rss=214MB gc=(218, 8, 19) threads=8 uptime=35400s
2026-05-25 09:37:11,657 INFO gateway.memory_monitor: [MEMORY] rss=214MB gc=(449, 9, 19) threads=8 uptime=35700s
2026-05-25 09:42:11,657 INFO gateway.memory_monitor: [MEMORY] rss=214MB gc=(135, 11, 19) threads=8 uptime=36000s
2026-05-25 09:47:11,657 INFO gateway.memory_monitor: [MEMORY] rss=214MB gc=(376, 0, 20) threads=8 uptime=36300s
2026-05-25 09:52:11,658 INFO gateway.memory_monitor: [MEMORY] rss=214MB gc=(217, 2, 20) threads=8 uptime=36600s
2026-05-25 09:57:11,658 INFO gateway.memory_monitor: [MEMORY] rss=214MB gc=(448, 3, 20) threads=8 uptime=36900s
2026-05-25 10:02:11,659 INFO gateway.memory_monitor: [MEMORY] rss=214MB gc=(135, 5, 20) threads=8 uptime=37200s
2026-05-25 10:07:11,659 INFO gateway.memory_monitor: [MEMORY] rss=214MB gc=(372, 6, 20) threads=8 uptime=37500s
2026-05-25 10:12:11,660 INFO gateway.memory_monitor: [MEMORY] rss=214MB gc=(218, 8, 20) threads=8 uptime=37800s
2026-05-25 10:17:11,660 INFO gateway.memory_monitor: [MEMORY] rss=214MB gc=(511, 9, 20) threads=8 uptime=38100s
2026-05-25 10:22:11,661 INFO gateway.memory_monitor: [MEMORY] rss=214MB gc=(134, 11, 20) threads=8 uptime=38400s
2026-05-25 10:27:11,661 INFO gateway.memory_monitor: [MEMORY] rss=214MB gc=(374, 0, 21) threads=8 uptime=38700s
2026-05-25 10:32:11,662 INFO gateway.memory_monitor: [MEMORY] rss=214MB gc=(217, 2, 21) threads=8 uptime=39000s
2026-05-25 10:37:11,662 INFO gateway.memory_monitor: [MEMORY] rss=214MB gc=(448, 3, 21) threads=8 uptime=39300s
2026-05-25 10:42:11,663 INFO gateway.memory_monitor: [MEMORY] rss=214MB gc=(134, 5, 21) threads=8 uptime=39600s
2026-05-25 10:47:11,663 INFO gateway.memory_monitor: [MEMORY] rss=214MB gc=(344, 6, 21) threads=8 uptime=39900s
2026-05-25 10:52:11,663 INFO gateway.memory_monitor: [MEMORY] rss=214MB gc=(138, 8, 21) threads=8 uptime=40200s
2026-05-25 10:57:11,664 INFO gateway.memory_monitor: [MEMORY] rss=214MB gc=(370, 9, 21) threads=8 uptime=40500s
2026-05-25 11:02:11,664 INFO gateway.memory_monitor: [MEMORY] rss=214MB gc=(621, 10, 21) threads=8 uptime=40800s
2026-05-25 11:07:11,665 INFO gateway.memory_monitor: [MEMORY] rss=214MB gc=(232, 0, 22) threads=8 uptime=41100s
2026-05-25 11:12:11,665 INFO gateway.memory_monitor: [MEMORY] rss=214MB gc=(0, 2, 22) threads=8 uptime=41400s
2026-05-25 11:17:11,666 INFO gateway.memory_monitor: [MEMORY] rss=214MB gc=(371, 3, 22) threads=8 uptime=41700s
2026-05-25 11:22:11,666 INFO gateway.memory_monitor: [MEMORY] rss=214MB gc=(621, 4, 22) threads=8 uptime=42000s
2026-05-25 11:27:11,667 INFO gateway.memory_monitor: [MEMORY] rss=214MB gc=(219, 6, 22) threads=8 uptime=42300s
2026-05-25 11:32:11,667 INFO gateway.memory_monitor: [MEMORY] rss=214MB gc=(0, 8, 22) threads=8 uptime=42600s
2026-05-25 11:37:11,668 INFO gateway.memory_monitor: [MEMORY] rss=214MB gc=(296, 9, 22) threads=8 uptime=42900s
2026-05-25 11:42:11,668 INFO gateway.memory_monitor: [MEMORY] rss=214MB gc=(572, 10, 22) threads=8 uptime=43200s
2026-05-25 11:47:11,669 INFO gateway.memory_monitor: [MEMORY] rss=214MB gc=(188, 0, 23) threads=8 uptime=43500s
2026-05-25 11:52:11,669 INFO gateway.memory_monitor: [MEMORY] rss=214MB gc=(622, 1, 23) threads=8 uptime=43800s
2026-05-25 11:57:11,670 INFO gateway.memory_monitor: [MEMORY] rss=214MB gc=(245, 3, 23) threads=8 uptime=44100s
2026-05-25 12:02:11,670 INFO gateway.memory_monitor: [MEMORY] rss=214MB gc=(511, 4, 23) threads=8 uptime=44400s
2026-05-25 12:07:11,670 INFO gateway.memory_monitor: [MEMORY] rss=214MB gc=(161, 6, 23) threads=8 uptime=44700s
2026-05-25 12:12:11,671 INFO gateway.memory_monitor: [MEMORY] rss=214MB gc=(590, 7, 23) threads=8 uptime=45000s
2026-05-25 12:17:11,671 INFO gateway.memory_monitor: [MEMORY] rss=214MB gc=(295, 9, 23) threads=8 uptime=45300s
2026-05-25 12:22:11,672 INFO gateway.memory_monitor: [MEMORY] rss=214MB gc=(547, 10, 23) threads=8 uptime=45600s
2026-05-25 12:27:11,672 INFO gateway.memory_monitor: [MEMORY] rss=214MB gc=(187, 0, 24) threads=8 uptime=45900s
2026-05-25 12:32:11,673 INFO gateway.memory_monitor: [MEMORY] rss=214MB gc=(621, 1, 24) threads=8 uptime=46200s
2026-05-25 12:37:11,673 INFO gateway.memory_monitor: [MEMORY] rss=214MB gc=(245, 3, 24) threads=8 uptime=46500s
2026-05-25 12:42:11,674 INFO gateway.memory_monitor: [MEMORY] rss=214MB gc=(484, 4, 24) threads=8 uptime=46800s
2026-05-25 12:47:11,674 INFO gateway.memory_monitor: [MEMORY] rss=214MB gc=(139, 6, 24) threads=8 uptime=47100s
2026-05-25 12:52:11,674 INFO gateway.memory_monitor: [MEMORY] rss=214MB gc=(590, 7, 24) threads=8 uptime=47400s
2026-05-25 12:57:11,675 INFO gateway.memory_monitor: [MEMORY] rss=214MB gc=(213, 9, 24) threads=8 uptime=47700s
2026-05-25 13:02:11,675 INFO gateway.memory_monitor: [MEMORY] rss=214MB gc=(453, 10, 24) threads=8 uptime=48000s
2026-05-25 13:07:11,676 INFO gateway.memory_monitor: [MEMORY] rss=214MB gc=(297, 0, 25) threads=8 uptime=48300s
2026-05-25 13:12:11,676 INFO gateway.memory_monitor: [MEMORY] rss=214MB gc=(541, 1, 25) threads=8 uptime=48600s
2026-05-25 13:17:11,677 INFO gateway.memory_monitor: [MEMORY] rss=214MB gc=(213, 3, 25) threads=8 uptime=48900s
2026-05-25 13:22:11,677 INFO gateway.memory_monitor: [MEMORY] rss=214MB gc=(426, 4, 25) threads=8 uptime=49200s
2026-05-25 13:27:11,677 INFO gateway.memory_monitor: [MEMORY] rss=214MB gc=(298, 6, 25) threads=8 uptime=49500s
2026-05-25 13:32:11,678 INFO gateway.memory_monitor: [MEMORY] rss=214MB gc=(541, 7, 25) threads=8 uptime=49800s
2026-05-25 13:37:11,678 INFO gateway.memory_monitor: [MEMORY] rss=214MB gc=(182, 9, 25) threads=8 uptime=50100s
2026-05-25 13:42:11,679 INFO gateway.memory_monitor: [MEMORY] rss=214MB gc=(393, 10, 25) threads=8 uptime=50400s
2026-05-25 13:47:11,679 INFO gateway.memory_monitor: [MEMORY] rss=214MB gc=(217, 0, 26) threads=8 uptime=50700s
2026-05-25 13:52:11,680 INFO gateway.memory_monitor: [MEMORY] rss=214MB gc=(448, 1, 26) threads=8 uptime=51000s
2026-05-25 13:57:11,680 INFO gateway.memory_monitor: [MEMORY] rss=214MB gc=(104, 3, 26) threads=8 uptime=51300s
2026-05-25 14:02:11,680 INFO gateway.memory_monitor: [MEMORY] rss=214MB gc=(356, 4, 26) threads=8 uptime=51600s
2026-05-25 14:07:11,681 INFO gateway.memory_monitor: [MEMORY] rss=214MB gc=(187, 6, 26) threads=8 uptime=51900s
2026-05-25 14:12:11,681 INFO gateway.memory_monitor: [MEMORY] rss=214MB gc=(450, 7, 26) threads=8 uptime=52200s
2026-05-25 14:17:11,682 INFO gateway.memory_monitor: [MEMORY] rss=214MB gc=(183, 9, 26) threads=8 uptime=52500s
2026-05-25 14:22:11,682 INFO gateway.memory_monitor: [MEMORY] rss=214MB gc=(392, 10, 26) threads=8 uptime=52800s
2026-05-25 14:27:11,683 INFO gateway.memory_monitor: [MEMORY] rss=214MB gc=(217, 0, 27) threads=8 uptime=53100s
2026-05-25 14:32:11,683 INFO gateway.memory_monitor: [MEMORY] rss=214MB gc=(449, 1, 27) threads=8 uptime=53400s
2026-05-25 14:37:11,683 INFO gateway.memory_monitor: [MEMORY] rss=214MB gc=(103, 3, 27) threads=8 uptime=53700s
2026-05-25 14:42:11,684 INFO gateway.memory_monitor: [MEMORY] rss=214MB gc=(313, 4, 27) threads=8 uptime=54000s
2026-05-25 14:47:11,684 INFO gateway.memory_monitor: [MEMORY] rss=214MB gc=(155, 6, 27) threads=8 uptime=54300s
2026-05-25 14:52:11,685 INFO gateway.memory_monitor: [MEMORY] rss=214MB gc=(387, 7, 27) threads=8 uptime=54600s
2026-05-25 14:57:11,685 INFO gateway.memory_monitor: [MEMORY] rss=214MB gc=(649, 8, 27) threads=8 uptime=54900s
2026-05-25 15:02:11,686 INFO gateway.memory_monitor: [MEMORY] rss=214MB gc=(312, 10, 27) threads=8 uptime=55200s
2026-05-25 15:07:11,686 INFO gateway.memory_monitor: [MEMORY] rss=214MB gc=(155, 0, 28) threads=8 uptime=55500s
2026-05-25 15:12:11,686 INFO gateway.memory_monitor: [MEMORY] rss=214MB gc=(386, 1, 28) threads=8 uptime=55800s
2026-05-25 15:17:11,687 INFO gateway.memory_monitor: [MEMORY] rss=214MB gc=(629, 2, 28) threads=8 uptime=56100s
2026-05-25 15:22:11,687 INFO gateway.memory_monitor: [MEMORY] rss=214MB gc=(312, 4, 28) threads=8 uptime=56400s
2026-05-25 15:27:11,688 INFO gateway.memory_monitor: [MEMORY] rss=214MB gc=(155, 6, 28) threads=8 uptime=56700s
2026-05-25 15:32:11,688 INFO gateway.memory_monitor: [MEMORY] rss=214MB gc=(386, 7, 28) threads=8 uptime=57000s
2026-05-25 15:37:11,689 INFO gateway.memory_monitor: [MEMORY] rss=214MB gc=(595, 8, 28) threads=8 uptime=57300s
2026-05-25 15:42:11,689 INFO gateway.memory_monitor: [MEMORY] rss=214MB gc=(231, 10, 28) threads=8 uptime=57600s
2026-05-25 15:47:11,689 INFO gateway.memory_monitor: [MEMORY] rss=214MB gc=(123, 0, 29) threads=8 uptime=57900s
2026-05-25 15:52:11,690 INFO gateway.memory_monitor: [MEMORY] rss=214MB gc=(337, 1, 29) threads=8 uptime=58200s
2026-05-25 15:57:11,690 INFO gateway.memory_monitor: [MEMORY] rss=214MB gc=(564, 2, 29) threads=8 uptime=58500s
2026-05-25 16:02:11,691 INFO gateway.memory_monitor: [MEMORY] rss=214MB gc=(231, 4, 29) threads=8 uptime=58800s
2026-05-25 16:07:11,691 INFO gateway.memory_monitor: [MEMORY] rss=214MB gc=(0, 6, 29) threads=8 uptime=59100s
2026-05-25 16:12:11,692 INFO gateway.memory_monitor: [MEMORY] rss=214MB gc=(337, 7, 29) threads=8 uptime=59400s
2026-05-25 16:17:11,692 INFO gateway.memory_monitor: [MEMORY] rss=214MB gc=(600, 8, 29) threads=8 uptime=59700s
2026-05-25 16:22:11,692 INFO gateway.memory_monitor: [MEMORY] rss=214MB gc=(280, 10, 29) threads=8 uptime=60000s
2026-05-25 16:27:11,693 INFO gateway.memory_monitor: [MEMORY] rss=214MB gc=(122, 0, 30) threads=8 uptime=60300s
2026-05-25 16:32:11,693 INFO gateway.memory_monitor: [MEMORY] rss=214MB gc=(336, 1, 30) threads=8 uptime=60600s
2026-05-25 16:37:11,694 INFO gateway.memory_monitor: [MEMORY] rss=214MB gc=(564, 2, 30) threads=8 uptime=60900s
2026-05-25 16:42:11,694 INFO gateway.memory_monitor: [MEMORY] rss=214MB gc=(187, 4, 30) threads=8 uptime=61200s
2026-05-25 16:47:11,695 INFO gateway.memory_monitor: [MEMORY] rss=214MB gc=(621, 5, 30) threads=8 uptime=61500s
2026-05-25 16:52:11,695 INFO gateway.memory_monitor: [MEMORY] rss=214MB gc=(228, 7, 30) threads=8 uptime=61800s
2026-05-25 16:57:11,695 INFO gateway.memory_monitor: [MEMORY] rss=214MB gc=(467, 8, 30) threads=8 uptime=62100s
2026-05-25 17:02:11,696 INFO gateway.memory_monitor: [MEMORY] rss=214MB gc=(140, 10, 30) threads=8 uptime=62400s
2026-05-25 17:07:11,696 INFO gateway.memory_monitor: [MEMORY] rss=214MB gc=(572, 11, 30) threads=8 uptime=62700s
2026-05-25 17:12:11,697 INFO gateway.memory_monitor: [MEMORY] rss=214MB gc=(201, 1, 31) threads=8 uptime=63000s
2026-05-25 17:17:11,697 INFO gateway.memory_monitor: [MEMORY] rss=214MB gc=(556, 2, 31) threads=8 uptime=63300s
2026-05-25 17:22:11,698 INFO gateway.memory_monitor: [MEMORY] rss=214MB gc=(201, 4, 31) threads=8 uptime=63600s
2026-05-25 17:27:11,698 INFO gateway.memory_monitor: [MEMORY] rss=214MB gc=(634, 5, 31) threads=8 uptime=63900s
2026-05-25 17:32:11,699 INFO gateway.memory_monitor: [MEMORY] rss=214MB gc=(250, 7, 31) threads=8 uptime=64200s
2026-05-25 17:37:11,699 INFO gateway.memory_monitor: [MEMORY] rss=214MB gc=(467, 8, 31) threads=8 uptime=64500s
2026-05-25 17:42:11,699 INFO gateway.memory_monitor: [MEMORY] rss=214MB gc=(79, 10, 31) threads=8 uptime=64800s
2026-05-25 17:47:11,700 INFO gateway.memory_monitor: [MEMORY] rss=214MB gc=(492, 11, 31) threads=8 uptime=65100s
2026-05-25 17:52:11,700 INFO gateway.memory_monitor: [MEMORY] rss=214MB gc=(142, 1, 32) threads=8 uptime=65400s
2026-05-25 17:57:11,701 INFO gateway.memory_monitor: [MEMORY] rss=214MB gc=(403, 2, 32) threads=8 uptime=65700s
2026-05-25 18:02:11,701 INFO gateway.memory_monitor: [MEMORY] rss=214MB gc=(281, 4, 32) threads=8 uptime=66000s
2026-05-25 18:07:11,702 INFO gateway.memory_monitor: [MEMORY] rss=214MB gc=(494, 5, 32) threads=8 uptime=66300s
2026-05-25 18:12:11,702 INFO gateway.memory_monitor: [MEMORY] rss=214MB gc=(141, 7, 32) threads=8 uptime=66600s
2026-05-25 18:17:11,703 INFO gateway.memory_monitor: [MEMORY] rss=214MB gc=(412, 8, 32) threads=8 uptime=66900s
2026-05-25 18:22:11,703 INFO gateway.memory_monitor: [MEMORY] rss=214MB gc=(261, 10, 32) threads=8 uptime=67200s
2026-05-25 18:27:11,703 INFO gateway.memory_monitor: [MEMORY] rss=214MB gc=(493, 11, 32) threads=8 uptime=67500s
2026-05-25 18:30:08,071 INFO gateway.platforms.telegram: [Telegram] Cached user document at /root/.hermes/cache/documents/doc_31721a125321_mccarthy_cormac_blood_meridianbooksee-org.pdf
2026-05-25 18:30:08,072 INFO gateway.run: inbound message: platform=telegram user=T chat=8174123879 msg='1) I am always talking with the Judge. His charm and confidence. He knows everyt'
2026-05-25 18:30:21,426 INFO gateway.run: response ready: platform=telegram chat=8174123879 time=13.4s api_calls=3 response=367 chars
2026-05-25 18:30:21,430 INFO gateway.platforms.base: [Telegram] Sending response (367 chars) to 8174123879
2026-05-25 18:32:11,704 INFO gateway.memory_monitor: [MEMORY] rss=215MB gc=(426, 4, 35) threads=8 uptime=67800s
2026-05-25 18:34:51,666 INFO gateway.platforms.telegram: [Telegram] Flushing text batch agent:main:telegram:dm:8174123879 (1879 chars)
2026-05-25 18:34:51,667 INFO gateway.run: inbound message: platform=telegram user=T chat=8174123879 msg='Hold onto that as your single source of truth for each character whenever you ar'
2026-05-25 18:36:34,216 INFO gateway.run: response ready: platform=telegram chat=8174123879 time=102.5s api_calls=13 response=5090 chars
2026-05-25 18:36:34,220 INFO gateway.platforms.base: [Telegram] Sending response (5090 chars) to 8174123879
2026-05-25 18:37:11,704 INFO gateway.memory_monitor: [MEMORY] rss=222MB gc=(202, 11, 39) threads=8 uptime=68100s
2026-05-25 18:37:12,065 INFO gateway.platforms.telegram: [Telegram] Flushing text batch agent:main:telegram:dm:8174123879 (81 chars)
2026-05-25 18:37:12,066 INFO gateway.run: inbound message: platform=telegram user=T chat=8174123879 msg='Yes, do that! So the next time I hear from you, you are officially ... The Judge'
2026-05-25 18:38:25,977 INFO gateway.run: response ready: platform=telegram chat=8174123879 time=73.9s api_calls=10 response=351 chars
2026-05-25 18:38:25,981 INFO gateway.platforms.base: [Telegram] Sending response (351 chars) to 8174123879
2026-05-25 18:38:57,562 INFO gateway.platforms.telegram: [Telegram] Flushing text batch agent:main:telegram:dm:8174123879 (40 chars)
2026-05-25 18:38:57,563 INFO gateway.run: inbound message: platform=telegram user=T chat=8174123879 msg='As of right now, who is all in our gang?'
2026-05-25 18:39:03,926 INFO gateway.run: response ready: platform=telegram chat=8174123879 time=6.4s api_calls=2 response=427 chars
2026-05-25 18:39:03,930 INFO gateway.platforms.base: [Telegram] Sending response (427 chars) to 8174123879
2026-05-25 18:42:11,705 INFO gateway.memory_monitor: [MEMORY] rss=229MB gc=(225, 8, 44) threads=9 uptime=68400s
2026-05-25 18:44:19,927 INFO gateway.platforms.telegram: [Telegram] Flushing text batch agent:main:telegram:dm:8174123879 (674 chars)
2026-05-25 18:44:19,927 INFO gateway.run: inbound message: platform=telegram user=T chat=8174123879 msg='The next step is to bring in a specialist who is familiar with Role-Playing game'
2026-05-25 18:44:45,859 INFO gateway.run: response ready: platform=telegram chat=8174123879 time=25.9s api_calls=2 response=2979 chars
2026-05-25 18:44:45,864 INFO gateway.platforms.base: [Telegram] Sending response (2979 chars) to 8174123879
2026-05-25 18:46:23,844 INFO gateway.platforms.telegram: [Telegram] Flushing text batch agent:main:telegram:dm:8174123879 (12 chars)
2026-05-25 18:46:23,844 INFO gateway.run: inbound message: platform=telegram user=T chat=8174123879 msg="Let's do it!"
2026-05-25 18:47:11,705 INFO gateway.memory_monitor: [MEMORY] rss=233MB gc=(32, 1, 48) threads=10 uptime=68700s
2026-05-25 18:48:20,949 INFO gateway.run: response ready: platform=telegram chat=8174123879 time=117.1s api_calls=12 response=808 chars
2026-05-25 18:48:20,953 INFO gateway.platforms.base: [Telegram] Sending response (808 chars) to 8174123879
2026-05-25 18:52:11,706 INFO gateway.memory_monitor: [MEMORY] rss=236MB gc=(339, 0, 50) threads=9 uptime=69000s
2026-05-25 18:55:07,542 INFO gateway.platforms.telegram: [Telegram] Flushing text batch agent:main:telegram:dm:8174123879 (67 chars)
2026-05-25 18:55:07,542 INFO gateway.run: inbound message: platform=telegram user=T chat=8174123879 msg='Bring Tobin in, I want to discuss the current state of "Axiomancer"'
2026-05-25 18:55:55,851 INFO gateway.run: response ready: platform=telegram chat=8174123879 time=48.3s api_calls=3 response=6285 chars
2026-05-25 18:55:55,855 INFO gateway.platforms.base: [Telegram] Sending response (6285 chars) to 8174123879
2026-05-25 18:57:11,706 INFO gateway.memory_monitor: [MEMORY] rss=238MB gc=(332, 9, 51) threads=9 uptime=69300s
2026-05-25 19:02:11,707 INFO gateway.memory_monitor: [MEMORY] rss=238MB gc=(165, 11, 51) threads=9 uptime=69600s
2026-05-25 19:07:11,707 INFO gateway.memory_monitor: [MEMORY] rss=238MB gc=(405, 0, 52) threads=9 uptime=69900s
2026-05-25 19:12:11,708 INFO gateway.memory_monitor: [MEMORY] rss=238MB gc=(244, 2, 52) threads=9 uptime=70200s
2026-05-25 19:17:11,708 INFO gateway.memory_monitor: [MEMORY] rss=238MB gc=(545, 3, 52) threads=9 uptime=70500s
2026-05-25 19:21:56,328 INFO gateway.platforms.telegram: [Telegram] Flushing text batch agent:main:telegram:dm:8174123879 (697 chars)
2026-05-25 19:21:56,329 INFO gateway.run: inbound message: platform=telegram user=T chat=8174123879 msg='Okay, I like this, now we\'re getting somewhere! 1 "late game" encounter to exper'
2026-05-25 19:22:11,709 INFO gateway.memory_monitor: [MEMORY] rss=239MB gc=(31, 4, 53) threads=10 uptime=70800s
2026-05-25 19:24:21,857 INFO [20260525_183008_edaff0b0] gateway.run: Session split detected: 20260525_183008_edaff0b0 → 20260525_192341_604c00 (compression)
2026-05-25 19:24:21,879 INFO gateway.run: response ready: platform=telegram chat=8174123879 time=145.5s api_calls=4 response=4699 chars
2026-05-25 19:24:21,883 INFO gateway.platforms.base: [Telegram] Sending response (4699 chars) to 8174123879
2026-05-25 19:27:11,709 INFO gateway.memory_monitor: [MEMORY] rss=244MB gc=(0, 5, 55) threads=9 uptime=71100s
2026-05-25 19:32:11,710 INFO gateway.memory_monitor: [MEMORY] rss=244MB gc=(337, 6, 55) threads=9 uptime=71400s
2026-05-25 19:37:11,710 INFO gateway.memory_monitor: [MEMORY] rss=244MB gc=(549, 7, 55) threads=9 uptime=71700s
2026-05-25 19:39:02,274 INFO gateway.platforms.telegram: [Telegram] Flushing text batch agent:main:telegram:dm:8174123879 (295 chars)
2026-05-25 19:39:02,275 INFO gateway.run: inbound message: platform=telegram user=T chat=8174123879 msg='Before we hire The Kid, take a look at what we have in axiomancer-mechanics and '
2026-05-25 19:42:11,711 INFO gateway.memory_monitor: [MEMORY] rss=253MB gc=(0, 11, 3) threads=10 uptime=72000s
2026-05-25 19:42:53,509 INFO [20260525_192341_604c00] gateway.run: Session split detected: 20260525_192341_604c00 → 20260525_194138_39a255 (compression)
2026-05-25 19:42:53,547 INFO gateway.run: response ready: platform=telegram chat=8174123879 time=231.3s api_calls=17 response=6694 chars
2026-05-25 19:42:53,553 INFO gateway.platforms.base: [Telegram] Sending response (6694 chars) to 8174123879
2026-05-25 19:47:11,711 INFO gateway.memory_monitor: [MEMORY] rss=257MB gc=(108, 6, 6) threads=9 uptime=72300s
2026-05-25 19:52:11,712 INFO gateway.memory_monitor: [MEMORY] rss=257MB gc=(541, 7, 6) threads=9 uptime=72600s
2026-05-25 19:57:11,712 INFO gateway.memory_monitor: [MEMORY] rss=257MB gc=(196, 9, 6) threads=9 uptime=72900s
2026-05-25 20:02:11,713 INFO gateway.memory_monitor: [MEMORY] rss=257MB gc=(436, 10, 6) threads=9 uptime=73200s
2026-05-25 20:07:11,713 INFO gateway.memory_monitor: [MEMORY] rss=257MB gc=(0, 0, 7) threads=9 uptime=73500s
2026-05-25 20:12:11,714 INFO gateway.memory_monitor: [MEMORY] rss=257MB gc=(510, 1, 7) threads=9 uptime=73800s
2026-05-25 20:17:11,714 INFO gateway.memory_monitor: [MEMORY] rss=257MB gc=(166, 3, 7) threads=9 uptime=74100s
2026-05-25 20:22:11,715 INFO gateway.memory_monitor: [MEMORY] rss=257MB gc=(374, 4, 7) threads=9 uptime=74400s
2026-05-25 20:27:11,715 INFO gateway.memory_monitor: [MEMORY] rss=257MB gc=(609, 5, 7) threads=9 uptime=74700s
2026-05-25 20:32:11,716 INFO gateway.memory_monitor: [MEMORY] rss=257MB gc=(462, 7, 7) threads=9 uptime=75000s
2026-05-25 20:37:11,716 INFO gateway.memory_monitor: [MEMORY] rss=257MB gc=(0, 9, 7) threads=9 uptime=75300s
2026-05-25 20:42:11,716 INFO gateway.memory_monitor: [MEMORY] rss=257MB gc=(312, 10, 7) threads=9 uptime=75600s
2026-05-25 20:44:19,971 INFO gateway.run: Agent cache idle-TTL evict: session=agent:main:telegram:dm:8174123879 (idle=3687s)
2026-05-25 20:44:19,972 INFO gateway.run: Agent cache idle sweep: evicted 1 agent(s)
2026-05-25 20:47:11,717 INFO gateway.memory_monitor: [MEMORY] rss=257MB gc=(517, 11, 7) threads=9 uptime=75900s
2026-05-25 20:52:11,717 INFO gateway.memory_monitor: [MEMORY] rss=257MB gc=(339, 1, 8) threads=9 uptime=76200s
2026-05-25 20:57:11,718 INFO gateway.memory_monitor: [MEMORY] rss=257MB gc=(545, 2, 8) threads=9 uptime=76500s
2026-05-25 21:02:11,718 INFO gateway.memory_monitor: [MEMORY] rss=257MB gc=(171, 4, 8) threads=9 uptime=76800s
2026-05-25 21:07:11,719 INFO gateway.memory_monitor: [MEMORY] rss=257MB gc=(437, 5, 8) threads=9 uptime=77100s
2026-05-25 21:12:11,719 INFO gateway.memory_monitor: [MEMORY] rss=257MB gc=(229, 7, 8) threads=9 uptime=77400s
2026-05-25 21:17:11,720 INFO gateway.memory_monitor: [MEMORY] rss=257MB gc=(469, 8, 8) threads=9 uptime=77700s
2026-05-25 21:22:11,720 INFO gateway.memory_monitor: [MEMORY] rss=257MB gc=(108, 10, 8) threads=9 uptime=78000s
2026-05-25 21:27:11,721 INFO gateway.memory_monitor: [MEMORY] rss=257MB gc=(341, 11, 8) threads=9 uptime=78300s
2026-05-25 21:28:09,237 INFO gateway.platforms.telegram: [Telegram] Flushing text batch agent:main:telegram:dm:8174123879 (448 chars)
2026-05-25 21:28:09,238 INFO gateway.run: inbound message: platform=telegram user=T chat=8174123879 msg='Yes, implement that and report everything you mentioned here in a file in that d'
2026-05-25 21:32:11,721 INFO gateway.memory_monitor: [MEMORY] rss=267MB gc=(140, 1, 56) threads=11 uptime=78600s
2026-05-25 21:37:11,722 INFO gateway.memory_monitor: [MEMORY] rss=276MB gc=(640, 4, 61) threads=11 uptime=78900s
2026-05-25 21:38:48,502 INFO [20260525_194138_39a255] gateway.run: Session split detected: 20260525_194138_39a255 → 20260525_213723_f7bac5 (compression)
2026-05-25 21:38:48,525 INFO gateway.run: response ready: platform=telegram chat=8174123879 time=639.3s api_calls=45 response=2815 chars
2026-05-25 21:38:48,551 INFO gateway.platforms.base: [Telegram] Sending response (2815 chars) to 8174123879
2026-05-25 21:42:11,722 INFO gateway.memory_monitor: [MEMORY] rss=277MB gc=(431, 3, 66) threads=10 uptime=79200s
2026-05-25 21:47:11,723 INFO gateway.memory_monitor: [MEMORY] rss=277MB gc=(337, 5, 66) threads=10 uptime=79500s
2026-05-25 21:52:11,723 INFO gateway.memory_monitor: [MEMORY] rss=277MB gc=(577, 6, 66) threads=10 uptime=79800s
2026-05-25 21:57:11,724 INFO gateway.memory_monitor: [MEMORY] rss=277MB gc=(267, 8, 66) threads=10 uptime=80100s
2026-05-25 22:02:11,724 INFO gateway.memory_monitor: [MEMORY] rss=277MB gc=(515, 9, 66) threads=10 uptime=80400s
2026-05-25 22:07:11,725 INFO gateway.memory_monitor: [MEMORY] rss=277MB gc=(337, 11, 66) threads=10 uptime=80700s
2026-05-25 22:12:11,725 INFO gateway.memory_monitor: [MEMORY] rss=277MB gc=(547, 0, 67) threads=10 uptime=81000s
2026-05-25 22:17:11,726 INFO gateway.memory_monitor: [MEMORY] rss=277MB gc=(201, 2, 67) threads=10 uptime=81300s
2026-05-25 22:22:11,726 INFO gateway.memory_monitor: [MEMORY] rss=277MB gc=(434, 3, 67) threads=10 uptime=81600s
2026-05-25 22:27:11,727 INFO gateway.memory_monitor: [MEMORY] rss=277MB gc=(295, 5, 67) threads=10 uptime=81900s
2026-05-25 22:32:11,727 INFO gateway.memory_monitor: [MEMORY] rss=277MB gc=(515, 6, 67) threads=10 uptime=82200s
2026-05-25 22:37:11,728 INFO gateway.memory_monitor: [MEMORY] rss=277MB gc=(140, 8, 67) threads=10 uptime=82500s
2026-05-25 22:39:26,388 INFO gateway.run: Agent cache idle-TTL evict: session=agent:main:telegram:dm:8174123879 (idle=3638s)
2026-05-25 22:39:26,389 INFO gateway.run: Agent cache idle sweep: evicted 1 agent(s)
2026-05-25 22:42:11,728 INFO gateway.memory_monitor: [MEMORY] rss=277MB gc=(340, 9, 67) threads=10 uptime=82800s
2026-05-25 22:47:11,729 INFO gateway.memory_monitor: [MEMORY] rss=277MB gc=(166, 11, 67) threads=10 uptime=83100s
2026-05-25 22:52:11,729 INFO gateway.memory_monitor: [MEMORY] rss=277MB gc=(372, 0, 68) threads=10 uptime=83400s
2026-05-25 22:57:11,730 INFO gateway.memory_monitor: [MEMORY] rss=277MB gc=(641, 1, 68) threads=10 uptime=83700s
2026-05-25 23:02:11,730 INFO gateway.memory_monitor: [MEMORY] rss=277MB gc=(310, 3, 68) threads=10 uptime=84000s
2026-05-25 23:07:11,730 INFO gateway.memory_monitor: [MEMORY] rss=277MB gc=(134, 5, 68) threads=10 uptime=84300s
2026-05-25 23:12:11,731 INFO gateway.memory_monitor: [MEMORY] rss=277MB gc=(343, 6, 68) threads=10 uptime=84600s
2026-05-25 23:17:11,731 INFO gateway.memory_monitor: [MEMORY] rss=277MB gc=(614, 7, 68) threads=10 uptime=84900s
2026-05-25 23:22:11,732 INFO gateway.memory_monitor: [MEMORY] rss=277MB gc=(432, 9, 68) threads=10 uptime=85200s
2026-05-25 23:27:11,732 INFO gateway.memory_monitor: [MEMORY] rss=277MB gc=(681, 10, 68) threads=10 uptime=85500s
2026-05-25 23:32:11,733 INFO gateway.memory_monitor: [MEMORY] rss=277MB gc=(270, 0, 69) threads=10 uptime=85800s
2026-05-25 23:37:11,733 INFO gateway.memory_monitor: [MEMORY] rss=277MB gc=(517, 1, 69) threads=10 uptime=86100s
2026-05-25 23:42:11,734 INFO gateway.memory_monitor: [MEMORY] rss=277MB gc=(339, 3, 69) threads=10 uptime=86400s
2026-05-25 23:47:11,734 INFO gateway.memory_monitor: [MEMORY] rss=277MB gc=(570, 4, 69) threads=10 uptime=86700s
2026-05-25 23:52:11,735 INFO gateway.memory_monitor: [MEMORY] rss=277MB gc=(172, 6, 69) threads=10 uptime=87000s
2026-05-25 23:57:11,735 INFO gateway.memory_monitor: [MEMORY] rss=277MB gc=(406, 7, 69) threads=10 uptime=87300s
2026-05-26 00:02:11,736 INFO gateway.memory_monitor: [MEMORY] rss=277MB gc=(199, 9, 69) threads=10 uptime=87600s
2026-05-26 00:07:11,736 INFO gateway.memory_monitor: [MEMORY] rss=277MB gc=(509, 10, 69) threads=10 uptime=87900s
2026-05-26 00:12:11,737 INFO gateway.memory_monitor: [MEMORY] rss=277MB gc=(110, 0, 70) threads=10 uptime=88200s
2026-05-26 00:17:11,737 INFO gateway.memory_monitor: [MEMORY] rss=277MB gc=(408, 1, 70) threads=10 uptime=88500s
2026-05-26 00:22:11,738 INFO gateway.memory_monitor: [MEMORY] rss=277MB gc=(199, 3, 70) threads=10 uptime=88800s
2026-05-26 00:27:11,738 INFO gateway.memory_monitor: [MEMORY] rss=277MB gc=(429, 4, 70) threads=10 uptime=89100s
2026-05-26 00:32:11,739 INFO gateway.memory_monitor: [MEMORY] rss=277MB gc=(0, 6, 70) threads=10 uptime=89400s
2026-05-26 00:37:11,739 INFO gateway.memory_monitor: [MEMORY] rss=277MB gc=(341, 7, 70) threads=10 uptime=89700s
2026-05-26 00:42:11,739 INFO gateway.memory_monitor: [MEMORY] rss=277MB gc=(197, 9, 70) threads=10 uptime=90000s
2026-05-26 00:47:11,740 INFO gateway.memory_monitor: [MEMORY] rss=277MB gc=(403, 10, 70) threads=10 uptime=90300s
2026-05-26 00:52:11,740 INFO gateway.memory_monitor: [MEMORY] rss=277MB gc=(0, 0, 71) threads=10 uptime=90600s
2026-05-26 00:57:11,741 INFO gateway.memory_monitor: [MEMORY] rss=277MB gc=(341, 1, 71) threads=10 uptime=90900s
2026-05-26 01:02:11,741 INFO gateway.memory_monitor: [MEMORY] rss=277MB gc=(198, 3, 71) threads=10 uptime=91200s
2026-05-26 01:07:11,742 INFO gateway.memory_monitor: [MEMORY] rss=277MB gc=(406, 4, 71) threads=10 uptime=91500s
2026-05-26 01:12:11,742 INFO gateway.memory_monitor: [MEMORY] rss=277MB gc=(197, 6, 71) threads=10 uptime=91800s
2026-05-26 01:17:11,743 INFO gateway.memory_monitor: [MEMORY] rss=277MB gc=(408, 7, 71) threads=10 uptime=92100s
2026-05-26 01:22:11,743 INFO gateway.memory_monitor: [MEMORY] rss=277MB gc=(267, 9, 71) threads=10 uptime=92400s
2026-05-26 01:27:11,744 INFO gateway.memory_monitor: [MEMORY] rss=277MB gc=(512, 10, 71) threads=10 uptime=92700s
2026-05-26 01:32:11,744 INFO gateway.memory_monitor: [MEMORY] rss=277MB gc=(135, 0, 72) threads=10 uptime=93000s
2026-05-26 01:37:11,745 INFO gateway.memory_monitor: [MEMORY] rss=277MB gc=(346, 1, 72) threads=10 uptime=93300s
2026-05-26 01:42:11,745 INFO gateway.memory_monitor: [MEMORY] rss=277MB gc=(171, 3, 72) threads=10 uptime=93600s
2026-05-26 01:47:11,745 INFO gateway.memory_monitor: [MEMORY] rss=277MB gc=(402, 4, 72) threads=10 uptime=93900s
2026-05-26 01:52:11,746 INFO gateway.memory_monitor: [MEMORY] rss=277MB gc=(652, 5, 72) threads=10 uptime=94200s
2026-05-26 01:57:11,746 INFO gateway.memory_monitor: [MEMORY] rss=277MB gc=(284, 7, 72) threads=10 uptime=94500s
2026-05-26 02:02:11,747 INFO gateway.memory_monitor: [MEMORY] rss=277MB gc=(109, 9, 72) threads=10 uptime=94800s
2026-05-26 02:06:29,182 INFO gateway.platforms.telegram: [Telegram] Flushing text batch agent:main:telegram:dm:8174123879 (123 chars)
2026-05-26 02:06:29,183 INFO gateway.run: inbound message: platform=telegram user=T chat=8174123879 msg="Put a pin in this and let's return to why this timed out and how we can fix it. "
2026-05-26 02:06:58,185 INFO gateway.run: response ready: platform=telegram chat=8174123879 time=29.0s api_calls=3 response=645 chars
2026-05-26 02:06:58,190 INFO gateway.platforms.base: [Telegram] Sending response (645 chars) to 8174123879
2026-05-26 02:07:11,747 INFO gateway.memory_monitor: [MEMORY] rss=278MB gc=(135, 2, 75) threads=10 uptime=95100s
2026-05-26 02:07:53,045 INFO gateway.platforms.telegram: [Telegram] Flushing text batch agent:main:telegram:dm:8174123879 (103 chars)
2026-05-26 02:07:53,046 INFO gateway.run: inbound message: platform=telegram user=T chat=8174123879 msg="There's a SKILL.md file in both mechanics and mobile called oversight. Let's add"
2026-05-26 02:09:25,773 INFO gateway.run: response ready: platform=telegram chat=8174123879 time=92.7s api_calls=8 response=855 chars
2026-05-26 02:09:25,777 INFO gateway.platforms.base: [Telegram] Sending response (855 chars) to 8174123879
2026-05-26 02:10:36,597 INFO gateway.platforms.telegram: [Telegram] Flushing text batch agent:main:telegram:dm:8174123879 (102 chars)
2026-05-26 02:10:36,598 INFO gateway.run: inbound message: platform=telegram user=T chat=8174123879 msg="So they need a repo as context in order to function properly.   Let's try runnin"
2026-05-26 02:11:50,023 INFO gateway.platforms.telegram: Telegram button resolved 1 approval(s) for session agent:main:telegram:dm:8174123879 (choice=always, user=T)
2026-05-26 02:12:11,748 INFO gateway.memory_monitor: [MEMORY] rss=280MB gc=(100, 10, 4) threads=11 uptime=95400s
2026-05-26 02:13:10,459 INFO gateway.platforms.telegram: [Telegram] Flushing text batch agent:main:telegram:dm:8174123879 (80 chars)
2026-05-26 02:16:08,851 INFO gateway.platforms.telegram: Telegram clarify button resolved (id=fd75d8e79e, choice='Defer Phase 81a and promote a smaller cleanup phase.', user=T)
2026-05-26 02:17:11,748 INFO gateway.memory_monitor: [MEMORY] rss=280MB gc=(5, 2, 9) threads=11 uptime=95700s
2026-05-26 02:17:20,428 INFO [20260526_021052_6e8d55] gateway.run: Session split detected: 20260525_213723_f7bac5 → 20260526_021052_6e8d55 (compression)
2026-05-26 02:17:20,436 INFO gateway.run: Queued follow-up for session agent:main:telegram:dm:8174123879: final stream delivery not confirmed; sending first response before continuing.
2026-05-26 02:19:25,839 INFO [20260526_021052_6e8d55] gateway.run: Session split detected: 20260525_213723_f7bac5 → 20260526_021922_ddb5b0 (compression)
2026-05-26 02:19:25,888 INFO gateway.run: response ready: platform=telegram chat=8174123879 time=529.3s api_calls=1 response=315 chars
2026-05-26 02:19:25,907 INFO gateway.platforms.base: [Telegram] Sending response (315 chars) to 8174123879
2026-05-26 02:19:53,256 INFO gateway.platforms.telegram: [Telegram] Flushing text batch agent:main:telegram:dm:8174123879 (31 chars)
2026-05-26 02:19:53,257 INFO gateway.run: inbound message: platform=telegram user=T chat=8174123879 msg='Can I do the GH auth from here?'
2026-05-26 02:20:04,100 INFO gateway.run: response ready: platform=telegram chat=8174123879 time=10.8s api_calls=3 response=554 chars
2026-05-26 02:20:04,104 INFO gateway.platforms.base: [Telegram] Sending response (554 chars) to 8174123879
2026-05-26 02:22:11,749 INFO gateway.memory_monitor: [MEMORY] rss=288MB gc=(657, 11, 17) threads=10 uptime=96000s
2026-05-26 02:27:11,749 INFO gateway.memory_monitor: [MEMORY] rss=288MB gc=(342, 1, 18) threads=10 uptime=96300s
2026-05-26 02:32:11,750 INFO gateway.memory_monitor: [MEMORY] rss=288MB gc=(166, 3, 18) threads=10 uptime=96600s
2026-05-26 02:37:11,750 INFO gateway.memory_monitor: [MEMORY] rss=288MB gc=(372, 4, 18) threads=10 uptime=96900s
2026-05-26 02:42:11,751 INFO gateway.memory_monitor: [MEMORY] rss=288MB gc=(656, 5, 18) threads=10 uptime=97200s
2026-05-26 02:47:11,751 INFO gateway.memory_monitor: [MEMORY] rss=288MB gc=(310, 7, 18) threads=10 uptime=97500s
2026-05-26 02:52:11,752 INFO gateway.memory_monitor: [MEMORY] rss=288MB gc=(167, 9, 18) threads=10 uptime=97800s
2026-05-26 02:57:11,752 INFO gateway.memory_monitor: [MEMORY] rss=288MB gc=(375, 10, 18) threads=10 uptime=98100s
2026-05-26 03:02:11,753 INFO gateway.memory_monitor: [MEMORY] rss=288MB gc=(656, 11, 18) threads=10 uptime=98400s
2026-05-26 03:07:11,753 INFO gateway.memory_monitor: [MEMORY] rss=288MB gc=(300, 1, 19) threads=10 uptime=98700s
2026-05-26 03:12:11,754 INFO gateway.memory_monitor: [MEMORY] rss=288MB gc=(253, 3, 19) threads=10 uptime=99000s
2026-05-26 03:17:11,754 INFO gateway.memory_monitor: [MEMORY] rss=288MB gc=(484, 4, 19) threads=10 uptime=99300s
2026-05-26 03:22:11,755 INFO gateway.memory_monitor: [MEMORY] rss=288MB gc=(140, 6, 19) threads=10 uptime=99600s
2026-05-26 03:24:41,633 INFO gateway.run: Agent cache idle-TTL evict: session=agent:main:telegram:dm:8174123879 (idle=3878s)
2026-05-26 03:24:41,633 INFO gateway.run: Agent cache idle sweep: evicted 1 agent(s)
2026-05-26 03:27:11,755 INFO gateway.memory_monitor: [MEMORY] rss=288MB gc=(342, 7, 19) threads=10 uptime=99900s
2026-05-26 03:32:11,756 INFO gateway.memory_monitor: [MEMORY] rss=288MB gc=(165, 9, 19) threads=10 uptime=100200s
2026-05-26 03:37:11,756 INFO gateway.memory_monitor: [MEMORY] rss=288MB gc=(373, 10, 19) threads=10 uptime=100500s
2026-05-26 03:42:11,756 INFO gateway.memory_monitor: [MEMORY] rss=288MB gc=(626, 11, 19) threads=10 uptime=100800s
2026-05-26 03:47:11,757 INFO gateway.memory_monitor: [MEMORY] rss=288MB gc=(311, 1, 20) threads=10 uptime=101100s
2026-05-26 03:52:11,757 INFO gateway.memory_monitor: [MEMORY] rss=288MB gc=(165, 3, 20) threads=10 uptime=101400s
2026-05-26 03:57:11,758 INFO gateway.memory_monitor: [MEMORY] rss=288MB gc=(373, 4, 20) threads=10 uptime=101700s
2026-05-26 04:02:11,758 INFO gateway.memory_monitor: [MEMORY] rss=288MB gc=(625, 5, 20) threads=10 uptime=102000s
2026-05-26 04:04:43,703 INFO gateway.run: Session expiry: 1 sessions to finalize (telegram:1)
2026-05-26 04:04:43,704 INFO gateway.run: Session expiry done: 1 finalized
2026-05-26 04:07:11,759 INFO gateway.memory_monitor: [MEMORY] rss=288MB gc=(311, 7, 20) threads=10 uptime=102300s
2026-05-26 04:12:11,759 INFO gateway.memory_monitor: [MEMORY] rss=288MB gc=(139, 9, 20) threads=10 uptime=102600s
2026-05-26 04:17:11,760 INFO gateway.memory_monitor: [MEMORY] rss=288MB gc=(421, 10, 20) threads=10 uptime=102900s
2026-05-26 04:22:11,760 INFO gateway.memory_monitor: [MEMORY] rss=288MB gc=(0, 0, 21) threads=10 uptime=103200s
2026-05-26 04:27:11,761 INFO gateway.memory_monitor: [MEMORY] rss=288MB gc=(310, 1, 21) threads=10 uptime=103500s
2026-05-26 04:32:11,761 INFO gateway.memory_monitor: [MEMORY] rss=288MB gc=(139, 3, 21) threads=10 uptime=103800s
2026-05-26 04:37:11,762 INFO gateway.memory_monitor: [MEMORY] rss=288MB gc=(374, 4, 21) threads=10 uptime=104100s
2026-05-26 04:42:11,762 INFO gateway.memory_monitor: [MEMORY] rss=288MB gc=(625, 5, 21) threads=10 uptime=104400s
2026-05-26 04:47:11,763 INFO gateway.memory_monitor: [MEMORY] rss=288MB gc=(311, 7, 21) threads=10 uptime=104700s
2026-05-26 04:52:11,763 INFO gateway.memory_monitor: [MEMORY] rss=288MB gc=(165, 9, 21) threads=10 uptime=105000s
2026-05-26 04:57:11,764 INFO gateway.memory_monitor: [MEMORY] rss=288MB gc=(375, 10, 21) threads=10 uptime=105300s
2026-05-26 05:02:11,764 INFO gateway.memory_monitor: [MEMORY] rss=288MB gc=(627, 11, 21) threads=10 uptime=105600s
2026-05-26 05:07:11,765 INFO gateway.memory_monitor: [MEMORY] rss=288MB gc=(311, 1, 22) threads=10 uptime=105900s
2026-05-26 05:12:11,765 INFO gateway.memory_monitor: [MEMORY] rss=288MB gc=(134, 3, 22) threads=10 uptime=106200s
2026-05-26 05:17:11,766 INFO gateway.memory_monitor: [MEMORY] rss=288MB gc=(374, 4, 22) threads=10 uptime=106500s
2026-05-26 05:22:11,766 INFO gateway.memory_monitor: [MEMORY] rss=288MB gc=(627, 5, 22) threads=10 uptime=106800s
2026-05-26 05:27:11,767 INFO gateway.memory_monitor: [MEMORY] rss=288MB gc=(311, 7, 22) threads=10 uptime=107100s
2026-05-26 05:32:11,767 INFO gateway.memory_monitor: [MEMORY] rss=288MB gc=(137, 9, 22) threads=10 uptime=107400s
2026-05-26 05:37:11,768 INFO gateway.memory_monitor: [MEMORY] rss=288MB gc=(341, 10, 22) threads=10 uptime=107700s
2026-05-26 05:42:11,768 INFO gateway.memory_monitor: [MEMORY] rss=288MB gc=(579, 11, 22) threads=10 uptime=108000s
2026-05-26 05:47:11,768 INFO gateway.memory_monitor: [MEMORY] rss=288MB gc=(420, 1, 23) threads=10 uptime=108300s
2026-05-26 05:52:11,769 INFO gateway.memory_monitor: [MEMORY] rss=288MB gc=(652, 2, 23) threads=10 uptime=108600s
2026-05-26 05:57:11,770 INFO gateway.memory_monitor: [MEMORY] rss=288MB gc=(267, 4, 23) threads=10 uptime=108900s
2026-05-26 06:02:11,770 INFO gateway.memory_monitor: [MEMORY] rss=288MB gc=(517, 5, 23) threads=10 uptime=109200s
2026-05-26 06:07:11,771 INFO gateway.memory_monitor: [MEMORY] rss=288MB gc=(373, 7, 23) threads=10 uptime=109500s
2026-05-26 06:12:11,771 INFO gateway.memory_monitor: [MEMORY] rss=288MB gc=(623, 8, 23) threads=10 uptime=109800s
2026-05-26 06:17:11,772 INFO gateway.memory_monitor: [MEMORY] rss=288MB gc=(267, 10, 23) threads=10 uptime=110100s
2026-05-26 06:22:11,772 INFO gateway.memory_monitor: [MEMORY] rss=288MB gc=(548, 11, 23) threads=10 uptime=110400s
2026-05-26 06:27:11,772 INFO gateway.memory_monitor: [MEMORY] rss=288MB gc=(372, 1, 24) threads=10 uptime=110700s
2026-05-26 06:32:11,773 INFO gateway.memory_monitor: [MEMORY] rss=288MB gc=(622, 2, 24) threads=10 uptime=111000s
2026-05-26 06:37:11,773 INFO gateway.memory_monitor: [MEMORY] rss=288MB gc=(220, 4, 24) threads=10 uptime=111300s
2026-05-26 06:42:11,774 INFO gateway.memory_monitor: [MEMORY] rss=288MB gc=(485, 5, 24) threads=10 uptime=111600s
2026-05-26 06:47:11,774 INFO gateway.memory_monitor: [MEMORY] rss=288MB gc=(371, 7, 24) threads=10 uptime=111900s
2026-05-26 06:52:11,775 INFO gateway.memory_monitor: [MEMORY] rss=288MB gc=(621, 8, 24) threads=10 uptime=112200s
2026-05-26 06:57:11,775 INFO gateway.memory_monitor: [MEMORY] rss=288MB gc=(217, 10, 24) threads=10 uptime=112500s
2026-05-26 07:02:11,776 INFO gateway.memory_monitor: [MEMORY] rss=288MB gc=(484, 11, 24) threads=10 uptime=112800s
2026-05-26 07:07:11,776 INFO gateway.memory_monitor: [MEMORY] rss=288MB gc=(370, 1, 25) threads=10 uptime=113100s
2026-05-26 07:12:11,777 INFO gateway.memory_monitor: [MEMORY] rss=288MB gc=(619, 2, 25) threads=10 uptime=113400s
2026-05-26 07:17:11,778 INFO gateway.memory_monitor: [MEMORY] rss=288MB gc=(268, 4, 25) threads=10 uptime=113700s
2026-05-26 07:22:11,778 INFO gateway.memory_monitor: [MEMORY] rss=288MB gc=(515, 5, 25) threads=10 uptime=114000s
2026-05-26 07:27:11,779 INFO gateway.memory_monitor: [MEMORY] rss=288MB gc=(340, 7, 25) threads=10 uptime=114300s
2026-05-26 07:32:11,779 INFO gateway.memory_monitor: [MEMORY] rss=288MB gc=(545, 8, 25) threads=10 uptime=114600s
2026-05-26 07:37:11,779 INFO gateway.memory_monitor: [MEMORY] rss=288MB gc=(189, 10, 25) threads=10 uptime=114900s
2026-05-26 07:42:11,780 INFO gateway.memory_monitor: [MEMORY] rss=288MB gc=(421, 11, 25) threads=10 uptime=115200s
2026-05-26 07:47:11,780 INFO gateway.memory_monitor: [MEMORY] rss=288MB gc=(247, 1, 26) threads=10 uptime=115500s
2026-05-26 07:52:11,781 INFO gateway.memory_monitor: [MEMORY] rss=288MB gc=(482, 2, 26) threads=10 uptime=115800s
2026-05-26 07:57:11,781 INFO gateway.memory_monitor: [MEMORY] rss=288MB gc=(109, 4, 26) threads=10 uptime=116100s
2026-05-26 08:02:11,782 INFO gateway.memory_monitor: [MEMORY] rss=288MB gc=(343, 5, 26) threads=10 uptime=116400s
2026-05-26 08:07:11,782 INFO gateway.memory_monitor: [MEMORY] rss=288MB gc=(185, 7, 26) threads=10 uptime=116700s
2026-05-26 08:12:11,783 INFO gateway.memory_monitor: [MEMORY] rss=288MB gc=(389, 8, 26) threads=10 uptime=117000s
2026-05-26 08:17:11,783 INFO gateway.memory_monitor: [MEMORY] rss=288MB gc=(110, 10, 26) threads=10 uptime=117300s
2026-05-26 08:22:11,784 INFO gateway.memory_monitor: [MEMORY] rss=288MB gc=(342, 11, 26) threads=10 uptime=117600s
2026-05-26 08:27:11,784 INFO gateway.memory_monitor: [MEMORY] rss=288MB gc=(182, 1, 27) threads=10 uptime=117900s
2026-05-26 08:32:11,785 INFO gateway.memory_monitor: [MEMORY] rss=288MB gc=(389, 2, 27) threads=10 uptime=118200s
2026-05-26 08:37:11,785 INFO gateway.memory_monitor: [MEMORY] rss=288MB gc=(625, 3, 27) threads=10 uptime=118500s
2026-05-26 08:42:11,786 INFO gateway.memory_monitor: [MEMORY] rss=288MB gc=(309, 5, 27) threads=10 uptime=118800s
2026-05-26 08:47:11,786 INFO gateway.memory_monitor: [MEMORY] rss=288MB gc=(152, 7, 27) threads=10 uptime=119100s
2026-05-26 08:52:11,787 INFO gateway.memory_monitor: [MEMORY] rss=288MB gc=(356, 8, 27) threads=10 uptime=119400s
2026-05-26 08:57:11,787 INFO gateway.memory_monitor: [MEMORY] rss=288MB gc=(594, 9, 27) threads=10 uptime=119700s
2026-05-26 09:02:11,788 INFO gateway.memory_monitor: [MEMORY] rss=288MB gc=(216, 11, 27) threads=10 uptime=120000s
2026-05-26 09:07:11,788 INFO gateway.memory_monitor: [MEMORY] rss=288MB gc=(650, 0, 28) threads=10 uptime=120300s
2026-05-26 09:12:11,789 INFO gateway.memory_monitor: [MEMORY] rss=288MB gc=(310, 2, 28) threads=10 uptime=120600s
2026-05-26 09:17:11,789 INFO gateway.memory_monitor: [MEMORY] rss=288MB gc=(593, 3, 28) threads=10 uptime=120900s
2026-05-26 09:22:11,789 INFO gateway.memory_monitor: [MEMORY] rss=288MB gc=(217, 5, 28) threads=10 uptime=121200s
2026-05-26 09:27:11,790 INFO gateway.memory_monitor: [MEMORY] rss=288MB gc=(622, 6, 28) threads=10 uptime=121500s
2026-05-26 09:32:11,791 INFO gateway.memory_monitor: [MEMORY] rss=288MB gc=(310, 8, 28) threads=10 uptime=121800s
2026-05-26 09:37:11,791 INFO gateway.memory_monitor: [MEMORY] rss=288MB gc=(563, 9, 28) threads=10 uptime=122100s
2026-05-26 09:42:11,791 INFO gateway.memory_monitor: [MEMORY] rss=288MB gc=(185, 11, 28) threads=10 uptime=122400s
2026-05-26 09:47:11,792 INFO gateway.memory_monitor: [MEMORY] rss=288MB gc=(590, 0, 29) threads=10 uptime=122700s
2026-05-26 09:52:11,792 INFO gateway.memory_monitor: [MEMORY] rss=288MB gc=(217, 2, 29) threads=10 uptime=123000s
2026-05-26 09:57:11,793 INFO gateway.memory_monitor: [MEMORY] rss=288MB gc=(482, 3, 29) threads=10 uptime=123300s
2026-05-26 10:02:11,793 INFO gateway.memory_monitor: [MEMORY] rss=288MB gc=(136, 5, 29) threads=10 uptime=123600s
2026-05-26 10:07:11,794 INFO gateway.memory_monitor: [MEMORY] rss=288MB gc=(559, 6, 29) threads=10 uptime=123900s
2026-05-26 10:12:11,794 INFO gateway.memory_monitor: [MEMORY] rss=288MB gc=(187, 8, 29) threads=10 uptime=124200s
2026-05-26 10:17:11,795 INFO gateway.memory_monitor: [MEMORY] rss=288MB gc=(512, 9, 29) threads=10 uptime=124500s
2026-05-26 10:22:11,795 INFO gateway.memory_monitor: [MEMORY] rss=288MB gc=(136, 11, 29) threads=10 uptime=124800s
2026-05-26 10:27:11,796 INFO gateway.memory_monitor: [MEMORY] rss=288MB gc=(562, 0, 30) threads=10 uptime=125100s
2026-05-26 10:32:11,796 INFO gateway.memory_monitor: [MEMORY] rss=288MB gc=(186, 2, 30) threads=10 uptime=125400s
2026-05-26 10:37:11,797 INFO gateway.memory_monitor: [MEMORY] rss=288MB gc=(449, 3, 30) threads=10 uptime=125700s
2026-05-26 10:42:11,797 INFO gateway.memory_monitor: [MEMORY] rss=288MB gc=(337, 5, 30) threads=10 uptime=126000s
2026-05-26 10:47:11,798 INFO gateway.memory_monitor: [MEMORY] rss=288MB gc=(562, 6, 30) threads=10 uptime=126300s
2026-05-26 10:52:11,798 INFO gateway.memory_monitor: [MEMORY] rss=288MB gc=(187, 8, 30) threads=10 uptime=126600s
2026-05-26 10:57:11,799 INFO gateway.memory_monitor: [MEMORY] rss=288MB gc=(420, 9, 30) threads=10 uptime=126900s
2026-05-26 11:02:11,799 INFO gateway.memory_monitor: [MEMORY] rss=288MB gc=(244, 11, 30) threads=10 uptime=127200s
2026-05-26 11:07:11,800 INFO gateway.memory_monitor: [MEMORY] rss=288MB gc=(482, 0, 31) threads=10 uptime=127500s
2026-05-26 11:12:11,800 INFO gateway.memory_monitor: [MEMORY] rss=288MB gc=(155, 2, 31) threads=10 uptime=127800s
2026-05-26 11:17:11,801 INFO gateway.memory_monitor: [MEMORY] rss=288MB gc=(420, 3, 31) threads=10 uptime=128100s
2026-05-26 11:22:11,801 INFO gateway.memory_monitor: [MEMORY] rss=288MB gc=(216, 5, 31) threads=10 uptime=128400s
2026-05-26 11:27:11,802 INFO gateway.memory_monitor: [MEMORY] rss=288MB gc=(482, 6, 31) threads=10 uptime=128700s
2026-05-26 11:32:11,802 INFO gateway.memory_monitor: [MEMORY] rss=288MB gc=(124, 8, 31) threads=10 uptime=129000s
2026-05-26 11:37:11,803 INFO gateway.memory_monitor: [MEMORY] rss=288MB gc=(368, 9, 31) threads=10 uptime=129300s
2026-05-26 11:42:11,803 INFO gateway.memory_monitor: [MEMORY] rss=288MB gc=(170, 11, 31) threads=10 uptime=129600s
2026-05-26 11:44:37,575 INFO gateway.platforms.telegram: [Telegram] Flushing text batch agent:main:telegram:dm:8174123879 (73 chars)
2026-05-26 11:44:37,575 INFO gateway.run: inbound message: platform=telegram user=T chat=8174123879 msg="Try running it, lmk if you need anything, then let's try creating that PR"
2026-05-26 11:46:41,036 INFO gateway.run: response ready: platform=telegram chat=8174123879 time=123.5s api_calls=20 response=1209 chars
2026-05-26 11:46:41,071 INFO gateway.platforms.base: [Telegram] Sending response (1209 chars) to 8174123879
2026-05-26 11:47:11,804 INFO gateway.memory_monitor: [MEMORY] rss=290MB gc=(155, 10, 8) threads=12 uptime=129900s
2026-05-26 11:52:11,804 INFO gateway.memory_monitor: [MEMORY] rss=290MB gc=(339, 9, 9) threads=10 uptime=130200s
2026-05-26 11:57:11,805 INFO gateway.memory_monitor: [MEMORY] rss=290MB gc=(201, 11, 9) threads=10 uptime=130500s
2026-05-26 12:02:11,805 INFO gateway.memory_monitor: [MEMORY] rss=290MB gc=(493, 0, 10) threads=10 uptime=130800s
2026-05-26 12:07:11,806 INFO gateway.memory_monitor: [MEMORY] rss=290MB gc=(136, 2, 10) threads=10 uptime=131100s
2026-05-26 12:12:11,806 INFO gateway.memory_monitor: [MEMORY] rss=290MB gc=(340, 3, 10) threads=10 uptime=131400s
2026-05-26 12:17:11,807 INFO gateway.memory_monitor: [MEMORY] rss=290MB gc=(200, 5, 10) threads=10 uptime=131700s
2026-05-26 12:22:11,807 INFO gateway.memory_monitor: [MEMORY] rss=290MB gc=(462, 6, 10) threads=10 uptime=132000s
2026-05-26 12:27:11,808 INFO gateway.memory_monitor: [MEMORY] rss=290MB gc=(105, 8, 10) threads=10 uptime=132300s
2026-05-26 12:32:11,808 INFO gateway.memory_monitor: [MEMORY] rss=290MB gc=(338, 9, 10) threads=10 uptime=132600s
2026-05-26 12:37:11,808 INFO gateway.memory_monitor: [MEMORY] rss=290MB gc=(139, 11, 10) threads=10 uptime=132900s
2026-05-26 12:42:11,809 INFO gateway.memory_monitor: [MEMORY] rss=290MB gc=(369, 0, 11) threads=10 uptime=133200s
2026-05-26 12:47:11,810 INFO gateway.memory_monitor: [MEMORY] rss=290MB gc=(607, 1, 11) threads=10 uptime=133500s
2026-05-26 12:50:10,918 INFO gateway.run: Agent cache idle-TTL evict: session=agent:main:telegram:dm:8174123879 (idle=3810s)
2026-05-26 12:50:10,918 INFO gateway.run: Agent cache idle sweep: evicted 1 agent(s)
2026-05-26 12:52:11,810 INFO gateway.memory_monitor: [MEMORY] rss=290MB gc=(206, 3, 11) threads=10 uptime=133800s
2026-05-26 12:57:11,810 INFO gateway.memory_monitor: [MEMORY] rss=290MB gc=(635, 4, 11) threads=10 uptime=134100s
2026-05-26 13:02:11,811 INFO gateway.memory_monitor: [MEMORY] rss=290MB gc=(247, 6, 11) threads=10 uptime=134400s
2026-05-26 13:07:11,811 INFO gateway.memory_monitor: [MEMORY] rss=290MB gc=(541, 7, 11) threads=10 uptime=134700s
2026-05-26 13:12:11,812 INFO gateway.memory_monitor: [MEMORY] rss=290MB gc=(142, 9, 11) threads=10 uptime=135000s
2026-05-26 13:17:11,812 INFO gateway.memory_monitor: [MEMORY] rss=290MB gc=(634, 10, 11) threads=10 uptime=135300s
2026-05-26 13:22:11,813 INFO gateway.memory_monitor: [MEMORY] rss=290MB gc=(278, 0, 12) threads=10 uptime=135600s
2026-05-26 13:27:11,813 INFO gateway.memory_monitor: [MEMORY] rss=290MB gc=(511, 1, 12) threads=10 uptime=135900s
2026-05-26 13:32:11,814 INFO gateway.memory_monitor: [MEMORY] rss=290MB gc=(138, 3, 12) threads=10 uptime=136200s
2026-05-26 13:37:11,814 INFO gateway.memory_monitor: [MEMORY] rss=290MB gc=(572, 4, 12) threads=10 uptime=136500s
2026-05-26 13:42:11,815 INFO gateway.memory_monitor: [MEMORY] rss=290MB gc=(227, 6, 12) threads=10 uptime=136800s
2026-05-26 13:47:11,815 INFO gateway.memory_monitor: [MEMORY] rss=290MB gc=(468, 7, 12) threads=10 uptime=137100s
2026-05-26 13:52:11,816 INFO gateway.memory_monitor: [MEMORY] rss=290MB gc=(107, 9, 12) threads=10 uptime=137400s
2026-05-26 13:57:11,816 INFO gateway.memory_monitor: [MEMORY] rss=290MB gc=(541, 10, 12) threads=10 uptime=137700s
2026-05-26 14:02:11,817 INFO gateway.memory_monitor: [MEMORY] rss=290MB gc=(197, 0, 13) threads=10 uptime=138000s
2026-05-26 14:07:11,817 INFO gateway.memory_monitor: [MEMORY] rss=290MB gc=(435, 1, 13) threads=10 uptime=138300s
2026-05-26 14:12:11,818 INFO gateway.memory_monitor: [MEMORY] rss=290MB gc=(41, 3, 13) threads=10 uptime=138600s
2026-05-26 14:17:11,818 INFO gateway.memory_monitor: [MEMORY] rss=290MB gc=(541, 4, 13) threads=10 uptime=138900s
2026-05-26 14:22:11,819 INFO gateway.memory_monitor: [MEMORY] rss=290MB gc=(165, 6, 13) threads=10 uptime=139200s
2026-05-26 14:27:11,819 INFO gateway.memory_monitor: [MEMORY] rss=290MB gc=(434, 7, 13) threads=10 uptime=139500s
2026-05-26 14:32:11,820 INFO gateway.memory_monitor: [MEMORY] rss=290MB gc=(244, 9, 13) threads=10 uptime=139800s
2026-05-26 14:37:11,820 INFO gateway.memory_monitor: [MEMORY] rss=290MB gc=(510, 10, 13) threads=10 uptime=140100s
2026-05-26 14:42:11,821 INFO gateway.memory_monitor: [MEMORY] rss=290MB gc=(166, 0, 14) threads=10 uptime=140400s
2026-05-26 14:47:11,821 INFO gateway.memory_monitor: [MEMORY] rss=290MB gc=(403, 1, 14) threads=10 uptime=140700s
2026-05-26 14:52:11,822 INFO gateway.memory_monitor: [MEMORY] rss=290MB gc=(244, 3, 14) threads=10 uptime=141000s
2026-05-26 14:57:11,822 INFO gateway.memory_monitor: [MEMORY] rss=290MB gc=(462, 4, 14) threads=10 uptime=141300s
2026-05-26 15:02:11,823 INFO gateway.memory_monitor: [MEMORY] rss=290MB gc=(135, 6, 14) threads=10 uptime=141600s
2026-05-26 15:07:11,823 INFO gateway.memory_monitor: [MEMORY] rss=290MB gc=(373, 7, 14) threads=10 uptime=141900s
2026-05-26 15:12:11,824 INFO gateway.memory_monitor: [MEMORY] rss=290MB gc=(200, 9, 14) threads=10 uptime=142200s
2026-05-26 15:17:11,824 INFO gateway.memory_monitor: [MEMORY] rss=290MB gc=(463, 10, 14) threads=10 uptime=142500s
2026-05-26 15:22:11,825 INFO gateway.memory_monitor: [MEMORY] rss=290MB gc=(104, 0, 15) threads=10 uptime=142800s
2026-05-26 15:27:11,825 INFO gateway.memory_monitor: [MEMORY] rss=290MB gc=(341, 1, 15) threads=10 uptime=143100s
2026-05-26 15:32:11,826 INFO gateway.memory_monitor: [MEMORY] rss=290MB gc=(169, 3, 15) threads=10 uptime=143400s
2026-05-26 15:37:11,826 INFO gateway.memory_monitor: [MEMORY] rss=290MB gc=(463, 4, 15) threads=10 uptime=143700s
2026-05-26 15:42:11,827 INFO gateway.memory_monitor: [MEMORY] rss=290MB gc=(103, 6, 15) threads=10 uptime=144000s
2026-05-26 15:47:11,827 INFO gateway.memory_monitor: [MEMORY] rss=290MB gc=(342, 7, 15) threads=10 uptime=144300s
2026-05-26 15:52:11,828 INFO gateway.memory_monitor: [MEMORY] rss=290MB gc=(168, 9, 15) threads=10 uptime=144600s
2026-05-26 15:57:11,828 INFO gateway.memory_monitor: [MEMORY] rss=290MB gc=(400, 10, 15) threads=10 uptime=144900s
2026-05-26 16:02:11,829 INFO gateway.memory_monitor: [MEMORY] rss=290MB gc=(666, 11, 15) threads=10 uptime=145200s
2026-05-26 16:07:11,829 INFO gateway.memory_monitor: [MEMORY] rss=290MB gc=(309, 1, 16) threads=10 uptime=145500s
2026-05-26 16:12:11,830 INFO gateway.memory_monitor: [MEMORY] rss=290MB gc=(137, 3, 16) threads=10 uptime=145800s
2026-05-26 16:17:11,830 INFO gateway.memory_monitor: [MEMORY] rss=290MB gc=(431, 4, 16) threads=10 uptime=146100s
2026-05-26 16:22:11,831 INFO gateway.memory_monitor: [MEMORY] rss=290MB gc=(640, 5, 16) threads=10 uptime=146400s
2026-05-26 16:27:11,831 INFO gateway.memory_monitor: [MEMORY] rss=290MB gc=(279, 7, 16) threads=10 uptime=146700s
2026-05-26 16:32:11,832 INFO gateway.memory_monitor: [MEMORY] rss=290MB gc=(104, 9, 16) threads=10 uptime=147000s
2026-05-26 16:37:11,832 INFO gateway.memory_monitor: [MEMORY] rss=290MB gc=(367, 10, 16) threads=10 uptime=147300s
2026-05-26 16:42:11,833 INFO gateway.memory_monitor: [MEMORY] rss=290MB gc=(605, 11, 16) threads=10 uptime=147600s
2026-05-26 16:47:11,833 INFO gateway.memory_monitor: [MEMORY] rss=290MB gc=(265, 1, 17) threads=10 uptime=147900s
2026-05-26 16:52:11,834 INFO gateway.memory_monitor: [MEMORY] rss=290MB gc=(104, 3, 17) threads=10 uptime=148200s
2026-05-26 16:57:11,834 INFO gateway.memory_monitor: [MEMORY] rss=290MB gc=(310, 4, 17) threads=10 uptime=148500s
2026-05-26 17:02:11,835 INFO gateway.memory_monitor: [MEMORY] rss=290MB gc=(573, 5, 17) threads=10 uptime=148800s
2026-05-26 17:07:11,835 INFO gateway.memory_monitor: [MEMORY] rss=290MB gc=(230, 7, 17) threads=10 uptime=149100s
2026-05-26 17:12:11,836 INFO gateway.memory_monitor: [MEMORY] rss=290MB gc=(0, 9, 17) threads=10 uptime=149400s
2026-05-26 17:17:11,836 INFO gateway.memory_monitor: [MEMORY] rss=290MB gc=(341, 10, 17) threads=10 uptime=149700s
2026-05-26 17:22:11,837 INFO gateway.memory_monitor: [MEMORY] rss=290MB gc=(575, 11, 17) threads=10 uptime=150000s
2026-05-26 17:27:11,837 INFO gateway.memory_monitor: [MEMORY] rss=290MB gc=(229, 1, 18) threads=10 uptime=150300s
2026-05-26 17:32:11,837 INFO gateway.memory_monitor: [MEMORY] rss=290MB gc=(638, 2, 18) threads=10 uptime=150600s
2026-05-26 17:37:11,838 INFO gateway.memory_monitor: [MEMORY] rss=290MB gc=(267, 4, 18) threads=10 uptime=150900s
2026-05-26 17:42:11,839 INFO gateway.memory_monitor: [MEMORY] rss=290MB gc=(541, 5, 18) threads=10 uptime=151200s
2026-05-26 17:47:11,839 INFO gateway.memory_monitor: [MEMORY] rss=290MB gc=(138, 7, 18) threads=10 uptime=151500s
2026-05-26 17:52:11,840 INFO gateway.memory_monitor: [MEMORY] rss=290MB gc=(575, 8, 18) threads=10 uptime=151800s
2026-05-26 17:57:11,840 INFO gateway.memory_monitor: [MEMORY] rss=290MB gc=(199, 10, 18) threads=10 uptime=152100s
2026-05-26 18:02:11,841 INFO gateway.memory_monitor: [MEMORY] rss=290MB gc=(540, 11, 18) threads=10 uptime=152400s
2026-05-26 18:07:11,841 INFO gateway.memory_monitor: [MEMORY] rss=290MB gc=(138, 1, 19) threads=10 uptime=152700s
2026-05-26 18:12:11,842 INFO gateway.memory_monitor: [MEMORY] rss=290MB gc=(575, 2, 19) threads=10 uptime=153000s
2026-05-26 18:17:11,842 INFO gateway.memory_monitor: [MEMORY] rss=290MB gc=(245, 4, 19) threads=10 uptime=153300s
2026-05-26 18:22:11,842 INFO gateway.memory_monitor: [MEMORY] rss=290MB gc=(510, 5, 19) threads=10 uptime=153600s
2026-05-26 18:27:11,843 INFO gateway.memory_monitor: [MEMORY] rss=290MB gc=(109, 7, 19) threads=10 uptime=153900s
2026-05-26 18:32:11,843 INFO gateway.memory_monitor: [MEMORY] rss=290MB gc=(543, 8, 19) threads=10 uptime=154200s
2026-05-26 18:37:11,844 INFO gateway.memory_monitor: [MEMORY] rss=290MB gc=(199, 10, 19) threads=10 uptime=154500s
2026-05-26 18:41:18,411 INFO gateway.run: Document cache cleanup: removed 1 stale file(s)
2026-05-26 18:42:11,844 INFO gateway.memory_monitor: [MEMORY] rss=290MB gc=(478, 11, 19) threads=10 uptime=154800s
2026-05-26 18:47:11,845 INFO gateway.memory_monitor: [MEMORY] rss=290MB gc=(49, 1, 20) threads=10 uptime=155100s
2026-05-26 18:52:11,845 INFO gateway.memory_monitor: [MEMORY] rss=290MB gc=(512, 2, 20) threads=10 uptime=155400s
2026-05-26 18:57:11,846 INFO gateway.memory_monitor: [MEMORY] rss=290MB gc=(167, 4, 20) threads=10 uptime=155700s
2026-05-26 19:02:11,846 INFO gateway.memory_monitor: [MEMORY] rss=290MB gc=(433, 5, 20) threads=10 uptime=156000s
2026-05-26 19:07:11,847 INFO gateway.memory_monitor: [MEMORY] rss=290MB gc=(266, 7, 20) threads=10 uptime=156300s
2026-05-26 19:12:11,847 INFO gateway.memory_monitor: [MEMORY] rss=290MB gc=(512, 8, 20) threads=10 uptime=156600s
2026-05-26 19:17:11,848 INFO gateway.memory_monitor: [MEMORY] rss=290MB gc=(198, 10, 20) threads=10 uptime=156900s
2026-05-26 19:22:11,848 INFO gateway.memory_monitor: [MEMORY] rss=290MB gc=(432, 11, 20) threads=10 uptime=157200s
2026-05-26 19:27:11,849 INFO gateway.memory_monitor: [MEMORY] rss=290MB gc=(267, 1, 21) threads=10 uptime=157500s
2026-05-26 19:32:11,849 INFO gateway.memory_monitor: [MEMORY] rss=290MB gc=(511, 2, 21) threads=10 uptime=157800s
2026-05-26 19:37:11,850 INFO gateway.memory_monitor: [MEMORY] rss=290MB gc=(135, 4, 21) threads=10 uptime=158100s
2026-05-26 19:42:11,850 INFO gateway.memory_monitor: [MEMORY] rss=290MB gc=(398, 5, 21) threads=10 uptime=158400s
2026-05-26 19:47:11,851 INFO gateway.memory_monitor: [MEMORY] rss=290MB gc=(169, 7, 21) threads=10 uptime=158700s
2026-05-26 19:52:11,851 INFO gateway.memory_monitor: [MEMORY] rss=290MB gc=(480, 8, 21) threads=10 uptime=159000s
2026-05-26 19:57:11,852 INFO gateway.memory_monitor: [MEMORY] rss=290MB gc=(104, 10, 21) threads=10 uptime=159300s
2026-05-26 20:02:11,852 INFO gateway.memory_monitor: [MEMORY] rss=290MB gc=(343, 11, 21) threads=10 uptime=159600s
2026-05-26 20:07:11,853 INFO gateway.memory_monitor: [MEMORY] rss=290MB gc=(169, 1, 22) threads=10 uptime=159900s
2026-05-26 20:12:11,853 INFO gateway.memory_monitor: [MEMORY] rss=290MB gc=(479, 2, 22) threads=10 uptime=160200s
2026-05-26 20:15:12,864 INFO gateway.platforms.telegram: [Telegram] Flushing text batch agent:main:telegram:dm:8174123879 (86 chars)
2026-05-26 20:15:12,865 INFO gateway.run: inbound message: platform=telegram user=T chat=8174123879 msg="Alright, so I closed that up. We put a pin in the playtesting. Let's pick that b"
2026-05-26 20:17:11,854 INFO gateway.memory_monitor: [MEMORY] rss=290MB gc=(438, 2, 28) threads=11 uptime=160500s
2026-05-26 20:22:11,854 INFO gateway.memory_monitor: [MEMORY] rss=294MB gc=(171, 7, 42) threads=11 uptime=160800s
2026-05-26 20:25:44,190 INFO [20260526_114437_05363f27] gateway.run: Session split detected: 20260526_114437_05363f27 → 20260526_201829_aebe7c (compression)
2026-05-26 20:25:44,213 INFO gateway.run: response ready: platform=telegram chat=8174123879 time=631.3s api_calls=78 response=1279 chars
2026-05-26 20:25:44,218 INFO gateway.platforms.base: [Telegram] Sending response (1279 chars) to 8174123879
2026-05-26 20:27:11,855 INFO gateway.memory_monitor: [MEMORY] rss=305MB gc=(216, 9, 48) threads=12 uptime=161100s
2026-05-26 20:32:11,856 INFO gateway.memory_monitor: [MEMORY] rss=308MB gc=(165, 4, 50) threads=10 uptime=161400s
2026-05-26 20:37:11,856 INFO gateway.memory_monitor: [MEMORY] rss=308MB gc=(406, 5, 50) threads=10 uptime=161700s
2026-05-26 20:42:11,856 INFO gateway.memory_monitor: [MEMORY] rss=308MB gc=(267, 7, 50) threads=10 uptime=162000s
2026-05-26 20:47:11,857 INFO gateway.memory_monitor: [MEMORY] rss=308MB gc=(510, 8, 50) threads=10 uptime=162300s
2026-05-26 20:52:11,858 INFO gateway.memory_monitor: [MEMORY] rss=308MB gc=(166, 10, 50) threads=10 uptime=162600s
2026-05-26 20:57:11,858 INFO gateway.memory_monitor: [MEMORY] rss=308MB gc=(374, 11, 50) threads=10 uptime=162900s
2026-05-26 21:02:11,858 INFO gateway.memory_monitor: [MEMORY] rss=308MB gc=(169, 1, 51) threads=10 uptime=163200s
2026-05-26 21:07:11,859 INFO gateway.memory_monitor: [MEMORY] rss=308MB gc=(401, 2, 51) threads=10 uptime=163500s
2026-05-26 21:12:11,859 INFO gateway.memory_monitor: [MEMORY] rss=308MB gc=(652, 3, 51) threads=10 uptime=163800s
2026-05-26 21:17:11,860 INFO gateway.memory_monitor: [MEMORY] rss=308MB gc=(317, 5, 51) threads=10 uptime=164100s
2026-05-26 21:20:29,666 INFO gateway.platforms.telegram: [Telegram] Flushing text batch agent:main:telegram:dm:8174123879 (81 chars)
2026-05-26 21:20:29,667 INFO gateway.run: inbound message: platform=telegram user=T chat=8174123879 msg="Just double checking, this doesn't get in the way of any other automated testing"
2026-05-26 21:20:47,424 INFO gateway.run: response ready: platform=telegram chat=8174123879 time=17.8s api_calls=2 response=880 chars
2026-05-26 21:20:47,429 INFO gateway.platforms.base: [Telegram] Sending response (880 chars) to 8174123879
2026-05-26 21:22:11,860 INFO gateway.memory_monitor: [MEMORY] rss=308MB gc=(364, 2, 53) threads=10 uptime=164400s
2026-05-26 21:23:21,838 INFO gateway.platforms.telegram: [Telegram] Flushing text batch agent:main:telegram:dm:8174123879 (115 chars)
2026-05-26 21:23:21,838 INFO gateway.run: inbound message: platform=telegram user=T chat=8174123879 msg='Okay, merged it. So now, I have the "oversight" skill in both mechanics and in M'
2026-05-26 21:27:11,861 INFO gateway.memory_monitor: [MEMORY] rss=308MB gc=(331, 10, 5) threads=11 uptime=164700s
2026-05-26 21:28:29,674 INFO gateway.platforms.telegram: Telegram clarify button resolved (id=c90c7cf10e, choice='Promote top candidate: Battle log two-line format', user=T)
2026-05-26 21:31:59,070 INFO [20260526_201829_aebe7c] gateway.run: Session split detected: 20260526_201829_aebe7c → 20260526_212522_8b7381 (compression)
2026-05-26 21:31:59,117 INFO gateway.run: response ready: platform=telegram chat=8174123879 time=517.3s api_calls=22 response=828 chars
2026-05-26 21:31:59,163 INFO gateway.platforms.base: [Telegram] Sending response (828 chars) to 8174123879
2026-05-26 21:32:11,861 INFO gateway.memory_monitor: [MEMORY] rss=311MB gc=(106, 0, 10) threads=12 uptime=165000s
2026-05-26 21:32:36,583 INFO gateway.platforms.telegram: [Telegram] Flushing text batch agent:main:telegram:dm:8174123879 (3 chars)
2026-05-26 21:32:36,584 INFO gateway.run: inbound message: platform=telegram user=T chat=8174123879 msg='Yes'
2026-05-26 21:37:04,482 INFO [20260526_212522_8b7381] gateway.run: Session split detected: 20260526_212522_8b7381 → 20260526_213545_92b513 (compression)
2026-05-26 21:37:04,488 INFO gateway.run: response ready: platform=telegram chat=8174123879 time=267.9s api_calls=11 response=1139 chars
2026-05-26 21:37:04,492 INFO gateway.platforms.base: [Telegram] Sending response (1139 chars) to 8174123879
2026-05-26 21:37:11,862 INFO gateway.memory_monitor: [MEMORY] rss=316MB gc=(93, 6, 15) threads=10 uptime=165300s
2026-05-26 21:39:44,654 INFO gateway.platforms.telegram: [Telegram] Flushing text batch agent:main:telegram:dm:8174123879 (37 chars)
2026-05-26 21:39:44,655 INFO gateway.run: inbound message: platform=telegram user=T chat=8174123879 msg='Run oversight skill on mechanics repo'
2026-05-26 21:40:47,690 INFO gateway.run: response ready: platform=telegram chat=8174123879 time=63.0s api_calls=4 response=1520 chars
2026-05-26 21:40:47,705 INFO gateway.platforms.base: [Telegram] Sending response (1520 chars) to 8174123879
2026-05-26 21:42:11,863 INFO gateway.memory_monitor: [MEMORY] rss=321MB gc=(310, 8, 18) threads=10 uptime=165600s
2026-05-26 21:47:11,863 INFO gateway.memory_monitor: [MEMORY] rss=322MB gc=(0, 10, 18) threads=10 uptime=165900s
2026-05-26 21:52:11,864 INFO gateway.memory_monitor: [MEMORY] rss=322MB gc=(368, 11, 18) threads=10 uptime=166200s
2026-05-26 21:55:17,531 INFO gateway.platforms.telegram: [Telegram] Flushing text batch agent:main:telegram:dm:8174123879 (24 chars)
2026-05-26 21:55:17,531 INFO gateway.run: inbound message: platform=telegram user=T chat=8174123879 msg="Let's do your suggestion"
2026-05-26 21:57:09,974 INFO gateway.run: response ready: platform=telegram chat=8174123879 time=112.4s api_calls=10 response=795 chars
2026-05-26 21:57:09,978 INFO gateway.platforms.base: [Telegram] Sending response (795 chars) to 8174123879
2026-05-26 21:57:11,864 INFO gateway.memory_monitor: [MEMORY] rss=329MB gc=(39, 6, 22) threads=10 uptime=166500s
2026-05-26 21:58:54,325 INFO gateway.platforms.telegram: [Telegram] Flushing text batch agent:main:telegram:dm:8174123879 (38 chars)
2026-05-26 21:58:54,325 INFO gateway.run: inbound message: platform=telegram user=T chat=8174123879 msg='What does our current staff look like?'
2026-05-26 22:01:05,625 INFO [20260526_213545_92b513] gateway.run: Session split detected: 20260526_213545_92b513 → 20260526_220054_0b13cf (compression)
2026-05-26 22:01:05,627 INFO gateway.run: response ready: platform=telegram chat=8174123879 time=131.3s api_calls=2 response=1245 chars
2026-05-26 22:01:05,630 INFO gateway.platforms.base: [Telegram] Sending response (1245 chars) to 8174123879
2026-05-26 22:02:11,865 INFO gateway.memory_monitor: [MEMORY] rss=330MB gc=(265, 6, 24) threads=10 uptime=166800s
2026-05-26 22:02:57,788 WARNING gateway.run: Unrecognized slash command /start from telegram — replying with unknown-command notice
2026-05-26 22:02:57,788 INFO gateway.platforms.base: [Telegram] Sending response (131 chars) to 8174123879
2026-05-26 22:03:23,699 INFO gateway.platforms.telegram: [Telegram] Flushing text batch agent:main:telegram:dm:8174123879 (274 chars)
2026-05-26 22:03:23,700 INFO gateway.run: inbound message: platform=telegram user=T chat=8174123879 msg="Alright, now that we have a harness to playtest the mechanics, let's just figure"
2026-05-26 22:07:11,865 INFO gateway.memory_monitor: [MEMORY] rss=330MB gc=(100, 7, 31) threads=12 uptime=167100s
2026-05-26 22:10:24,741 INFO gateway.platforms.telegram: Telegram button resolved 1 approval(s) for session agent:main:telegram:dm:8174123879 (choice=always, user=T)
2026-05-26 22:12:11,866 INFO gateway.memory_monitor: [MEMORY] rss=365MB gc=(115, 5, 11) threads=12 uptime=167400s
2026-05-26 22:13:16,763 INFO gateway.run: response ready: platform=telegram chat=8174123879 time=593.1s api_calls=44 response=4532 chars
2026-05-26 22:13:16,765 INFO gateway.run: Watch pattern notification — injecting for telegram chat=8174123879 thread=None
2026-05-26 22:13:16,777 INFO gateway.platforms.base: [Telegram] Sending response (4532 chars) to 8174123879
2026-05-26 22:13:17,653 INFO gateway.run: inbound message: platform=telegram user=T chat=8174123879 msg='[IMPORTANT: Background process proc_554d74e8859f matched watch pattern "Waiting '
2026-05-26 22:13:21,954 INFO gateway.run: response ready: platform=telegram chat=8174123879 time=4.3s api_calls=1 response=370 chars
2026-05-26 22:13:22,035 INFO gateway.platforms.base: [Telegram] Sending response (370 chars) to 8174123879
2026-05-26 22:17:11,866 INFO gateway.memory_monitor: [MEMORY] rss=365MB gc=(184, 2, 17) threads=11 uptime=167700s
2026-05-26 22:22:11,867 INFO gateway.memory_monitor: [MEMORY] rss=365MB gc=(571, 3, 17) threads=11 uptime=168000s
2026-05-26 22:27:11,867 INFO gateway.memory_monitor: [MEMORY] rss=365MB gc=(199, 5, 17) threads=11 uptime=168300s
2026-05-26 22:28:50,749 INFO gateway.platforms.telegram: [Telegram] Flushing text batch agent:main:telegram:dm:8174123879 (249 chars)
2026-05-26 22:28:50,750 INFO gateway.run: inbound message: platform=telegram user=T chat=8174123879 msg='In 2 different PRs, create a Hermes-native playtest procedure/config and fix tha'
2026-05-26 22:31:44,550 INFO gateway.platforms.telegram: Telegram button resolved 1 approval(s) for session agent:main:telegram:dm:8174123879 (choice=always, user=T)
2026-05-26 22:32:11,868 INFO gateway.memory_monitor: [MEMORY] rss=365MB gc=(0, 5, 11) threads=13 uptime=168600s
2026-05-26 22:35:58,013 ERROR gateway.platforms.telegram: [Telegram] Failed to edit Telegram message 70: Message to edit not found
Traceback (most recent call last):
  File "/usr/local/lib/hermes-agent/gateway/platforms/telegram.py", line 1989, in edit_message
    await self._bot.edit_message_text(
  File "/usr/local/lib/hermes-agent/venv/lib/python3.11/site-packages/telegram/ext/_extbot.py", line 1732, in edit_message_text
    return await super().edit_message_text(
           ^^^^^^^^^^^^^^^^^^^^^^^^^^^^^^^^
  File "/usr/local/lib/hermes-agent/venv/lib/python3.11/site-packages/telegram/_bot.py", line 4543, in edit_message_text
    return await self._send_message(
           ^^^^^^^^^^^^^^^^^^^^^^^^^
  File "/usr/local/lib/hermes-agent/venv/lib/python3.11/site-packages/telegram/ext/_extbot.py", line 629, in _send_message
    result = await super()._send_message(
             ^^^^^^^^^^^^^^^^^^^^^^^^^^^^
  File "/usr/local/lib/hermes-agent/venv/lib/python3.11/site-packages/telegram/_bot.py", line 819, in _send_message
    result = await self._post(
             ^^^^^^^^^^^^^^^^^
  File "/usr/local/lib/hermes-agent/venv/lib/python3.11/site-packages/telegram/_bot.py", line 703, in _post
    return await self._do_post(
           ^^^^^^^^^^^^^^^^^^^^
  File "/usr/local/lib/hermes-agent/venv/lib/python3.11/site-packages/telegram/ext/_extbot.py", line 369, in _do_post
    return await super()._do_post(
           ^^^^^^^^^^^^^^^^^^^^^^^
  File "/usr/local/lib/hermes-agent/venv/lib/python3.11/site-packages/telegram/_bot.py", line 732, in _do_post
    result = await request.post(
             ^^^^^^^^^^^^^^^^^^^
  File "/usr/local/lib/hermes-agent/venv/lib/python3.11/site-packages/telegram/request/_baserequest.py", line 198, in post
    result = await self._request_wrapper(
             ^^^^^^^^^^^^^^^^^^^^^^^^^^^^
  File "/usr/local/lib/hermes-agent/venv/lib/python3.11/site-packages/telegram/request/_baserequest.py", line 375, in _request_wrapper
    raise exception
telegram.error.BadRequest: Message to edit not found

During handling of the above exception, another exception occurred:

Traceback (most recent call last):
  File "/usr/local/lib/hermes-agent/gateway/platforms/telegram.py", line 2000, in edit_message
    await self._bot.edit_message_text(
  File "/usr/local/lib/hermes-agent/venv/lib/python3.11/site-packages/telegram/ext/_extbot.py", line 1732, in edit_message_text
    return await super().edit_message_text(
           ^^^^^^^^^^^^^^^^^^^^^^^^^^^^^^^^
  File "/usr/local/lib/hermes-agent/venv/lib/python3.11/site-packages/telegram/_bot.py", line 4543, in edit_message_text
    return await self._send_message(
           ^^^^^^^^^^^^^^^^^^^^^^^^^
  File "/usr/local/lib/hermes-agent/venv/lib/python3.11/site-packages/telegram/ext/_extbot.py", line 629, in _send_message
    result = await super()._send_message(
             ^^^^^^^^^^^^^^^^^^^^^^^^^^^^
  File "/usr/local/lib/hermes-agent/venv/lib/python3.11/site-packages/telegram/_bot.py", line 819, in _send_message
    result = await self._post(
             ^^^^^^^^^^^^^^^^^
  File "/usr/local/lib/hermes-agent/venv/lib/python3.11/site-packages/telegram/_bot.py", line 703, in _post
    return await self._do_post(
           ^^^^^^^^^^^^^^^^^^^^
  File "/usr/local/lib/hermes-agent/venv/lib/python3.11/site-packages/telegram/ext/_extbot.py", line 369, in _do_post
    return await super()._do_post(
           ^^^^^^^^^^^^^^^^^^^^^^^
  File "/usr/local/lib/hermes-agent/venv/lib/python3.11/site-packages/telegram/_bot.py", line 732, in _do_post
    result = await request.post(
             ^^^^^^^^^^^^^^^^^^^
  File "/usr/local/lib/hermes-agent/venv/lib/python3.11/site-packages/telegram/request/_baserequest.py", line 198, in post
    result = await self._request_wrapper(
             ^^^^^^^^^^^^^^^^^^^^^^^^^^^^
  File "/usr/local/lib/hermes-agent/venv/lib/python3.11/site-packages/telegram/request/_baserequest.py", line 375, in _request_wrapper
    raise exception
telegram.error.BadRequest: Message to edit not found
2026-05-26 22:37:11,868 INFO gateway.memory_monitor: [MEMORY] rss=365MB gc=(227, 10, 33) threads=13 uptime=168900s
2026-05-26 22:39:38,981 INFO [20260526_220054_0b13cf] gateway.run: Session split detected: 20260526_220054_0b13cf → 20260526_223603_5c5f3e (compression)
2026-05-26 22:39:39,006 INFO gateway.run: response ready: platform=telegram chat=8174123879 time=648.3s api_calls=47 response=2038 chars
2026-05-26 22:39:39,007 INFO gateway.run: Watch pattern notification — injecting for telegram chat=8174123879 thread=None
2026-05-26 22:39:39,018 INFO gateway.platforms.base: [Telegram] Sending response (2038 chars) to 8174123879
2026-05-26 22:39:39,468 INFO gateway.run: inbound message: platform=telegram user=T chat=8174123879 msg='[IMPORTANT: Background process proc_f415a3c09a18 matched watch pattern "Waiting '
2026-05-26 22:39:49,269 INFO gateway.run: response ready: platform=telegram chat=8174123879 time=9.8s api_calls=1 response=75 chars
2026-05-26 22:39:49,272 INFO gateway.platforms.base: [Telegram] Sending response (84 chars) to 8174123879
2026-05-26 22:42:11,869 INFO gateway.memory_monitor: [MEMORY] rss=365MB gc=(679, 2, 38) threads=12 uptime=169200s
2026-05-26 22:43:48,995 INFO gateway.platforms.telegram: [Telegram] Flushing text batch agent:main:telegram:dm:8174123879 (23 chars)
2026-05-26 22:43:48,996 INFO gateway.run: inbound message: platform=telegram user=T chat=8174123879 msg="Yes, let's hire The Kid"
2026-05-26 22:44:01,620 INFO gateway.run: response ready: platform=telegram chat=8174123879 time=12.6s api_calls=1 response=75 chars
2026-05-26 22:44:01,625 INFO gateway.platforms.base: [Telegram] Sending response (84 chars) to 8174123879
2026-05-26 22:45:48,075 INFO gateway.platforms.telegram: [Telegram] Flushing text batch agent:main:telegram:dm:8174123879 (23 chars)
2026-05-26 22:45:48,076 INFO gateway.run: inbound message: platform=telegram user=T chat=8174123879 msg="Yes, let's hire The Kid"
2026-05-26 22:45:56,313 INFO gateway.run: response ready: platform=telegram chat=8174123879 time=8.2s api_calls=1 response=75 chars
2026-05-26 22:45:56,318 INFO gateway.platforms.base: [Telegram] Sending response (84 chars) to 8174123879
2026-05-26 22:47:11,870 INFO gateway.memory_monitor: [MEMORY] rss=365MB gc=(330, 7, 40) threads=12 uptime=169500s
2026-05-26 22:49:06,995 INFO gateway.platforms.telegram: [Telegram] Flushing text batch agent:main:telegram:dm:8174123879 (23 chars)
2026-05-26 22:49:06,996 INFO gateway.run: inbound message: platform=telegram user=T chat=8174123879 msg="Yes, let's hire The Kid"
2026-05-26 22:49:16,890 INFO gateway.run: response ready: platform=telegram chat=8174123879 time=9.9s api_calls=1 response=75 chars
2026-05-26 22:49:16,894 INFO gateway.platforms.base: [Telegram] Sending response (84 chars) to 8174123879
2026-05-26 22:52:11,870 INFO gateway.memory_monitor: [MEMORY] rss=365MB gc=(649, 10, 41) threads=12 uptime=169800s
2026-05-26 22:55:17,640 INFO gateway.platforms.telegram: [Telegram] Flushing text batch agent:main:telegram:dm:8174123879 (23 chars)
2026-05-26 22:55:17,640 INFO gateway.run: inbound message: platform=telegram user=T chat=8174123879 msg="Yes, let's hire The Kid"
2026-05-26 22:55:25,928 INFO gateway.run: response ready: platform=telegram chat=8174123879 time=8.3s api_calls=1 response=75 chars
2026-05-26 22:55:25,932 INFO gateway.platforms.base: [Telegram] Sending response (84 chars) to 8174123879
2026-05-26 22:57:11,871 INFO gateway.memory_monitor: [MEMORY] rss=365MB gc=(444, 2, 43) threads=12 uptime=170100s
2026-05-26 23:02:11,871 INFO gateway.memory_monitor: [MEMORY] rss=365MB gc=(103, 4, 43) threads=12 uptime=170400s
2026-05-26 23:07:11,872 INFO gateway.memory_monitor: [MEMORY] rss=365MB gc=(514, 5, 43) threads=12 uptime=170700s
2026-05-26 23:12:11,872 INFO gateway.memory_monitor: [MEMORY] rss=365MB gc=(217, 7, 43) threads=12 uptime=171000s
2026-05-26 23:12:33,595 INFO gateway.platforms.telegram: [Telegram] Flushing text batch agent:main:telegram:dm:8174123879 (23 chars)
2026-05-26 23:12:33,595 INFO gateway.run: inbound message: platform=telegram user=T chat=8174123879 msg="Yes, let's hire The Kid"
2026-05-26 23:12:41,932 INFO gateway.run: response ready: platform=telegram chat=8174123879 time=8.3s api_calls=1 response=75 chars
2026-05-26 23:12:41,937 INFO gateway.platforms.base: [Telegram] Sending response (84 chars) to 8174123879
2026-05-26 23:17:11,873 INFO gateway.memory_monitor: [MEMORY] rss=365MB gc=(252, 10, 44) threads=12 uptime=171300s
2026-05-26 23:22:11,873 INFO gateway.memory_monitor: [MEMORY] rss=365MB gc=(481, 11, 44) threads=12 uptime=171600s
2026-05-26 23:27:11,874 INFO gateway.memory_monitor: [MEMORY] rss=365MB gc=(295, 1, 45) threads=12 uptime=171900s
2026-05-26 23:32:11,874 INFO gateway.memory_monitor: [MEMORY] rss=365MB gc=(545, 2, 45) threads=12 uptime=172200s
2026-05-26 23:37:11,875 INFO gateway.memory_monitor: [MEMORY] rss=365MB gc=(137, 4, 45) threads=12 uptime=172500s
2026-05-26 23:42:11,875 INFO gateway.memory_monitor: [MEMORY] rss=365MB gc=(372, 5, 45) threads=12 uptime=172800s
2026-05-26 23:47:11,876 INFO gateway.memory_monitor: [MEMORY] rss=365MB gc=(213, 7, 45) threads=12 uptime=173100s
2026-05-26 23:52:11,876 INFO gateway.memory_monitor: [MEMORY] rss=365MB gc=(421, 8, 45) threads=12 uptime=173400s
2026-05-26 23:57:11,877 INFO gateway.memory_monitor: [MEMORY] rss=365MB gc=(0, 10, 45) threads=12 uptime=173700s
2026-05-27 00:02:11,877 INFO gateway.memory_monitor: [MEMORY] rss=365MB gc=(511, 11, 45) threads=12 uptime=174000s
2026-05-27 00:07:11,878 INFO gateway.memory_monitor: [MEMORY] rss=365MB gc=(107, 1, 46) threads=12 uptime=174300s
2026-05-27 00:12:11,878 INFO gateway.memory_monitor: [MEMORY] rss=365MB gc=(342, 2, 46) threads=12 uptime=174600s
2026-05-27 00:15:50,962 INFO gateway.run: Agent cache idle-TTL evict: session=agent:main:telegram:dm:8174123879 (idle=3789s)
2026-05-27 00:15:50,963 INFO gateway.run: Agent cache idle sweep: evicted 1 agent(s)
2026-05-27 00:17:11,879 INFO gateway.memory_monitor: [MEMORY] rss=365MB gc=(598, 3, 46) threads=12 uptime=174900s
2026-05-27 00:22:11,879 INFO gateway.memory_monitor: [MEMORY] rss=365MB gc=(448, 5, 46) threads=12 uptime=175200s
2026-05-27 00:27:11,880 INFO gateway.memory_monitor: [MEMORY] rss=365MB gc=(107, 7, 46) threads=12 uptime=175500s
2026-05-27 00:32:11,880 INFO gateway.memory_monitor: [MEMORY] rss=365MB gc=(341, 8, 46) threads=12 uptime=175800s
2026-05-27 00:37:11,881 INFO gateway.memory_monitor: [MEMORY] rss=365MB gc=(592, 9, 46) threads=12 uptime=176100s
2026-05-27 00:42:11,881 INFO gateway.memory_monitor: [MEMORY] rss=365MB gc=(416, 11, 46) threads=12 uptime=176400s
2026-05-27 00:47:11,882 INFO gateway.memory_monitor: [MEMORY] rss=365MB gc=(621, 0, 47) threads=12 uptime=176700s
2026-05-27 00:52:11,882 INFO gateway.memory_monitor: [MEMORY] rss=365MB gc=(267, 2, 47) threads=12 uptime=177000s
2026-05-27 00:57:11,883 INFO gateway.memory_monitor: [MEMORY] rss=365MB gc=(512, 3, 47) threads=12 uptime=177300s
2026-05-27 01:02:11,883 INFO gateway.memory_monitor: [MEMORY] rss=365MB gc=(368, 5, 47) threads=12 uptime=177600s
2026-05-27 01:07:11,884 INFO gateway.memory_monitor: [MEMORY] rss=365MB gc=(591, 6, 47) threads=12 uptime=177900s
2026-05-27 01:10:41,808 WARNING gateway.platforms.telegram: [Telegram] Telegram network error, scheduling reconnect: Bad Gateway
2026-05-27 01:10:41,809 WARNING gateway.platforms.telegram: [Telegram] Telegram network error (attempt 1/10), reconnecting in 5s. Error: Bad Gateway
2026-05-27 01:11:18,923 INFO gateway.platforms.telegram: [Telegram] Telegram polling resumed after network error (attempt 1)
2026-05-27 01:12:11,884 INFO gateway.memory_monitor: [MEMORY] rss=365MB gc=(399, 8, 47) threads=12 uptime=178200s
2026-05-27 01:17:11,885 INFO gateway.memory_monitor: [MEMORY] rss=365MB gc=(107, 10, 47) threads=12 uptime=178500s
2026-05-27 01:22:11,885 INFO gateway.memory_monitor: [MEMORY] rss=365MB gc=(544, 11, 47) threads=12 uptime=178800s
2026-05-27 01:27:11,886 INFO gateway.memory_monitor: [MEMORY] rss=365MB gc=(185, 1, 48) threads=12 uptime=179100s
2026-05-27 01:32:11,886 INFO gateway.memory_monitor: [MEMORY] rss=365MB gc=(416, 2, 48) threads=12 uptime=179400s
2026-05-27 01:37:11,887 INFO gateway.memory_monitor: [MEMORY] rss=365MB gc=(624, 3, 48) threads=12 uptime=179700s
2026-05-27 01:42:11,887 INFO gateway.memory_monitor: [MEMORY] rss=365MB gc=(483, 5, 48) threads=12 uptime=180000s
2026-05-27 01:42:16,733 INFO gateway.platforms.telegram: [Telegram] Flushing text batch agent:main:telegram:dm:8174123879 (23 chars)
2026-05-27 01:42:16,734 INFO gateway.run: inbound message: platform=telegram user=T chat=8174123879 msg="Yes, let's hire the kid"
2026-05-27 01:42:23,966 INFO gateway.run: response ready: platform=telegram chat=8174123879 time=7.2s api_calls=1 response=36 chars
2026-05-27 01:42:23,967 INFO gateway.run: Transient agent failure in session 20260526_223603_5c5f3e — persisting user message so conversation context is preserved on retry.
2026-05-27 01:42:23,971 INFO gateway.platforms.base: [Telegram] Sending response (36 chars) to 8174123879
2026-05-27 01:42:54,037 INFO gateway.platforms.telegram: [Telegram] Flushing text batch agent:main:telegram:dm:8174123879 (49 chars)
2026-05-27 01:42:54,038 INFO gateway.run: inbound message: platform=telegram user=T chat=8174123879 msg="You mentioned hiring The Kid here. Let's hire him"
2026-05-27 01:43:03,873 INFO gateway.run: response ready: platform=telegram chat=8174123879 time=9.8s api_calls=1 response=36 chars
2026-05-27 01:43:03,874 INFO gateway.run: Transient agent failure in session 20260526_223603_5c5f3e — persisting user message so conversation context is preserved on retry.
2026-05-27 01:43:03,877 INFO gateway.platforms.base: [Telegram] Sending response (36 chars) to 8174123879
2026-05-27 01:43:43,046 INFO gateway.platforms.base: [Telegram] Sending response (3995 chars) to 8174123879
2026-05-27 01:44:02,536 INFO gateway.run: Invalidated run generation for agent:main:telegram:dm:8174123879 → 41 (session_reset)
2026-05-27 01:44:19,196 WARNING gateway.run: Unrecognized slash command /statusbar from telegram — replying with unknown-command notice
2026-05-27 01:44:19,196 INFO gateway.platforms.base: [Telegram] Sending response (135 chars) to 8174123879
2026-05-27 01:44:28,390 INFO gateway.platforms.telegram: [Telegram] Flushing text batch agent:main:telegram:dm:8174123879 (9 chars)
2026-05-27 01:44:28,391 INFO gateway.run: inbound message: platform=telegram user=T chat=8174123879 msg='Hey Judge'
2026-05-27 01:44:32,034 INFO gateway.run: response ready: platform=telegram chat=8174123879 time=3.6s api_calls=1 response=36 chars
2026-05-27 01:44:32,035 INFO gateway.run: Transient agent failure in session 20260527_014402_dfc78b81 — persisting user message so conversation context is preserved on retry.
2026-05-27 01:44:32,038 INFO gateway.platforms.base: [Telegram] Sending response (36 chars) to 8174123879
2026-05-27 01:47:11,888 INFO gateway.memory_monitor: [MEMORY] rss=365MB gc=(615, 5, 53) threads=12 uptime=180300s
2026-05-27 01:52:11,888 INFO gateway.memory_monitor: [MEMORY] rss=365MB gc=(265, 7, 53) threads=12 uptime=180600s
2026-05-27 01:57:11,889 INFO gateway.memory_monitor: [MEMORY] rss=365MB gc=(517, 8, 53) threads=12 uptime=180900s
2026-05-27 02:02:11,889 INFO gateway.memory_monitor: [MEMORY] rss=365MB gc=(339, 10, 53) threads=12 uptime=181200s
2026-05-27 02:07:11,890 INFO gateway.memory_monitor: [MEMORY] rss=365MB gc=(589, 11, 53) threads=12 uptime=181500s
2026-05-27 02:12:11,890 INFO gateway.memory_monitor: [MEMORY] rss=365MB gc=(188, 1, 54) threads=12 uptime=181800s
2026-05-27 02:17:11,891 INFO gateway.memory_monitor: [MEMORY] rss=365MB gc=(423, 2, 54) threads=12 uptime=182100s
2026-05-27 02:22:11,891 INFO gateway.memory_monitor: [MEMORY] rss=365MB gc=(264, 4, 54) threads=12 uptime=182400s
2026-05-27 02:27:11,892 INFO gateway.memory_monitor: [MEMORY] rss=365MB gc=(540, 5, 54) threads=12 uptime=182700s
2026-05-27 02:32:11,892 INFO gateway.memory_monitor: [MEMORY] rss=365MB gc=(154, 7, 54) threads=12 uptime=183000s
2026-05-27 02:37:11,893 INFO gateway.memory_monitor: [MEMORY] rss=365MB gc=(392, 8, 54) threads=12 uptime=183300s
2026-05-27 02:42:11,893 INFO gateway.memory_monitor: [MEMORY] rss=365MB gc=(217, 10, 54) threads=12 uptime=183600s
2026-05-27 02:45:58,851 INFO gateway.run: Agent cache idle-TTL evict: session=agent:main:telegram:dm:8174123879 (idle=3687s)
2026-05-27 02:45:58,853 INFO gateway.run: Agent cache idle sweep: evicted 1 agent(s)
2026-05-27 02:47:11,894 INFO gateway.memory_monitor: [MEMORY] rss=365MB gc=(449, 11, 54) threads=12 uptime=183900s
2026-05-27 02:52:11,894 INFO gateway.memory_monitor: [MEMORY] rss=365MB gc=(123, 1, 55) threads=12 uptime=184200s
2026-05-27 02:57:11,895 INFO gateway.memory_monitor: [MEMORY] rss=365MB gc=(390, 2, 55) threads=12 uptime=184500s
2026-05-27 03:02:11,895 INFO gateway.memory_monitor: [MEMORY] rss=365MB gc=(217, 4, 55) threads=12 uptime=184800s
2026-05-27 03:07:11,896 INFO gateway.memory_monitor: [MEMORY] rss=365MB gc=(480, 5, 55) threads=12 uptime=185100s
2026-05-27 03:12:11,896 INFO gateway.memory_monitor: [MEMORY] rss=365MB gc=(123, 7, 55) threads=12 uptime=185400s
2026-05-27 03:17:11,897 INFO gateway.memory_monitor: [MEMORY] rss=365MB gc=(360, 8, 55) threads=12 uptime=185700s
2026-05-27 03:22:11,897 INFO gateway.memory_monitor: [MEMORY] rss=365MB gc=(186, 10, 55) threads=12 uptime=186000s
2026-05-27 03:27:11,898 INFO gateway.memory_monitor: [MEMORY] rss=365MB gc=(417, 11, 55) threads=12 uptime=186300s
2026-05-27 03:32:11,898 INFO gateway.memory_monitor: [MEMORY] rss=365MB gc=(0, 1, 56) threads=12 uptime=186600s
2026-05-27 03:37:11,899 INFO gateway.memory_monitor: [MEMORY] rss=365MB gc=(311, 2, 56) threads=12 uptime=186900s
2026-05-27 03:42:11,899 INFO gateway.memory_monitor: [MEMORY] rss=365MB gc=(106, 4, 56) threads=12 uptime=187200s
2026-05-27 03:47:11,900 INFO gateway.memory_monitor: [MEMORY] rss=365MB gc=(416, 5, 56) threads=12 uptime=187500s
2026-05-27 03:52:11,900 INFO gateway.memory_monitor: [MEMORY] rss=365MB gc=(0, 7, 56) threads=12 uptime=187800s
2026-05-27 03:57:11,901 INFO gateway.memory_monitor: [MEMORY] rss=365MB gc=(311, 8, 56) threads=12 uptime=188100s
2026-05-27 04:01:02,782 INFO gateway.run: Session expiry: 1 sessions to finalize (telegram:1)
2026-05-27 04:01:02,784 INFO gateway.run: Session expiry done: 1 finalized
2026-05-27 04:02:11,901 INFO gateway.memory_monitor: [MEMORY] rss=365MB gc=(153, 10, 56) threads=12 uptime=188400s
2026-05-27 04:07:11,902 INFO gateway.memory_monitor: [MEMORY] rss=365MB gc=(358, 11, 56) threads=12 uptime=188700s
2026-05-27 04:12:11,902 INFO gateway.memory_monitor: [MEMORY] rss=365MB gc=(0, 1, 57) threads=12 uptime=189000s
2026-05-27 04:17:11,903 INFO gateway.memory_monitor: [MEMORY] rss=365MB gc=(310, 2, 57) threads=12 uptime=189300s
2026-05-27 04:22:11,903 INFO gateway.memory_monitor: [MEMORY] rss=365MB gc=(152, 4, 57) threads=12 uptime=189600s
2026-05-27 04:27:11,904 INFO gateway.memory_monitor: [MEMORY] rss=365MB gc=(359, 5, 57) threads=12 uptime=189900s
2026-05-27 04:32:11,904 INFO gateway.memory_monitor: [MEMORY] rss=365MB gc=(594, 6, 57) threads=12 uptime=190200s
2026-05-27 04:37:11,905 INFO gateway.memory_monitor: [MEMORY] rss=365MB gc=(263, 8, 57) threads=12 uptime=190500s
2026-05-27 04:42:11,905 INFO gateway.memory_monitor: [MEMORY] rss=365MB gc=(104, 10, 57) threads=12 uptime=190800s
2026-05-27 04:47:11,906 INFO gateway.memory_monitor: [MEMORY] rss=365MB gc=(310, 11, 57) threads=12 uptime=191100s
2026-05-27 04:52:11,906 INFO gateway.memory_monitor: [MEMORY] rss=365MB gc=(591, 0, 58) threads=12 uptime=191400s
2026-05-27 04:54:15,115 INFO gateway.run: Invalidated run generation for agent:main:telegram:dm:8174123879 → 43 (session_reset)
2026-05-27 04:54:32,844 INFO gateway.platforms.telegram: [Telegram] Flushing text batch agent:main:telegram:dm:8174123879 (9 chars)
2026-05-27 04:54:32,844 INFO gateway.run: inbound message: platform=telegram user=T chat=8174123879 msg='Hey Judge'
2026-05-27 04:54:35,324 INFO gateway.run: response ready: platform=telegram chat=8174123879 time=2.5s api_calls=1 response=36 chars
2026-05-27 04:54:35,325 INFO gateway.run: Transient agent failure in session 20260527_045415_5aac05f9 — persisting user message so conversation context is preserved on retry.
2026-05-27 04:54:35,348 INFO gateway.platforms.base: [Telegram] Sending response (36 chars) to 8174123879
2026-05-27 04:57:11,907 INFO gateway.memory_monitor: [MEMORY] rss=365MB gc=(392, 10, 59) threads=12 uptime=191700s
2026-05-27 05:02:11,907 INFO gateway.memory_monitor: [MEMORY] rss=365MB gc=(309, 0, 60) threads=12 uptime=192000s
2026-05-27 05:07:11,908 INFO gateway.memory_monitor: [MEMORY] rss=365MB gc=(559, 1, 60) threads=12 uptime=192300s
2026-05-27 05:12:11,908 INFO gateway.memory_monitor: [MEMORY] rss=365MB gc=(154, 3, 60) threads=12 uptime=192600s
2026-05-27 05:17:11,909 INFO gateway.memory_monitor: [MEMORY] rss=365MB gc=(423, 4, 60) threads=12 uptime=192900s
2026-05-27 05:22:11,909 INFO gateway.memory_monitor: [MEMORY] rss=365MB gc=(292, 6, 60) threads=12 uptime=193200s
2026-05-27 05:27:11,910 INFO gateway.memory_monitor: [MEMORY] rss=365MB gc=(540, 7, 60) threads=12 uptime=193500s
2026-05-27 05:32:11,910 INFO gateway.memory_monitor: [MEMORY] rss=365MB gc=(165, 9, 60) threads=12 uptime=193800s
2026-05-27 05:37:11,911 INFO gateway.memory_monitor: [MEMORY] rss=365MB gc=(375, 10, 60) threads=12 uptime=194100s
2026-05-27 05:42:11,911 INFO gateway.memory_monitor: [MEMORY] rss=365MB gc=(201, 0, 61) threads=12 uptime=194400s
2026-05-27 05:47:11,912 INFO gateway.memory_monitor: [MEMORY] rss=365MB gc=(462, 1, 61) threads=12 uptime=194700s
2026-05-27 05:52:11,912 INFO gateway.memory_monitor: [MEMORY] rss=365MB gc=(104, 3, 61) threads=12 uptime=195000s
2026-05-27 05:56:08,810 INFO gateway.run: Agent cache idle-TTL evict: session=agent:main:telegram:dm:8174123879 (idle=3694s)
2026-05-27 05:56:08,811 INFO gateway.run: Agent cache idle sweep: evicted 1 agent(s)
2026-05-27 05:57:11,913 INFO gateway.memory_monitor: [MEMORY] rss=365MB gc=(281, 4, 61) threads=12 uptime=195300s
2026-05-27 06:02:11,913 INFO gateway.memory_monitor: [MEMORY] rss=365MB gc=(108, 6, 61) threads=12 uptime=195600s
2026-05-27 06:07:11,914 INFO gateway.memory_monitor: [MEMORY] rss=365MB gc=(339, 7, 61) threads=12 uptime=195900s
2026-05-27 06:12:11,914 INFO gateway.memory_monitor: [MEMORY] rss=365MB gc=(573, 8, 61) threads=12 uptime=196200s
2026-05-27 06:17:11,915 INFO gateway.memory_monitor: [MEMORY] rss=365MB gc=(178, 10, 61) threads=12 uptime=196500s
2026-05-27 06:22:11,915 INFO gateway.memory_monitor: [MEMORY] rss=365MB gc=(637, 11, 61) threads=12 uptime=196800s
2026-05-27 06:27:11,915 INFO gateway.memory_monitor: [MEMORY] rss=365MB gc=(291, 1, 62) threads=12 uptime=197100s
2026-05-27 06:32:11,916 INFO gateway.memory_monitor: [MEMORY] rss=365MB gc=(542, 2, 62) threads=12 uptime=197400s
2026-05-27 06:37:11,916 INFO gateway.memory_monitor: [MEMORY] rss=365MB gc=(144, 4, 62) threads=12 uptime=197700s
2026-05-27 06:42:11,917 INFO gateway.memory_monitor: [MEMORY] rss=365MB gc=(575, 5, 62) threads=12 uptime=198000s
2026-05-27 06:47:11,918 INFO gateway.memory_monitor: [MEMORY] rss=365MB gc=(292, 7, 62) threads=12 uptime=198300s
2026-05-27 06:52:11,918 INFO gateway.memory_monitor: [MEMORY] rss=365MB gc=(543, 8, 62) threads=12 uptime=198600s
2026-05-27 06:57:11,919 INFO gateway.memory_monitor: [MEMORY] rss=365MB gc=(142, 10, 62) threads=12 uptime=198900s
2026-05-27 07:02:11,919 INFO gateway.memory_monitor: [MEMORY] rss=365MB gc=(575, 11, 62) threads=12 uptime=199200s
2026-05-27 07:07:11,920 INFO gateway.memory_monitor: [MEMORY] rss=365MB gc=(246, 1, 63) threads=12 uptime=199500s
2026-05-27 07:12:11,920 INFO gateway.memory_monitor: [MEMORY] rss=365MB gc=(495, 2, 63) threads=12 uptime=199800s
2026-05-27 07:17:11,921 INFO gateway.memory_monitor: [MEMORY] rss=365MB gc=(139, 4, 63) threads=12 uptime=200100s
2026-05-27 07:22:11,921 INFO gateway.memory_monitor: [MEMORY] rss=365MB gc=(573, 5, 63) threads=12 uptime=200400s
2026-05-27 07:27:11,922 INFO gateway.memory_monitor: [MEMORY] rss=365MB gc=(197, 7, 63) threads=12 uptime=200700s
2026-05-27 07:32:11,922 INFO gateway.memory_monitor: [MEMORY] rss=365MB gc=(433, 8, 63) threads=12 uptime=201000s
2026-05-27 07:37:11,923 INFO gateway.memory_monitor: [MEMORY] rss=365MB gc=(107, 10, 63) threads=12 uptime=201300s
2026-05-27 07:42:11,923 INFO gateway.memory_monitor: [MEMORY] rss=365MB gc=(543, 11, 63) threads=12 uptime=201600s
2026-05-27 07:47:11,923 INFO gateway.memory_monitor: [MEMORY] rss=365MB gc=(197, 1, 64) threads=12 uptime=201900s
2026-05-27 07:52:11,924 INFO gateway.memory_monitor: [MEMORY] rss=365MB gc=(433, 2, 64) threads=12 uptime=202200s
2026-05-27 07:57:11,924 INFO gateway.memory_monitor: [MEMORY] rss=365MB gc=(241, 4, 64) threads=12 uptime=202500s
2026-05-27 08:02:11,925 INFO gateway.memory_monitor: [MEMORY] rss=365MB gc=(511, 5, 64) threads=12 uptime=202800s
2026-05-27 08:07:11,926 INFO gateway.memory_monitor: [MEMORY] rss=365MB gc=(165, 7, 64) threads=12 uptime=203100s
2026-05-27 08:12:11,926 INFO gateway.memory_monitor: [MEMORY] rss=365MB gc=(404, 8, 64) threads=12 uptime=203400s
2026-05-27 08:17:11,926 INFO gateway.memory_monitor: [MEMORY] rss=365MB gc=(241, 10, 64) threads=12 uptime=203700s
2026-05-27 08:22:11,927 INFO gateway.memory_monitor: [MEMORY] rss=365MB gc=(462, 11, 64) threads=12 uptime=204000s
2026-05-27 08:27:11,927 INFO gateway.memory_monitor: [MEMORY] rss=365MB gc=(134, 1, 65) threads=12 uptime=204300s
2026-05-27 08:32:11,928 INFO gateway.memory_monitor: [MEMORY] rss=365MB gc=(374, 2, 65) threads=12 uptime=204600s
2026-05-27 08:37:11,929 INFO gateway.memory_monitor: [MEMORY] rss=365MB gc=(200, 4, 65) threads=12 uptime=204900s
2026-05-27 08:42:11,929 INFO gateway.memory_monitor: [MEMORY] rss=365MB gc=(463, 5, 65) threads=12 uptime=205200s
2026-05-27 08:47:11,929 INFO gateway.memory_monitor: [MEMORY] rss=365MB gc=(134, 7, 65) threads=12 uptime=205500s
2026-05-27 08:52:11,930 INFO gateway.memory_monitor: [MEMORY] rss=365MB gc=(373, 8, 65) threads=12 uptime=205800s
2026-05-27 08:57:11,930 INFO gateway.memory_monitor: [MEMORY] rss=365MB gc=(201, 10, 65) threads=12 uptime=206100s
2026-05-27 09:02:11,931 INFO gateway.memory_monitor: [MEMORY] rss=365MB gc=(463, 11, 65) threads=12 uptime=206400s
2026-05-27 09:07:11,931 INFO gateway.memory_monitor: [MEMORY] rss=365MB gc=(104, 1, 66) threads=12 uptime=206700s
2026-05-27 09:12:11,932 INFO gateway.memory_monitor: [MEMORY] rss=365MB gc=(342, 2, 66) threads=12 uptime=207000s
2026-05-27 09:17:11,932 INFO gateway.memory_monitor: [MEMORY] rss=365MB gc=(232, 4, 66) threads=12 uptime=207300s
2026-05-27 09:22:11,933 INFO gateway.memory_monitor: [MEMORY] rss=365MB gc=(464, 5, 66) threads=12 uptime=207600s
2026-05-27 09:27:11,933 INFO gateway.memory_monitor: [MEMORY] rss=365MB gc=(103, 7, 66) threads=12 uptime=207900s
2026-05-27 09:32:11,934 INFO gateway.memory_monitor: [MEMORY] rss=365MB gc=(313, 8, 66) threads=12 uptime=208200s
2026-05-27 09:37:11,934 INFO gateway.memory_monitor: [MEMORY] rss=365MB gc=(139, 10, 66) threads=12 uptime=208500s
2026-05-27 09:42:11,935 INFO gateway.memory_monitor: [MEMORY] rss=365MB gc=(371, 11, 66) threads=12 uptime=208800s
2026-05-27 09:47:11,935 INFO gateway.memory_monitor: [MEMORY] rss=365MB gc=(637, 0, 67) threads=12 uptime=209100s
2026-05-27 09:52:11,936 INFO gateway.memory_monitor: [MEMORY] rss=365MB gc=(310, 2, 67) threads=12 uptime=209400s
2026-05-27 09:57:11,936 INFO gateway.memory_monitor: [MEMORY] rss=365MB gc=(138, 4, 67) threads=12 uptime=209700s
2026-05-27 10:02:11,937 INFO gateway.memory_monitor: [MEMORY] rss=365MB gc=(369, 5, 67) threads=12 uptime=210000s
2026-05-27 10:07:11,937 INFO gateway.memory_monitor: [MEMORY] rss=365MB gc=(605, 6, 67) threads=12 uptime=210300s
2026-05-27 10:12:11,938 INFO gateway.memory_monitor: [MEMORY] rss=365MB gc=(262, 8, 67) threads=12 uptime=210600s
2026-05-27 10:17:11,938 INFO gateway.memory_monitor: [MEMORY] rss=365MB gc=(168, 10, 67) threads=12 uptime=210900s
2026-05-27 10:22:11,939 INFO gateway.memory_monitor: [MEMORY] rss=365MB gc=(399, 11, 67) threads=12 uptime=211200s
2026-05-27 10:27:11,939 INFO gateway.memory_monitor: [MEMORY] rss=365MB gc=(639, 0, 68) threads=12 uptime=211500s
2026-05-27 10:32:11,940 INFO gateway.memory_monitor: [MEMORY] rss=365MB gc=(280, 2, 68) threads=12 uptime=211800s
2026-05-27 10:37:11,940 INFO gateway.memory_monitor: [MEMORY] rss=365MB gc=(106, 4, 68) threads=12 uptime=212100s
2026-05-27 10:42:11,941 INFO gateway.memory_monitor: [MEMORY] rss=365MB gc=(337, 5, 68) threads=12 uptime=212400s
2026-05-27 10:47:11,941 INFO gateway.memory_monitor: [MEMORY] rss=365MB gc=(574, 6, 68) threads=12 uptime=212700s
2026-05-27 10:52:11,942 INFO gateway.memory_monitor: [MEMORY] rss=365MB gc=(233, 8, 68) threads=12 uptime=213000s
2026-05-27 10:57:11,942 INFO gateway.memory_monitor: [MEMORY] rss=365MB gc=(0, 10, 68) threads=12 uptime=213300s
2026-05-27 11:02:11,943 INFO gateway.memory_monitor: [MEMORY] rss=365MB gc=(308, 11, 68) threads=12 uptime=213600s
2026-05-27 11:07:11,943 INFO gateway.memory_monitor: [MEMORY] rss=365MB gc=(546, 0, 69) threads=12 uptime=213900s
2026-05-27 11:12:11,944 INFO gateway.memory_monitor: [MEMORY] rss=365MB gc=(172, 2, 69) threads=12 uptime=214200s
2026-05-27 11:17:11,944 INFO gateway.memory_monitor: [MEMORY] rss=365MB gc=(636, 3, 69) threads=12 uptime=214500s
2026-05-27 11:22:11,945 INFO gateway.memory_monitor: [MEMORY] rss=365MB gc=(259, 5, 69) threads=12 uptime=214800s
2026-05-27 11:27:11,945 INFO gateway.memory_monitor: [MEMORY] rss=365MB gc=(512, 6, 69) threads=12 uptime=215100s
2026-05-27 11:32:11,946 INFO gateway.memory_monitor: [MEMORY] rss=365MB gc=(141, 8, 69) threads=12 uptime=215400s
2026-05-27 11:37:11,946 INFO gateway.memory_monitor: [MEMORY] rss=365MB gc=(574, 9, 69) threads=12 uptime=215700s
2026-05-27 11:42:11,947 INFO gateway.memory_monitor: [MEMORY] rss=365MB gc=(198, 11, 69) threads=12 uptime=216000s
2026-05-27 11:47:11,947 INFO gateway.memory_monitor: [MEMORY] rss=365MB gc=(483, 0, 70) threads=12 uptime=216300s
2026-05-27 11:52:11,948 INFO gateway.memory_monitor: [MEMORY] rss=365MB gc=(139, 2, 70) threads=12 uptime=216600s
2026-05-27 11:57:11,948 INFO gateway.memory_monitor: [MEMORY] rss=365MB gc=(573, 3, 70) threads=12 uptime=216900s
2026-05-27 12:00:38,452 INFO gateway.run: Stopping gateway for restart...
2026-05-27 12:00:39,055 INFO gateway.run: Sent shutdown notification to home channel telegram:8174123879
2026-05-27 12:00:39,056 INFO gateway.run: Shutdown phase: notify_active_sessions done at +0.60s
2026-05-27 12:00:39,058 INFO gateway.run: Shutdown phase: drain done at +0.60s (drain took 0.00s, timed_out=False, active_at_start=0, active_now=0)
2026-05-27 12:00:39,315 INFO gateway.platforms.telegram: [Telegram] Disconnected from Telegram
2026-05-27 12:00:39,315 INFO gateway.run: ✓ telegram disconnected (0.26s)
2026-05-27 12:00:39,315 INFO gateway.run: Shutdown phase: all adapters disconnected at +0.86s
2026-05-27 12:00:39,316 INFO gateway.run: Shutdown phase: final-cleanup tool kill done at +0.86s
2026-05-27 12:00:39,317 INFO gateway.run: Shutdown phase: SessionDB close done at +0.86s
2026-05-27 12:00:39,318 INFO gateway.run: Gateway stopped (total teardown 0.87s)
2026-05-27 12:00:39,318 INFO gateway.run: Cron ticker stopped
2026-05-27 12:00:39,319 INFO gateway.memory_monitor: [MEMORY] shutdown rss=365MB gc=(1, 4, 70) threads=11 uptime=217107s
2026-05-27 12:00:39,319 INFO gateway.memory_monitor: [MEMORY] Periodic memory monitoring stopped
2026-05-27 12:00:41,823 INFO gateway.memory_monitor: [MEMORY] baseline rss=128MB gc=(97, 7, 7) threads=1 uptime=0s
2026-05-27 12:00:41,823 INFO gateway.memory_monitor: [MEMORY] Periodic memory monitoring started (interval: 300s)
2026-05-27 12:00:41,963 INFO gateway.run: Starting Hermes Gateway...
2026-05-27 12:00:41,963 INFO gateway.run: Session storage: /root/.hermes/sessions
2026-05-27 12:00:41,980 INFO gateway.run: Agent budget: max_iterations=90 (agent.max_turns from config.yaml, or HERMES_MAX_ITERATIONS from .env, or default 90)
2026-05-27 12:00:41,980 INFO gateway.run: Secret redaction: ENABLED (tool output, logs, and chat responses are scrubbed before delivery)
2026-05-27 12:00:41,986 INFO gateway.run: Previous gateway exited cleanly — skipping session suspension
2026-05-27 12:00:42,182 INFO gateway.run: Connecting to telegram...
2026-05-27 12:00:42,466 INFO gateway.platforms.telegram: [Telegram] Auto-discovered Telegram fallback IPs: 149.154.166.110
2026-05-27 12:00:42,467 INFO gateway.platforms.telegram: [Telegram] Telegram fallback IPs active: 149.154.166.110
2026-05-27 12:00:43,207 INFO gateway.platforms.telegram: [Telegram] set_my_commands OK for scope BotCommandScopeDefault (30 cmds)
2026-05-27 12:00:43,414 INFO gateway.platforms.telegram: [Telegram] set_my_commands OK for scope BotCommandScopeAllPrivateChats (30 cmds)
2026-05-27 12:00:43,624 INFO gateway.platforms.telegram: [Telegram] set_my_commands OK for scope BotCommandScopeAllGroupChats (30 cmds)
2026-05-27 12:00:43,624 INFO gateway.platforms.telegram: [Telegram] Telegram menu: 30 commands registered, 104 hidden (over 30 limit). Use /commands for full list.
2026-05-27 12:00:43,625 INFO gateway.platforms.telegram: [Telegram] Connected to Telegram (polling mode)
2026-05-27 12:00:43,627 INFO gateway.run: ✓ telegram connected
2026-05-27 12:00:43,628 INFO gateway.run: Gateway running with 1 platform(s)
2026-05-27 12:00:43,632 INFO gateway.run: Channel directory built: 1 target(s)
2026-05-27 12:00:44,633 INFO gateway.run: Press Ctrl+C to stop
2026-05-27 12:00:44,683 INFO gateway.run: Cron ticker started (interval=60s)
2026-05-27 12:00:49,640 INFO gateway.run: kanban dispatcher: embedded in gateway (interval=60.0s)
2026-05-27 12:05:41,824 INFO gateway.memory_monitor: [MEMORY] rss=151MB gc=(445, 11, 9) threads=5 uptime=300s
2026-05-27 12:10:41,824 INFO gateway.memory_monitor: [MEMORY] rss=152MB gc=(229, 1, 10) threads=5 uptime=600s
2026-05-27 12:15:41,825 INFO gateway.memory_monitor: [MEMORY] rss=152MB gc=(463, 2, 10) threads=5 uptime=900s
2026-05-27 12:20:41,825 INFO gateway.memory_monitor: [MEMORY] rss=152MB gc=(308, 4, 10) threads=5 uptime=1200s
2026-05-27 12:25:41,826 INFO gateway.memory_monitor: [MEMORY] rss=152MB gc=(542, 5, 10) threads=5 uptime=1500s
2026-05-27 12:28:53,324 INFO gateway.platforms.telegram: [Telegram] Flushing text batch agent:main:telegram:dm:8174123879 (18 chars)
2026-05-27 12:28:53,334 INFO gateway.run: inbound message: platform=telegram user=T chat=8174123879 msg="Let's hire the Kid"
2026-05-27 12:29:34,710 INFO gateway.run: response ready: platform=telegram chat=8174123879 time=41.4s api_calls=6 response=2901 chars
2026-05-27 12:29:34,721 INFO gateway.platforms.base: [Telegram] Sending response (2901 chars) to 8174123879
2026-05-27 12:30:41,826 INFO gateway.memory_monitor: [MEMORY] rss=225MB gc=(32, 0, 2) threads=6 uptime=1800s
2026-05-27 12:35:41,827 INFO gateway.memory_monitor: [MEMORY] rss=225MB gc=(295, 1, 2) threads=6 uptime=2100s
2026-05-27 12:36:50,627 INFO gateway.platforms.base: [Telegram] Sending response (4286 chars) to 8174123879
2026-05-27 12:38:11,463 INFO gateway.platforms.base: [Telegram] Sending response (173 chars) to 8174123879
2026-05-27 12:40:41,827 INFO gateway.memory_monitor: [MEMORY] rss=256MB gc=(102, 7, 7) threads=13 uptime=2400s
2026-05-27 12:45:41,828 INFO gateway.memory_monitor: [MEMORY] rss=279MB gc=(169, 11, 11) threads=9 uptime=2700s
2026-05-27 12:50:41,829 INFO gateway.memory_monitor: [MEMORY] rss=283MB gc=(105, 3, 13) threads=9 uptime=3000s
2026-05-27 12:55:41,829 INFO gateway.memory_monitor: [MEMORY] rss=283MB gc=(399, 4, 13) threads=9 uptime=3300s
2026-05-27 13:00:41,830 INFO gateway.memory_monitor: [MEMORY] rss=283MB gc=(169, 6, 13) threads=9 uptime=3600s
2026-05-27 13:05:41,830 INFO gateway.memory_monitor: [MEMORY] rss=283MB gc=(466, 7, 13) threads=9 uptime=3900s
2026-05-27 13:10:41,831 INFO gateway.memory_monitor: [MEMORY] rss=283MB gc=(295, 9, 13) threads=9 uptime=4200s
2026-05-27 13:14:02,508 INFO gateway.platforms.telegram: [Telegram] Flushing text batch agent:main:telegram:dm:8174123879 (179 chars)
2026-05-27 13:14:02,509 INFO gateway.run: inbound message: platform=telegram user=T chat=8174123879 msg='Tobin, any recommendations? We could adjust the hit/dmg rolling mechanics, we co'
2026-05-27 13:15:40,281 INFO gateway.run: response ready: platform=telegram chat=8174123879 time=97.8s api_calls=12 response=4200 chars
2026-05-27 13:15:40,287 INFO gateway.run: Watch pattern notification — injecting for telegram chat=8174123879 thread=None
2026-05-27 13:15:40,292 INFO gateway.platforms.base: [Telegram] Sending response (4200 chars) to 8174123879
2026-05-27 13:15:41,015 INFO gateway.run: inbound message: platform=telegram user=T chat=8174123879 msg='[IMPORTANT: Background process proc_8135230d0914 matched watch pattern "Waiting '
2026-05-27 13:15:41,831 INFO gateway.memory_monitor: [MEMORY] rss=289MB gc=(497, 4, 17) threads=12 uptime=4500s
2026-05-27 13:15:59,986 INFO gateway.run: response ready: platform=telegram chat=8174123879 time=19.0s api_calls=4 response=485 chars
2026-05-27 13:15:59,990 INFO gateway.platforms.base: [Telegram] Sending response (485 chars) to 8174123879
2026-05-27 13:20:41,832 INFO gateway.memory_monitor: [MEMORY] rss=294MB gc=(231, 4, 18) threads=9 uptime=4800s
2026-05-27 13:25:41,832 INFO gateway.memory_monitor: [MEMORY] rss=294MB gc=(464, 5, 18) threads=9 uptime=5100s
2026-05-27 13:30:41,833 INFO gateway.memory_monitor: [MEMORY] rss=294MB gc=(293, 7, 18) threads=9 uptime=5400s
2026-05-27 13:35:41,833 INFO gateway.memory_monitor: [MEMORY] rss=294MB gc=(512, 8, 18) threads=9 uptime=5700s
2026-05-27 13:40:41,834 INFO gateway.memory_monitor: [MEMORY] rss=294MB gc=(137, 10, 18) threads=9 uptime=6000s
2026-05-27 13:45:41,834 INFO gateway.memory_monitor: [MEMORY] rss=294MB gc=(371, 11, 18) threads=9 uptime=6300s
2026-05-27 13:50:41,835 INFO gateway.memory_monitor: [MEMORY] rss=294MB gc=(197, 1, 19) threads=9 uptime=6600s
2026-05-27 13:55:41,835 INFO gateway.memory_monitor: [MEMORY] rss=294MB gc=(434, 2, 19) threads=9 uptime=6900s
2026-05-27 14:00:41,836 INFO gateway.memory_monitor: [MEMORY] rss=294MB gc=(0, 4, 19) threads=9 uptime=7200s
2026-05-27 14:05:41,836 INFO gateway.memory_monitor: [MEMORY] rss=294MB gc=(401, 5, 19) threads=9 uptime=7500s
2026-05-27 14:10:41,837 INFO gateway.memory_monitor: [MEMORY] rss=294MB gc=(198, 7, 19) threads=9 uptime=7800s
2026-05-27 14:15:41,837 INFO gateway.memory_monitor: [MEMORY] rss=294MB gc=(433, 8, 19) threads=9 uptime=8100s
2026-05-27 14:16:53,026 INFO gateway.run: Agent cache idle-TTL evict: session=agent:main:telegram:dm:8174123879 (idle=3653s)
2026-05-27 14:16:53,026 INFO gateway.run: Agent cache idle sweep: evicted 1 agent(s)
2026-05-27 14:20:41,838 INFO gateway.memory_monitor: [MEMORY] rss=294MB gc=(0, 10, 19) threads=9 uptime=8400s
2026-05-27 14:25:41,838 INFO gateway.memory_monitor: [MEMORY] rss=294MB gc=(308, 11, 19) threads=9 uptime=8700s
2026-05-27 14:30:41,839 INFO gateway.memory_monitor: [MEMORY] rss=294MB gc=(105, 1, 20) threads=9 uptime=9000s
2026-05-27 14:35:41,839 INFO gateway.memory_monitor: [MEMORY] rss=294MB gc=(339, 2, 20) threads=9 uptime=9300s
2026-05-27 14:40:41,840 INFO gateway.memory_monitor: [MEMORY] rss=294MB gc=(574, 3, 20) threads=9 uptime=9600s
2026-05-27 14:45:41,840 INFO gateway.memory_monitor: [MEMORY] rss=294MB gc=(259, 5, 20) threads=9 uptime=9900s
2026-05-27 14:50:41,841 INFO gateway.memory_monitor: [MEMORY] rss=294MB gc=(1, 7, 20) threads=9 uptime=10200s
2026-05-27 14:55:41,841 INFO gateway.memory_monitor: [MEMORY] rss=294MB gc=(297, 8, 20) threads=9 uptime=10500s
2026-05-27 14:55:45,145 INFO gateway.platforms.telegram: [Telegram] Flushing text batch agent:main:telegram:dm:8174123879 (113 chars)
2026-05-27 14:55:45,146 INFO gateway.run: inbound message: platform=telegram user=T chat=8174123879 msg='Take Tobins findings and create or update whatever files you need to to dissemin'
2026-05-27 14:59:13,669 INFO gateway.run: response ready: platform=telegram chat=8174123879 time=208.5s api_calls=18 response=1062 chars
2026-05-27 14:59:13,686 INFO gateway.platforms.base: [Telegram] Sending response (1062 chars) to 8174123879
2026-05-27 15:00:41,842 INFO gateway.memory_monitor: [MEMORY] rss=312MB gc=(198, 7, 25) threads=9 uptime=10800s
2026-05-27 15:05:41,842 INFO gateway.memory_monitor: [MEMORY] rss=312MB gc=(523, 8, 25) threads=9 uptime=11100s
2026-05-27 15:10:41,843 INFO gateway.memory_monitor: [MEMORY] rss=312MB gc=(372, 10, 25) threads=9 uptime=11400s
2026-05-27 15:15:41,843 INFO gateway.memory_monitor: [MEMORY] rss=312MB gc=(636, 11, 25) threads=9 uptime=11700s
2026-05-27 15:20:41,844 INFO gateway.memory_monitor: [MEMORY] rss=312MB gc=(296, 1, 26) threads=9 uptime=12000s
2026-05-27 15:25:41,845 INFO gateway.memory_monitor: [MEMORY] rss=312MB gc=(545, 2, 26) threads=9 uptime=12300s
2026-05-27 15:30:41,845 INFO gateway.memory_monitor: [MEMORY] rss=312MB gc=(341, 4, 26) threads=9 uptime=12600s
2026-05-27 15:35:41,846 INFO gateway.memory_monitor: [MEMORY] rss=312MB gc=(574, 5, 26) threads=9 uptime=12900s
2026-05-27 15:40:41,846 INFO gateway.memory_monitor: [MEMORY] rss=312MB gc=(198, 7, 26) threads=9 uptime=13200s
2026-05-27 15:45:41,847 INFO gateway.memory_monitor: [MEMORY] rss=312MB gc=(432, 8, 26) threads=9 uptime=13500s
2026-05-27 15:50:41,847 INFO gateway.memory_monitor: [MEMORY] rss=312MB gc=(264, 10, 26) threads=9 uptime=13800s
2026-05-27 15:55:41,848 INFO gateway.memory_monitor: [MEMORY] rss=312MB gc=(512, 11, 26) threads=9 uptime=14100s
2026-05-27 15:59:54,975 INFO gateway.platforms.telegram: [Telegram] Flushing text batch agent:main:telegram:dm:8174123879 (65 chars)
2026-05-27 15:59:54,976 INFO gateway.run: inbound message: platform=telegram user=T chat=8174123879 msg="Alright, now let's move over to the mobile repo and run oversight"
2026-05-27 16:00:41,848 INFO gateway.memory_monitor: [MEMORY] rss=313MB gc=(92, 7, 28) threads=9 uptime=14400s
2026-05-27 16:01:15,376 INFO gateway.platforms.telegram: Telegram button resolved 1 approval(s) for session agent:main:telegram:dm:8174123879 (choice=once, user=T)
2026-05-27 16:05:41,849 INFO gateway.memory_monitor: [MEMORY] rss=324MB gc=(34, 7, 1) threads=10 uptime=14700s
2026-05-27 16:06:13,198 INFO [20260527_045415_5aac05f9] gateway.run: Session split detected: 20260527_045415_5aac05f9 → 20260527_160528_e3ff50 (compression)
2026-05-27 16:06:13,229 INFO gateway.run: response ready: platform=telegram chat=8174123879 time=378.3s api_calls=17 response=2100 chars
2026-05-27 16:06:13,275 INFO gateway.platforms.base: [Telegram] Sending response (2100 chars) to 8174123879
2026-05-27 16:10:41,849 INFO gateway.memory_monitor: [MEMORY] rss=325MB gc=(229, 10, 2) threads=9 uptime=15000s
2026-05-27 16:15:41,850 INFO gateway.memory_monitor: [MEMORY] rss=325MB gc=(139, 0, 3) threads=9 uptime=15300s
2026-05-27 16:16:05,026 INFO gateway.platforms.telegram: [Telegram] Flushing text batch agent:main:telegram:dm:8174123879 (119 chars)
2026-05-27 16:16:05,027 INFO gateway.run: inbound message: platform=telegram user=T chat=8174123879 msg="Let's continue phase 92, but I recently handed off the design from Claude design"
2026-05-27 16:16:14,065 INFO gateway.run: response ready: platform=telegram chat=8174123879 time=9.0s api_calls=1 response=1004 chars
2026-05-27 16:16:14,069 INFO gateway.platforms.base: [Telegram] Sending response (1004 chars) to 8174123879
2026-05-27 16:16:52,039 INFO gateway.platforms.telegram: [Telegram] Flushing text batch agent:main:telegram:dm:8174123879 (40 chars)
2026-05-27 16:16:52,040 INFO gateway.run: inbound message: platform=telegram user=T chat=8174123879 msg="So let's now run oversight for mechanics"
2026-05-27 16:18:29,039 INFO gateway.platforms.telegram: Telegram button resolved 1 approval(s) for session agent:main:telegram:dm:8174123879 (choice=always, user=T)
2026-05-27 16:20:40,829 INFO gateway.run: response ready: platform=telegram chat=8174123879 time=228.8s api_calls=17 response=2079 chars
2026-05-27 16:20:40,833 INFO gateway.platforms.base: [Telegram] Sending response (2079 chars) to 8174123879
2026-05-27 16:20:41,850 INFO gateway.memory_monitor: [MEMORY] rss=349MB gc=(44, 4, 12) threads=11 uptime=15600s
2026-05-27 16:21:54,354 INFO gateway.platforms.telegram: [Telegram] Flushing text batch agent:main:telegram:dm:8174123879 (138 chars)
2026-05-27 16:21:54,355 INFO gateway.run: inbound message: platform=telegram user=T chat=8174123879 msg='Continue queue as is. Also, look at the recent commits for mechanics and look fo'
2026-05-27 16:25:41,851 INFO gateway.memory_monitor: [MEMORY] rss=349MB gc=(33, 2, 16) threads=10 uptime=15900s
2026-05-27 16:29:16,109 INFO [20260527_160528_e3ff50] gateway.run: Session split detected: 20260527_160528_e3ff50 → 20260527_162333_49f9da (compression)
2026-05-27 16:29:16,139 INFO gateway.run: response ready: platform=telegram chat=8174123879 time=441.8s api_calls=22 response=1033 chars
2026-05-27 16:29:16,162 INFO gateway.platforms.base: [Telegram] Sending response (1033 chars) to 8174123879
2026-05-27 16:30:41,852 INFO gateway.memory_monitor: [MEMORY] rss=360MB gc=(246, 0, 20) threads=9 uptime=16200s
2026-05-27 16:35:41,852 INFO gateway.memory_monitor: [MEMORY] rss=361MB gc=(566, 1, 20) threads=9 uptime=16500s
2026-05-27 16:40:41,852 INFO gateway.memory_monitor: [MEMORY] rss=361MB gc=(217, 3, 20) threads=9 uptime=16800s
2026-05-27 16:45:41,853 INFO gateway.memory_monitor: [MEMORY] rss=361MB gc=(452, 4, 20) threads=9 uptime=17100s
2026-05-27 16:50:41,853 INFO gateway.memory_monitor: [MEMORY] rss=361MB gc=(294, 6, 20) threads=9 uptime=17400s
2026-05-27 16:55:41,854 INFO gateway.memory_monitor: [MEMORY] rss=361MB gc=(510, 7, 20) threads=9 uptime=17700s
2026-05-27 17:00:41,854 INFO gateway.memory_monitor: [MEMORY] rss=361MB gc=(168, 9, 20) threads=9 uptime=18000s
2026-05-27 17:05:41,855 INFO gateway.memory_monitor: [MEMORY] rss=361MB gc=(451, 10, 20) threads=9 uptime=18300s
2026-05-27 17:10:41,855 INFO gateway.memory_monitor: [MEMORY] rss=361MB gc=(294, 0, 21) threads=9 uptime=18600s
2026-05-27 17:15:41,856 INFO gateway.memory_monitor: [MEMORY] rss=361MB gc=(513, 1, 21) threads=9 uptime=18900s
2026-05-27 17:20:41,857 INFO gateway.memory_monitor: [MEMORY] rss=361MB gc=(168, 3, 21) threads=9 uptime=19200s
2026-05-27 17:25:41,857 INFO gateway.memory_monitor: [MEMORY] rss=361MB gc=(403, 4, 21) threads=9 uptime=19500s
2026-05-27 17:30:41,858 INFO gateway.memory_monitor: [MEMORY] rss=361MB gc=(245, 6, 21) threads=9 uptime=19800s
2026-05-27 17:32:05,615 INFO gateway.run: Agent cache idle-TTL evict: session=agent:main:telegram:dm:8174123879 (idle=3770s)
2026-05-27 17:32:05,616 INFO gateway.run: Agent cache idle sweep: evicted 1 agent(s)
2026-05-27 17:35:41,858 INFO gateway.memory_monitor: [MEMORY] rss=361MB gc=(451, 7, 21) threads=9 uptime=20100s
2026-05-27 17:40:41,859 INFO gateway.memory_monitor: [MEMORY] rss=361MB gc=(0, 9, 21) threads=9 uptime=20400s
2026-05-27 17:45:41,859 INFO gateway.memory_monitor: [MEMORY] rss=361MB gc=(338, 10, 21) threads=9 uptime=20700s
2026-05-27 17:50:41,860 INFO gateway.memory_monitor: [MEMORY] rss=361MB gc=(165, 0, 22) threads=9 uptime=21000s
2026-05-27 17:55:41,860 INFO gateway.memory_monitor: [MEMORY] rss=361MB gc=(402, 1, 22) threads=9 uptime=21300s
2026-05-27 18:00:41,861 INFO gateway.memory_monitor: [MEMORY] rss=361MB gc=(0, 3, 22) threads=9 uptime=21600s
2026-05-27 18:05:41,861 INFO gateway.memory_monitor: [MEMORY] rss=361MB gc=(402, 4, 22) threads=9 uptime=21900s
2026-05-27 18:10:41,862 INFO gateway.memory_monitor: [MEMORY] rss=361MB gc=(244, 6, 22) threads=9 uptime=22200s
2026-05-27 18:15:41,862 INFO gateway.memory_monitor: [MEMORY] rss=361MB gc=(482, 7, 22) threads=9 uptime=22500s
2026-05-27 18:20:41,863 INFO gateway.memory_monitor: [MEMORY] rss=361MB gc=(106, 9, 22) threads=9 uptime=22800s
2026-05-27 18:25:41,863 INFO gateway.memory_monitor: [MEMORY] rss=361MB gc=(340, 10, 22) threads=9 uptime=23100s
2026-05-27 18:30:41,864 INFO gateway.memory_monitor: [MEMORY] rss=361MB gc=(165, 0, 23) threads=9 uptime=23400s
2026-05-27 18:35:41,864 INFO gateway.memory_monitor: [MEMORY] rss=361MB gc=(371, 1, 23) threads=9 uptime=23700s
2026-05-27 18:40:41,865 INFO gateway.memory_monitor: [MEMORY] rss=361MB gc=(623, 2, 23) threads=9 uptime=24000s
2026-05-27 18:45:41,865 INFO gateway.memory_monitor: [MEMORY] rss=361MB gc=(261, 4, 23) threads=9 uptime=24300s
2026-05-27 18:50:41,866 INFO gateway.memory_monitor: [MEMORY] rss=361MB gc=(103, 6, 23) threads=9 uptime=24600s
2026-05-27 18:55:41,866 INFO gateway.memory_monitor: [MEMORY] rss=361MB gc=(371, 7, 23) threads=9 uptime=24900s
2026-05-27 19:00:41,867 INFO gateway.memory_monitor: [MEMORY] rss=361MB gc=(624, 8, 23) threads=9 uptime=25200s
2026-05-27 19:05:41,867 INFO gateway.memory_monitor: [MEMORY] rss=361MB gc=(309, 10, 23) threads=9 uptime=25500s
2026-05-27 19:10:41,868 INFO gateway.memory_monitor: [MEMORY] rss=361MB gc=(166, 0, 24) threads=9 uptime=25800s
2026-05-27 19:15:41,868 INFO gateway.memory_monitor: [MEMORY] rss=361MB gc=(372, 1, 24) threads=9 uptime=26100s
2026-05-27 19:20:41,869 INFO gateway.memory_monitor: [MEMORY] rss=361MB gc=(623, 2, 24) threads=9 uptime=26400s
2026-05-27 19:25:41,869 INFO gateway.memory_monitor: [MEMORY] rss=361MB gc=(247, 4, 24) threads=9 uptime=26700s
2026-05-27 19:30:41,870 INFO gateway.memory_monitor: [MEMORY] rss=361MB gc=(103, 6, 24) threads=9 uptime=27000s
2026-05-27 19:35:41,870 INFO gateway.memory_monitor: [MEMORY] rss=361MB gc=(309, 7, 24) threads=9 uptime=27300s
2026-05-27 19:40:41,871 INFO gateway.memory_monitor: [MEMORY] rss=361MB gc=(575, 8, 24) threads=9 uptime=27600s
2026-05-27 19:45:41,871 INFO gateway.memory_monitor: [MEMORY] rss=361MB gc=(216, 10, 24) threads=9 uptime=27900s
2026-05-27 19:50:41,872 INFO gateway.memory_monitor: [MEMORY] rss=361MB gc=(650, 11, 24) threads=9 uptime=28200s
2026-05-27 19:55:41,872 INFO gateway.memory_monitor: [MEMORY] rss=361MB gc=(266, 1, 25) threads=9 uptime=28500s
2026-05-27 20:00:41,873 INFO gateway.memory_monitor: [MEMORY] rss=361MB gc=(542, 2, 25) threads=9 uptime=28800s
2026-05-27 20:05:41,873 INFO gateway.memory_monitor: [MEMORY] rss=361MB gc=(216, 4, 25) threads=9 uptime=29100s
2026-05-27 20:10:41,874 INFO gateway.memory_monitor: [MEMORY] rss=361MB gc=(649, 5, 25) threads=9 uptime=29400s
2026-05-27 20:15:41,874 INFO gateway.memory_monitor: [MEMORY] rss=361MB gc=(265, 7, 25) threads=9 uptime=29700s
2026-05-27 20:20:41,875 INFO gateway.memory_monitor: [MEMORY] rss=361MB gc=(513, 8, 25) threads=9 uptime=30000s
2026-05-27 20:25:41,875 INFO gateway.memory_monitor: [MEMORY] rss=361MB gc=(167, 10, 25) threads=9 uptime=30300s
2026-05-27 20:30:41,876 INFO gateway.memory_monitor: [MEMORY] rss=361MB gc=(592, 11, 25) threads=9 uptime=30600s
2026-05-27 20:35:41,876 INFO gateway.memory_monitor: [MEMORY] rss=361MB gc=(216, 1, 26) threads=9 uptime=30900s
2026-05-27 20:40:41,877 INFO gateway.memory_monitor: [MEMORY] rss=361MB gc=(510, 2, 26) threads=9 uptime=31200s
2026-05-27 20:45:41,877 INFO gateway.memory_monitor: [MEMORY] rss=361MB gc=(167, 4, 26) threads=9 uptime=31500s
2026-05-27 20:50:41,878 INFO gateway.memory_monitor: [MEMORY] rss=361MB gc=(592, 5, 26) threads=9 uptime=31800s
2026-05-27 20:55:41,878 INFO gateway.memory_monitor: [MEMORY] rss=361MB gc=(216, 7, 26) threads=9 uptime=32100s
2026-05-27 21:00:41,879 INFO gateway.memory_monitor: [MEMORY] rss=361MB gc=(479, 8, 26) threads=9 uptime=32400s
2026-05-27 21:05:41,879 INFO gateway.memory_monitor: [MEMORY] rss=361MB gc=(166, 10, 26) threads=9 uptime=32700s
2026-05-27 21:10:41,880 INFO gateway.memory_monitor: [MEMORY] rss=361MB gc=(591, 11, 26) threads=9 uptime=33000s
2026-05-27 21:15:41,880 INFO gateway.memory_monitor: [MEMORY] rss=361MB gc=(215, 1, 27) threads=9 uptime=33300s
2026-05-27 21:20:41,881 INFO gateway.memory_monitor: [MEMORY] rss=361MB gc=(450, 2, 27) threads=9 uptime=33600s
2026-05-27 21:25:41,881 INFO gateway.memory_monitor: [MEMORY] rss=361MB gc=(264, 4, 27) threads=9 uptime=33900s
2026-05-27 21:30:41,882 INFO gateway.memory_monitor: [MEMORY] rss=361MB gc=(543, 5, 27) threads=9 uptime=34200s
2026-05-27 21:35:41,882 INFO gateway.memory_monitor: [MEMORY] rss=361MB gc=(185, 7, 27) threads=9 uptime=34500s
2026-05-27 21:40:41,883 INFO gateway.memory_monitor: [MEMORY] rss=361MB gc=(448, 8, 27) threads=9 uptime=34800s
2026-05-27 21:45:41,883 INFO gateway.memory_monitor: [MEMORY] rss=361MB gc=(264, 10, 27) threads=9 uptime=35100s
2026-05-27 21:50:41,884 INFO gateway.memory_monitor: [MEMORY] rss=361MB gc=(543, 11, 27) threads=9 uptime=35400s
2026-05-27 21:55:41,884 INFO gateway.memory_monitor: [MEMORY] rss=361MB gc=(184, 1, 28) threads=9 uptime=35700s
2026-05-27 22:00:41,885 INFO gateway.memory_monitor: [MEMORY] rss=361MB gc=(418, 2, 28) threads=9 uptime=36000s
2026-05-27 22:05:41,885 INFO gateway.memory_monitor: [MEMORY] rss=361MB gc=(340, 4, 28) threads=9 uptime=36300s
2026-05-27 22:10:41,886 INFO gateway.memory_monitor: [MEMORY] rss=361MB gc=(590, 5, 28) threads=9 uptime=36600s
2026-05-27 22:15:41,886 INFO gateway.memory_monitor: [MEMORY] rss=361MB gc=(215, 7, 28) threads=9 uptime=36900s
2026-05-27 22:20:41,887 INFO gateway.memory_monitor: [MEMORY] rss=361MB gc=(449, 8, 28) threads=9 uptime=37200s
2026-05-27 22:25:41,887 INFO gateway.memory_monitor: [MEMORY] rss=361MB gc=(310, 10, 28) threads=9 uptime=37500s
2026-05-27 22:29:15,387 INFO gateway.platforms.telegram: [Telegram] Flushing text batch agent:main:telegram:dm:8174123879 (261 chars)
2026-05-27 22:29:15,387 INFO gateway.run: inbound message: platform=telegram user=T chat=8174123879 msg='I accidentally had a claude design update on the hermes native-ui playtest branc'
2026-05-27 22:30:41,888 INFO gateway.memory_monitor: [MEMORY] rss=364MB gc=(210, 9, 31) threads=10 uptime=37800s
2026-05-27 22:34:57,935 INFO gateway.run: response ready: platform=telegram chat=8174123879 time=342.5s api_calls=23 response=1115 chars
2026-05-27 22:34:57,947 INFO gateway.platforms.base: [Telegram] Sending response (1115 chars) to 8174123879
2026-05-27 22:35:41,888 INFO gateway.memory_monitor: [MEMORY] rss=366MB gc=(185, 5, 35) threads=11 uptime=38100s
2026-05-27 22:40:41,889 INFO gateway.memory_monitor: [MEMORY] rss=366MB gc=(214, 4, 37) threads=9 uptime=38400s
2026-05-27 22:45:41,889 INFO gateway.memory_monitor: [MEMORY] rss=366MB gc=(423, 5, 37) threads=9 uptime=38700s
2026-05-27 22:50:41,890 INFO gateway.memory_monitor: [MEMORY] rss=366MB gc=(297, 7, 37) threads=9 uptime=39000s
2026-05-27 22:55:41,890 INFO gateway.memory_monitor: [MEMORY] rss=366MB gc=(541, 8, 37) threads=9 uptime=39300s
2026-05-27 23:00:41,891 INFO gateway.memory_monitor: [MEMORY] rss=366MB gc=(182, 10, 37) threads=9 uptime=39600s
2026-05-27 23:05:41,891 INFO gateway.memory_monitor: [MEMORY] rss=366MB gc=(396, 11, 37) threads=9 uptime=39900s
2026-05-27 23:10:41,892 INFO gateway.memory_monitor: [MEMORY] rss=366MB gc=(217, 1, 38) threads=9 uptime=40200s
2026-05-27 23:15:41,892 INFO gateway.memory_monitor: [MEMORY] rss=366MB gc=(448, 2, 38) threads=9 uptime=40500s
2026-05-27 23:20:41,893 INFO gateway.memory_monitor: [MEMORY] rss=366MB gc=(14, 4, 38) threads=9 uptime=40800s
2026-05-27 23:25:41,893 INFO gateway.memory_monitor: [MEMORY] rss=366MB gc=(312, 5, 38) threads=9 uptime=41100s
2026-05-27 23:30:41,894 INFO gateway.memory_monitor: [MEMORY] rss=366MB gc=(155, 7, 38) threads=9 uptime=41400s
2026-05-27 23:35:41,894 INFO gateway.memory_monitor: [MEMORY] rss=366MB gc=(386, 8, 38) threads=9 uptime=41700s
2026-05-27 23:37:33,903 INFO gateway.run: Agent cache idle-TTL evict: session=agent:main:telegram:dm:8174123879 (idle=3756s)
2026-05-27 23:37:33,904 INFO gateway.run: Agent cache idle sweep: evicted 1 agent(s)
2026-05-27 23:40:41,895 INFO gateway.memory_monitor: [MEMORY] rss=366MB gc=(562, 9, 38) threads=9 uptime=42000s
2026-05-27 23:45:41,895 INFO gateway.memory_monitor: [MEMORY] rss=366MB gc=(196, 11, 38) threads=9 uptime=42300s
2026-05-27 23:50:41,896 INFO gateway.memory_monitor: [MEMORY] rss=366MB gc=(0, 1, 39) threads=9 uptime=42600s
2026-05-27 23:55:41,896 INFO gateway.memory_monitor: [MEMORY] rss=366MB gc=(296, 2, 39) threads=9 uptime=42900s
2026-05-28 00:00:41,897 INFO gateway.memory_monitor: [MEMORY] rss=366MB gc=(514, 3, 39) threads=9 uptime=43200s
2026-05-28 00:05:41,897 INFO gateway.memory_monitor: [MEMORY] rss=366MB gc=(188, 5, 39) threads=9 uptime=43500s
2026-05-28 00:10:41,898 INFO gateway.memory_monitor: [MEMORY] rss=366MB gc=(622, 6, 39) threads=9 uptime=43800s
2026-05-28 00:15:41,898 INFO gateway.memory_monitor: [MEMORY] rss=366MB gc=(247, 8, 39) threads=9 uptime=44100s
2026-05-28 00:20:41,899 INFO gateway.memory_monitor: [MEMORY] rss=366MB gc=(485, 9, 39) threads=9 uptime=44400s
2026-05-28 00:25:41,899 INFO gateway.memory_monitor: [MEMORY] rss=366MB gc=(127, 11, 39) threads=9 uptime=44700s
2026-05-28 00:30:41,900 INFO gateway.memory_monitor: [MEMORY] rss=366MB gc=(559, 0, 40) threads=9 uptime=45000s
2026-05-28 00:35:41,900 INFO gateway.memory_monitor: [MEMORY] rss=366MB gc=(197, 2, 40) threads=9 uptime=45300s
2026-05-28 00:40:41,901 INFO gateway.memory_monitor: [MEMORY] rss=366MB gc=(428, 3, 40) threads=9 uptime=45600s
2026-05-28 00:45:41,901 INFO gateway.memory_monitor: [MEMORY] rss=366MB gc=(106, 5, 40) threads=9 uptime=45900s
2026-05-28 00:50:41,902 INFO gateway.memory_monitor: [MEMORY] rss=366MB gc=(542, 6, 40) threads=9 uptime=46200s
2026-05-28 00:55:41,902 INFO gateway.memory_monitor: [MEMORY] rss=366MB gc=(196, 8, 40) threads=9 uptime=46500s
2026-05-28 01:00:41,903 INFO gateway.memory_monitor: [MEMORY] rss=366MB gc=(430, 9, 40) threads=9 uptime=46800s
2026-05-28 01:05:41,903 INFO gateway.memory_monitor: [MEMORY] rss=366MB gc=(336, 11, 40) threads=9 uptime=47100s
2026-05-28 01:10:41,904 INFO gateway.memory_monitor: [MEMORY] rss=366MB gc=(533, 0, 41) threads=9 uptime=47400s
2026-05-28 01:15:41,904 INFO gateway.memory_monitor: [MEMORY] rss=366MB gc=(280, 2, 41) threads=9 uptime=47700s
2026-05-28 01:20:41,905 INFO gateway.memory_monitor: [MEMORY] rss=366MB gc=(495, 3, 41) threads=9 uptime=48000s
2026-05-28 01:25:41,905 INFO gateway.memory_monitor: [MEMORY] rss=366MB gc=(337, 5, 41) threads=9 uptime=48300s
2026-05-28 01:30:41,906 INFO gateway.memory_monitor: [MEMORY] rss=366MB gc=(541, 6, 41) threads=9 uptime=48600s
2026-05-28 01:35:41,906 INFO gateway.memory_monitor: [MEMORY] rss=366MB gc=(167, 8, 41) threads=9 uptime=48900s
2026-05-28 01:40:41,907 INFO gateway.memory_monitor: [MEMORY] rss=366MB gc=(402, 9, 41) threads=9 uptime=49200s
2026-05-28 01:45:41,907 INFO gateway.memory_monitor: [MEMORY] rss=366MB gc=(227, 11, 41) threads=9 uptime=49500s
2026-05-28 01:50:41,908 INFO gateway.memory_monitor: [MEMORY] rss=366MB gc=(461, 0, 42) threads=9 uptime=49800s
2026-05-28 01:55:41,908 INFO gateway.memory_monitor: [MEMORY] rss=366MB gc=(106, 2, 42) threads=9 uptime=50100s
2026-05-28 02:00:41,909 INFO gateway.memory_monitor: [MEMORY] rss=366MB gc=(369, 3, 42) threads=9 uptime=50400s
2026-05-28 02:05:41,909 INFO gateway.memory_monitor: [MEMORY] rss=366MB gc=(197, 5, 42) threads=9 uptime=50700s
2026-05-28 02:10:41,910 INFO gateway.memory_monitor: [MEMORY] rss=366MB gc=(402, 6, 42) threads=9 uptime=51000s
2026-05-28 02:15:41,911 INFO gateway.memory_monitor: [MEMORY] rss=366MB gc=(0, 8, 42) threads=9 uptime=51300s
2026-05-28 02:20:41,911 INFO gateway.memory_monitor: [MEMORY] rss=366MB gc=(338, 9, 42) threads=9 uptime=51600s
2026-05-28 02:25:41,912 INFO gateway.memory_monitor: [MEMORY] rss=366MB gc=(166, 11, 42) threads=9 uptime=51900s
2026-05-28 02:30:41,912 INFO gateway.memory_monitor: [MEMORY] rss=366MB gc=(402, 0, 43) threads=9 uptime=52200s
2026-05-28 02:35:41,913 INFO gateway.memory_monitor: [MEMORY] rss=366MB gc=(0, 2, 43) threads=9 uptime=52500s
2026-05-28 02:40:41,913 INFO gateway.memory_monitor: [MEMORY] rss=366MB gc=(339, 3, 43) threads=9 uptime=52800s
2026-05-28 02:45:41,914 INFO gateway.memory_monitor: [MEMORY] rss=366MB gc=(165, 5, 43) threads=9 uptime=53100s
2026-05-28 02:50:41,914 INFO gateway.memory_monitor: [MEMORY] rss=366MB gc=(371, 6, 43) threads=9 uptime=53400s
2026-05-28 02:55:41,915 INFO gateway.memory_monitor: [MEMORY] rss=366MB gc=(636, 7, 43) threads=9 uptime=53700s
2026-05-28 03:00:41,915 INFO gateway.memory_monitor: [MEMORY] rss=366MB gc=(296, 9, 43) threads=9 uptime=54000s
2026-05-28 03:05:41,916 INFO gateway.memory_monitor: [MEMORY] rss=366MB gc=(135, 11, 43) threads=9 uptime=54300s
2026-05-28 03:10:41,916 INFO gateway.memory_monitor: [MEMORY] rss=366MB gc=(338, 0, 44) threads=9 uptime=54600s
2026-05-28 03:15:41,917 INFO gateway.memory_monitor: [MEMORY] rss=366MB gc=(608, 1, 44) threads=9 uptime=54900s
2026-05-28 03:20:41,917 INFO gateway.memory_monitor: [MEMORY] rss=366MB gc=(262, 3, 44) threads=9 uptime=55200s
2026-05-28 03:25:41,918 INFO gateway.memory_monitor: [MEMORY] rss=366MB gc=(103, 5, 44) threads=9 uptime=55500s
2026-05-28 03:30:41,918 INFO gateway.memory_monitor: [MEMORY] rss=366MB gc=(309, 6, 44) threads=9 uptime=55800s
2026-05-28 03:35:41,919 INFO gateway.memory_monitor: [MEMORY] rss=366MB gc=(574, 7, 44) threads=9 uptime=56100s
2026-05-28 03:40:41,919 INFO gateway.memory_monitor: [MEMORY] rss=366MB gc=(238, 9, 44) threads=9 uptime=56400s
2026-05-28 03:45:41,920 INFO gateway.memory_monitor: [MEMORY] rss=366MB gc=(664, 10, 44) threads=9 uptime=56700s
2026-05-28 03:50:41,920 INFO gateway.memory_monitor: [MEMORY] rss=366MB gc=(307, 0, 45) threads=9 uptime=57000s
2026-05-28 03:55:41,921 INFO gateway.memory_monitor: [MEMORY] rss=366MB gc=(574, 1, 45) threads=9 uptime=57300s
2026-05-28 04:00:41,921 INFO gateway.memory_monitor: [MEMORY] rss=366MB gc=(203, 3, 45) threads=9 uptime=57600s
2026-05-28 04:02:48,264 INFO gateway.run: Session expiry: 1 sessions to finalize (telegram:1)
2026-05-28 04:02:48,265 INFO gateway.run: Session expiry done: 1 finalized
2026-05-28 04:05:41,922 INFO gateway.memory_monitor: [MEMORY] rss=366MB gc=(663, 4, 45) threads=9 uptime=57900s
2026-05-28 04:10:41,922 INFO gateway.memory_monitor: [MEMORY] rss=366MB gc=(243, 6, 45) threads=9 uptime=58200s
2026-05-28 04:15:41,923 INFO gateway.memory_monitor: [MEMORY] rss=366MB gc=(542, 7, 45) threads=9 uptime=58500s
2026-05-28 04:20:41,923 INFO gateway.memory_monitor: [MEMORY] rss=366MB gc=(168, 9, 45) threads=9 uptime=58800s
2026-05-28 04:25:41,924 INFO gateway.memory_monitor: [MEMORY] rss=366MB gc=(573, 10, 45) threads=9 uptime=59100s
2026-05-28 04:30:41,924 INFO gateway.memory_monitor: [MEMORY] rss=366MB gc=(200, 0, 46) threads=9 uptime=59400s
2026-05-28 04:35:41,925 INFO gateway.memory_monitor: [MEMORY] rss=366MB gc=(542, 1, 46) threads=9 uptime=59700s
2026-05-28 04:40:41,925 INFO gateway.memory_monitor: [MEMORY] rss=366MB gc=(167, 3, 46) threads=9 uptime=60000s
2026-05-28 04:45:41,926 INFO gateway.memory_monitor: [MEMORY] rss=366MB gc=(601, 4, 46) threads=9 uptime=60300s
2026-05-28 04:50:41,926 INFO gateway.memory_monitor: [MEMORY] rss=366MB gc=(200, 6, 46) threads=9 uptime=60600s
2026-05-28 04:55:41,927 INFO gateway.memory_monitor: [MEMORY] rss=366MB gc=(511, 7, 46) threads=9 uptime=60900s
2026-05-28 05:00:41,927 INFO gateway.memory_monitor: [MEMORY] rss=366MB gc=(137, 9, 46) threads=9 uptime=61200s
2026-05-28 05:05:41,928 INFO gateway.memory_monitor: [MEMORY] rss=366MB gc=(571, 10, 46) threads=9 uptime=61500s
2026-05-28 05:10:41,928 INFO gateway.memory_monitor: [MEMORY] rss=366MB gc=(200, 0, 47) threads=9 uptime=61800s
2026-05-28 05:15:41,929 INFO gateway.memory_monitor: [MEMORY] rss=366MB gc=(482, 1, 47) threads=9 uptime=62100s
2026-05-28 05:20:41,929 INFO gateway.memory_monitor: [MEMORY] rss=366MB gc=(104, 3, 47) threads=9 uptime=62400s
2026-05-28 05:25:41,930 INFO gateway.memory_monitor: [MEMORY] rss=366MB gc=(539, 4, 47) threads=9 uptime=62700s
2026-05-28 05:30:41,930 INFO gateway.memory_monitor: [MEMORY] rss=366MB gc=(169, 6, 47) threads=9 uptime=63000s
2026-05-28 05:35:41,931 INFO gateway.memory_monitor: [MEMORY] rss=366MB gc=(434, 7, 47) threads=9 uptime=63300s
2026-05-28 05:40:41,931 INFO gateway.memory_monitor: [MEMORY] rss=366MB gc=(95, 9, 47) threads=9 uptime=63600s
2026-05-28 05:41:46,599 INFO gateway.platforms.telegram: [Telegram] Flushing text batch agent:main:telegram:dm:8174123879 (67 chars)
2026-05-28 05:41:46,599 INFO gateway.run: inbound message: platform=telegram user=T chat=8174123879 msg='What are some ways I could improve you and SomberSoft as a company?'
2026-05-28 05:42:18,553 INFO gateway.run: response ready: platform=telegram chat=8174123879 time=32.0s api_calls=4 response=4802 chars
2026-05-28 05:42:18,558 INFO gateway.platforms.base: [Telegram] Sending response (4802 chars) to 8174123879
2026-05-28 05:45:41,932 INFO gateway.memory_monitor: [MEMORY] rss=366MB gc=(105, 5, 50) threads=9 uptime=63900s
2026-05-28 05:50:41,932 INFO gateway.memory_monitor: [MEMORY] rss=366MB gc=(541, 6, 50) threads=9 uptime=64200s
2026-05-28 05:55:41,933 INFO gateway.memory_monitor: [MEMORY] rss=366MB gc=(169, 8, 50) threads=9 uptime=64500s
2026-05-28 06:00:41,933 INFO gateway.memory_monitor: [MEMORY] rss=366MB gc=(435, 9, 50) threads=9 uptime=64800s
2026-05-28 06:05:41,934 INFO gateway.memory_monitor: [MEMORY] rss=366MB gc=(95, 11, 50) threads=9 uptime=65100s
2026-05-28 06:10:41,934 INFO gateway.memory_monitor: [MEMORY] rss=366MB gc=(540, 0, 51) threads=9 uptime=65400s
2026-05-28 06:15:41,935 INFO gateway.memory_monitor: [MEMORY] rss=366MB gc=(198, 2, 51) threads=9 uptime=65700s
2026-05-28 06:20:41,935 INFO gateway.memory_monitor: [MEMORY] rss=366MB gc=(435, 3, 51) threads=9 uptime=66000s
2026-05-28 06:25:41,936 INFO gateway.memory_monitor: [MEMORY] rss=366MB gc=(296, 5, 51) threads=9 uptime=66300s
2026-05-28 06:30:41,936 INFO gateway.memory_monitor: [MEMORY] rss=366MB gc=(540, 6, 51) threads=9 uptime=66600s
2026-05-28 06:35:41,937 INFO gateway.memory_monitor: [MEMORY] rss=366MB gc=(141, 8, 51) threads=9 uptime=66900s
2026-05-28 06:40:41,937 INFO gateway.memory_monitor: [MEMORY] rss=366MB gc=(401, 9, 51) threads=9 uptime=67200s
2026-05-28 06:42:57,827 INFO gateway.run: Agent cache idle-TTL evict: session=agent:main:telegram:dm:8174123879 (idle=3639s)
2026-05-28 06:42:57,828 INFO gateway.run: Agent cache idle sweep: evicted 1 agent(s)
2026-05-28 06:45:41,938 INFO gateway.memory_monitor: [MEMORY] rss=366MB gc=(198, 11, 51) threads=9 uptime=67500s
2026-05-28 06:50:41,938 INFO gateway.memory_monitor: [MEMORY] rss=366MB gc=(509, 0, 52) threads=9 uptime=67800s
2026-05-28 06:55:41,939 INFO gateway.memory_monitor: [MEMORY] rss=366MB gc=(107, 2, 52) threads=9 uptime=68100s
2026-05-28 07:00:41,939 INFO gateway.memory_monitor: [MEMORY] rss=366MB gc=(370, 3, 52) threads=9 uptime=68400s
2026-05-28 07:05:41,940 INFO gateway.memory_monitor: [MEMORY] rss=366MB gc=(197, 5, 52) threads=9 uptime=68700s
2026-05-28 07:10:41,940 INFO gateway.memory_monitor: [MEMORY] rss=366MB gc=(400, 6, 52) threads=9 uptime=69000s
2026-05-28 07:15:41,941 INFO gateway.memory_monitor: [MEMORY] rss=366MB gc=(137, 8, 52) threads=9 uptime=69300s
2026-05-28 07:20:41,941 INFO gateway.memory_monitor: [MEMORY] rss=366MB gc=(372, 9, 52) threads=9 uptime=69600s
2026-05-28 07:25:41,942 INFO gateway.memory_monitor: [MEMORY] rss=366MB gc=(197, 11, 52) threads=9 uptime=69900s
2026-05-28 07:30:41,942 INFO gateway.memory_monitor: [MEMORY] rss=366MB gc=(400, 0, 53) threads=9 uptime=70200s
2026-05-28 07:35:41,943 INFO gateway.memory_monitor: [MEMORY] rss=366MB gc=(453, 1, 0) threads=9 uptime=70500s
2026-05-28 07:40:41,943 INFO gateway.memory_monitor: [MEMORY] rss=366MB gc=(339, 3, 0) threads=9 uptime=70800s
2026-05-28 07:45:41,944 INFO gateway.memory_monitor: [MEMORY] rss=366MB gc=(165, 5, 0) threads=9 uptime=71100s
2026-05-28 07:50:41,944 INFO gateway.memory_monitor: [MEMORY] rss=366MB gc=(451, 6, 0) threads=9 uptime=71400s
2026-05-28 07:55:41,945 INFO gateway.memory_monitor: [MEMORY] rss=366MB gc=(31, 8, 0) threads=9 uptime=71700s
2026-05-28 08:00:41,945 INFO gateway.memory_monitor: [MEMORY] rss=366MB gc=(309, 9, 0) threads=9 uptime=72000s
2026-05-28 08:05:41,946 INFO gateway.memory_monitor: [MEMORY] rss=366MB gc=(135, 11, 0) threads=9 uptime=72300s
2026-05-28 08:10:41,946 INFO gateway.memory_monitor: [MEMORY] rss=366MB gc=(403, 0, 1) threads=9 uptime=72600s
2026-05-28 08:15:41,947 INFO gateway.memory_monitor: [MEMORY] rss=366MB gc=(103, 2, 1) threads=9 uptime=72900s
2026-05-28 08:20:41,947 INFO gateway.memory_monitor: [MEMORY] rss=366MB gc=(340, 3, 1) threads=9 uptime=73200s
2026-05-28 08:25:41,948 INFO gateway.memory_monitor: [MEMORY] rss=366MB gc=(136, 5, 1) threads=9 uptime=73500s
2026-05-28 08:30:41,948 INFO gateway.memory_monitor: [MEMORY] rss=366MB gc=(402, 6, 1) threads=9 uptime=73800s
2026-05-28 08:35:41,949 INFO gateway.memory_monitor: [MEMORY] rss=366MB gc=(654, 7, 1) threads=9 uptime=74100s
2026-05-28 08:40:41,950 INFO gateway.memory_monitor: [MEMORY] rss=366MB gc=(308, 9, 1) threads=9 uptime=74400s
2026-05-28 08:45:41,950 INFO gateway.memory_monitor: [MEMORY] rss=366MB gc=(105, 11, 1) threads=9 uptime=74700s
2026-05-28 08:50:41,951 INFO gateway.memory_monitor: [MEMORY] rss=366MB gc=(340, 0, 2) threads=9 uptime=75000s
2026-05-28 08:55:41,951 INFO gateway.memory_monitor: [MEMORY] rss=366MB gc=(606, 1, 2) threads=9 uptime=75300s
2026-05-28 09:00:41,952 INFO gateway.memory_monitor: [MEMORY] rss=366MB gc=(260, 3, 2) threads=9 uptime=75600s
2026-05-28 09:05:41,952 INFO gateway.memory_monitor: [MEMORY] rss=366MB gc=(0, 5, 2) threads=9 uptime=75900s
2026-05-28 09:10:41,953 INFO gateway.memory_monitor: [MEMORY] rss=366MB gc=(308, 6, 2) threads=9 uptime=76200s
2026-05-28 09:15:41,953 INFO gateway.memory_monitor: [MEMORY] rss=366MB gc=(580, 7, 2) threads=9 uptime=76500s
2026-05-28 09:20:41,954 INFO gateway.memory_monitor: [MEMORY] rss=366MB gc=(225, 9, 2) threads=9 uptime=76800s
2026-05-28 09:25:41,954 INFO gateway.memory_monitor: [MEMORY] rss=366MB gc=(654, 10, 2) threads=9 uptime=77100s
2026-05-28 09:30:41,955 INFO gateway.memory_monitor: [MEMORY] rss=366MB gc=(265, 0, 3) threads=9 uptime=77400s
2026-05-28 09:35:41,955 INFO gateway.memory_monitor: [MEMORY] rss=366MB gc=(541, 1, 3) threads=9 uptime=77700s
2026-05-28 09:40:41,956 INFO gateway.memory_monitor: [MEMORY] rss=366MB gc=(197, 3, 3) threads=9 uptime=78000s
2026-05-28 09:45:41,956 INFO gateway.memory_monitor: [MEMORY] rss=366MB gc=(622, 4, 3) threads=9 uptime=78300s
2026-05-28 09:50:41,957 INFO gateway.memory_monitor: [MEMORY] rss=366MB gc=(264, 6, 3) threads=9 uptime=78600s
2026-05-28 09:55:41,957 INFO gateway.memory_monitor: [MEMORY] rss=366MB gc=(512, 7, 3) threads=9 uptime=78900s
2026-05-28 10:00:41,958 INFO gateway.memory_monitor: [MEMORY] rss=366MB gc=(166, 9, 3) threads=9 uptime=79200s
2026-05-28 10:05:41,958 INFO gateway.memory_monitor: [MEMORY] rss=366MB gc=(574, 10, 3) threads=9 uptime=79500s
2026-05-28 10:10:41,959 INFO gateway.memory_monitor: [MEMORY] rss=366MB gc=(265, 0, 4) threads=9 uptime=79800s
2026-05-28 10:15:41,959 INFO gateway.memory_monitor: [MEMORY] rss=366MB gc=(549, 1, 4) threads=9 uptime=80100s
2026-05-28 10:20:41,960 INFO gateway.memory_monitor: [MEMORY] rss=366MB gc=(170, 3, 4) threads=9 uptime=80400s
2026-05-28 10:25:41,960 INFO gateway.memory_monitor: [MEMORY] rss=366MB gc=(622, 4, 4) threads=9 uptime=80700s
2026-05-28 10:30:41,961 INFO gateway.memory_monitor: [MEMORY] rss=366MB gc=(296, 6, 4) threads=9 uptime=81000s
2026-05-28 10:35:41,961 INFO gateway.memory_monitor: [MEMORY] rss=366MB gc=(543, 7, 4) threads=9 uptime=81300s
2026-05-28 10:40:41,962 INFO gateway.memory_monitor: [MEMORY] rss=366MB gc=(168, 9, 4) threads=9 uptime=81600s
2026-05-28 10:45:41,962 INFO gateway.memory_monitor: [MEMORY] rss=366MB gc=(622, 10, 4) threads=9 uptime=81900s
2026-05-28 10:50:41,963 INFO gateway.memory_monitor: [MEMORY] rss=366MB gc=(296, 0, 5) threads=9 uptime=82200s
2026-05-28 10:55:41,964 INFO gateway.memory_monitor: [MEMORY] rss=366MB gc=(541, 1, 5) threads=9 uptime=82500s
2026-05-28 11:00:41,964 INFO gateway.memory_monitor: [MEMORY] rss=366MB gc=(371, 3, 5) threads=9 uptime=82800s
2026-05-28 11:05:41,965 INFO gateway.memory_monitor: [MEMORY] rss=366MB gc=(621, 4, 5) threads=9 uptime=83100s
2026-05-28 11:10:41,965 INFO gateway.memory_monitor: [MEMORY] rss=366MB gc=(245, 6, 5) threads=9 uptime=83400s
2026-05-28 11:15:41,966 INFO gateway.memory_monitor: [MEMORY] rss=366MB gc=(517, 7, 5) threads=9 uptime=83700s
2026-05-28 11:20:41,966 INFO gateway.memory_monitor: [MEMORY] rss=366MB gc=(371, 9, 5) threads=9 uptime=84000s
2026-05-28 11:25:41,967 INFO gateway.memory_monitor: [MEMORY] rss=366MB gc=(621, 10, 5) threads=9 uptime=84300s
2026-05-28 11:30:41,967 INFO gateway.memory_monitor: [MEMORY] rss=366MB gc=(245, 0, 6) threads=9 uptime=84600s
2026-05-28 11:35:41,968 INFO gateway.memory_monitor: [MEMORY] rss=366MB gc=(484, 1, 6) threads=9 uptime=84900s
2026-05-28 11:40:41,968 INFO gateway.memory_monitor: [MEMORY] rss=366MB gc=(308, 3, 6) threads=9 uptime=85200s
2026-05-28 11:45:41,969 INFO gateway.memory_monitor: [MEMORY] rss=366MB gc=(572, 4, 6) threads=9 uptime=85500s
2026-05-28 11:50:41,969 INFO gateway.memory_monitor: [MEMORY] rss=366MB gc=(214, 6, 6) threads=9 uptime=85800s
2026-05-28 11:55:41,970 INFO gateway.memory_monitor: [MEMORY] rss=366MB gc=(421, 7, 6) threads=9 uptime=86100s
2026-05-28 12:00:41,970 INFO gateway.memory_monitor: [MEMORY] rss=366MB gc=(266, 9, 6) threads=9 uptime=86400s
2026-05-28 12:05:41,971 INFO gateway.memory_monitor: [MEMORY] rss=366MB gc=(511, 10, 6) threads=9 uptime=86700s
2026-05-28 12:10:41,971 INFO gateway.memory_monitor: [MEMORY] rss=366MB gc=(134, 0, 7) threads=9 uptime=87000s
2026-05-28 12:15:41,972 INFO gateway.memory_monitor: [MEMORY] rss=366MB gc=(410, 1, 7) threads=9 uptime=87300s
2026-05-28 12:20:41,972 INFO gateway.memory_monitor: [MEMORY] rss=366MB gc=(266, 3, 7) threads=9 uptime=87600s
2026-05-28 12:25:41,973 INFO gateway.memory_monitor: [MEMORY] rss=366MB gc=(510, 4, 7) threads=9 uptime=87900s
2026-05-28 12:30:41,974 INFO gateway.memory_monitor: [MEMORY] rss=366MB gc=(134, 6, 7) threads=9 uptime=88200s
2026-05-28 12:35:41,974 INFO gateway.memory_monitor: [MEMORY] rss=366MB gc=(374, 7, 7) threads=9 uptime=88500s
2026-05-28 12:40:41,975 INFO gateway.memory_monitor: [MEMORY] rss=366MB gc=(216, 9, 7) threads=9 uptime=88800s
2026-05-28 12:45:41,975 INFO gateway.memory_monitor: [MEMORY] rss=366MB gc=(448, 10, 7) threads=9 uptime=89100s
2026-05-28 12:50:41,976 INFO gateway.memory_monitor: [MEMORY] rss=366MB gc=(134, 0, 8) threads=9 uptime=89400s
2026-05-28 12:55:41,976 INFO gateway.memory_monitor: [MEMORY] rss=366MB gc=(342, 1, 8) threads=9 uptime=89700s
2026-05-28 13:00:41,977 INFO gateway.memory_monitor: [MEMORY] rss=366MB gc=(137, 3, 8) threads=9 uptime=90000s
2026-05-28 13:05:41,977 INFO gateway.memory_monitor: [MEMORY] rss=366MB gc=(369, 4, 8) threads=9 uptime=90300s
2026-05-28 13:10:41,978 INFO gateway.memory_monitor: [MEMORY] rss=366MB gc=(650, 5, 8) threads=9 uptime=90600s
2026-05-28 13:15:41,978 INFO gateway.memory_monitor: [MEMORY] rss=366MB gc=(318, 7, 8) threads=9 uptime=90900s
2026-05-28 13:20:41,979 INFO gateway.memory_monitor: [MEMORY] rss=366MB gc=(137, 9, 8) threads=9 uptime=91200s
2026-05-28 13:25:41,979 INFO gateway.memory_monitor: [MEMORY] rss=366MB gc=(369, 10, 8) threads=9 uptime=91500s
2026-05-28 13:30:41,980 INFO gateway.memory_monitor: [MEMORY] rss=366MB gc=(621, 11, 8) threads=9 uptime=91800s
2026-05-28 13:35:41,980 INFO gateway.memory_monitor: [MEMORY] rss=366MB gc=(232, 1, 9) threads=9 uptime=92100s
2026-05-28 13:40:41,981 INFO gateway.memory_monitor: [MEMORY] rss=366MB gc=(106, 3, 9) threads=9 uptime=92400s
2026-05-28 13:45:41,982 INFO gateway.memory_monitor: [MEMORY] rss=366MB gc=(369, 4, 9) threads=9 uptime=92700s
2026-05-28 13:50:41,982 INFO gateway.memory_monitor: [MEMORY] rss=366MB gc=(622, 5, 9) threads=9 uptime=93000s
2026-05-28 13:55:41,983 INFO gateway.memory_monitor: [MEMORY] rss=366MB gc=(216, 7, 9) threads=9 uptime=93300s
2026-05-28 14:00:41,983 INFO gateway.memory_monitor: [MEMORY] rss=366MB gc=(107, 9, 9) threads=9 uptime=93600s
2026-05-28 14:05:41,984 INFO gateway.memory_monitor: [MEMORY] rss=366MB gc=(338, 10, 9) threads=9 uptime=93900s
2026-05-28 14:10:41,984 INFO gateway.memory_monitor: [MEMORY] rss=366MB gc=(573, 11, 9) threads=9 uptime=94200s
2026-05-28 14:15:41,985 INFO gateway.memory_monitor: [MEMORY] rss=366MB gc=(222, 1, 10) threads=9 uptime=94500s
2026-05-28 14:20:41,985 INFO gateway.memory_monitor: [MEMORY] rss=366MB gc=(107, 3, 10) threads=9 uptime=94800s
2026-05-28 14:25:41,986 INFO gateway.memory_monitor: [MEMORY] rss=366MB gc=(339, 4, 10) threads=9 uptime=95100s
2026-05-28 14:26:35,557 INFO gateway.platforms.telegram: [Telegram] Flushing text batch agent:main:telegram:dm:8174123879 (137 chars)
2026-05-28 14:26:35,557 INFO gateway.run: inbound message: platform=telegram user=T chat=8174123879 msg="This is great advice, let's take them 1 at a time and let's go through them all "
2026-05-28 14:26:50,315 INFO gateway.run: response ready: platform=telegram chat=8174123879 time=14.8s api_calls=2 response=1429 chars
2026-05-28 14:26:50,318 INFO gateway.platforms.base: [Telegram] Sending response (1429 chars) to 8174123879
2026-05-28 14:30:00,878 INFO gateway.platforms.telegram: [Telegram] Flushing text batch agent:main:telegram:dm:8174123879 (239 chars)
2026-05-28 14:30:00,879 INFO gateway.run: inbound message: platform=telegram user=T chat=8174123879 msg="Let's give you more freedom than that. This all looks good, except you don't hav"
2026-05-28 14:30:28,051 INFO gateway.run: response ready: platform=telegram chat=8174123879 time=27.2s api_calls=6 response=1515 chars
2026-05-28 14:30:28,055 INFO gateway.platforms.base: [Telegram] Sending response (1515 chars) to 8174123879
2026-05-28 14:30:41,986 INFO gateway.memory_monitor: [MEMORY] rss=366MB gc=(104, 0, 13) threads=9 uptime=95400s
2026-05-28 14:35:05,170 INFO gateway.platforms.telegram: [Telegram] Flushing text batch agent:main:telegram:dm:8174123879 (162 chars)
2026-05-28 14:35:05,171 INFO gateway.run: inbound message: platform=telegram user=T chat=8174123879 msg="That's a great question! My worker bots need to know these things, but I would a"
2026-05-28 14:35:19,235 INFO gateway.run: response ready: platform=telegram chat=8174123879 time=14.1s api_calls=1 response=2598 chars
2026-05-28 14:35:19,239 INFO gateway.platforms.base: [Telegram] Sending response (2598 chars) to 8174123879
2026-05-28 14:35:41,987 INFO gateway.memory_monitor: [MEMORY] rss=366MB gc=(126, 8, 13) threads=9 uptime=95700s
2026-05-28 14:40:41,987 INFO gateway.memory_monitor: [MEMORY] rss=366MB gc=(589, 9, 13) threads=9 uptime=96000s
2026-05-28 14:45:41,988 INFO gateway.memory_monitor: [MEMORY] rss=366MB gc=(226, 11, 13) threads=9 uptime=96300s
2026-05-28 14:50:41,988 INFO gateway.memory_monitor: [MEMORY] rss=366MB gc=(654, 0, 14) threads=9 uptime=96600s
2026-05-28 14:55:41,989 INFO gateway.memory_monitor: [MEMORY] rss=366MB gc=(266, 2, 14) threads=9 uptime=96900s
2026-05-28 15:00:41,989 INFO gateway.memory_monitor: [MEMORY] rss=366MB gc=(544, 3, 14) threads=9 uptime=97200s
2026-05-28 15:02:46,123 INFO gateway.platforms.telegram: [Telegram] Flushing text batch agent:main:telegram:dm:8174123879 (156 chars)
2026-05-28 15:02:46,124 INFO gateway.run: inbound message: platform=telegram user=T chat=8174123879 msg='Directly in Workspace, yes. Any directory in Workspace will be a repository, so '
2026-05-28 15:03:17,636 INFO gateway.run: response ready: platform=telegram chat=8174123879 time=31.5s api_calls=6 response=1603 chars
2026-05-28 15:03:17,649 INFO gateway.platforms.base: [Telegram] Sending response (1603 chars) to 8174123879
2026-05-28 15:05:18,900 INFO gateway.platforms.telegram: [Telegram] Flushing text batch agent:main:telegram:dm:8174123879 (13 chars)
2026-05-28 15:05:18,901 INFO gateway.run: inbound message: platform=telegram user=T chat=8174123879 msg='Yes, do that!'
2026-05-28 15:05:41,990 INFO gateway.memory_monitor: [MEMORY] rss=366MB gc=(35, 2, 17) threads=10 uptime=97500s
2026-05-28 15:05:52,168 INFO gateway.run: response ready: platform=telegram chat=8174123879 time=33.3s api_calls=5 response=1222 chars
2026-05-28 15:05:52,173 INFO gateway.platforms.base: [Telegram] Sending response (1222 chars) to 8174123879
2026-05-28 15:10:41,990 INFO gateway.memory_monitor: [MEMORY] rss=366MB gc=(447, 7, 17) threads=9 uptime=97800s
2026-05-28 15:12:23,076 INFO gateway.platforms.telegram: [Telegram] Flushing text batch agent:main:telegram:dm:8174123879 (519 chars)
2026-05-28 15:12:23,077 INFO gateway.run: inbound message: platform=telegram user=T chat=8174123879 msg="Let's do this:  1) Every morning at 4am have The Kid do a playthrough of the mec"
2026-05-28 15:13:33,892 INFO gateway.run: response ready: platform=telegram chat=8174123879 time=70.8s api_calls=8 response=2682 chars
2026-05-28 15:13:33,898 INFO gateway.platforms.base: [Telegram] Sending response (2682 chars) to 8174123879
2026-05-28 15:15:41,991 INFO gateway.memory_monitor: [MEMORY] rss=366MB gc=(572, 6, 19) threads=9 uptime=98100s
2026-05-28 15:19:17,972 INFO gateway.platforms.telegram: [Telegram] Flushing text batch agent:main:telegram:dm:8174123879 (575 chars)
2026-05-28 15:19:17,973 INFO gateway.run: inbound message: platform=telegram user=T chat=8174123879 msg='Real quick, those times I mentioned were for EST, so adjust those schedules as n'
2026-05-28 15:20:41,992 INFO gateway.memory_monitor: [MEMORY] rss=366MB gc=(82, 7, 21) threads=10 uptime=98400s
2026-05-28 15:22:12,623 INFO gateway.run: response ready: platform=telegram chat=8174123879 time=174.6s api_calls=15 response=2831 chars
2026-05-28 15:22:12,646 INFO gateway.platforms.base: [Telegram] Sending response (2831 chars) to 8174123879
2026-05-28 15:25:41,992 INFO gateway.memory_monitor: [MEMORY] rss=366MB gc=(478, 11, 23) threads=9 uptime=98700s
2026-05-28 15:29:13,467 INFO gateway.platforms.telegram: [Telegram] Flushing text batch agent:main:telegram:dm:8174123879 (278 chars)
2026-05-28 15:29:13,468 INFO gateway.run: inbound message: platform=telegram user=T chat=8174123879 msg="That's a great question.  1) Initial implementation 2) Add testing (including up"
2026-05-28 15:29:40,055 INFO gateway.run: response ready: platform=telegram chat=8174123879 time=26.6s api_calls=3 response=1990 chars
2026-05-28 15:29:40,060 INFO gateway.platforms.base: [Telegram] Sending response (1990 chars) to 8174123879
2026-05-28 15:30:41,993 INFO gateway.memory_monitor: [MEMORY] rss=366MB gc=(253, 1, 25) threads=9 uptime=99000s
2026-05-28 15:34:34,933 INFO gateway.platforms.telegram: [Telegram] Flushing text batch agent:main:telegram:dm:8174123879 (242 chars)
2026-05-28 15:34:34,933 INFO gateway.run: inbound message: platform=telegram user=T chat=8174123879 msg='That feels close enough for now. I also want to make sure our focus is on "exper'
2026-05-28 15:35:31,904 INFO gateway.run: response ready: platform=telegram chat=8174123879 time=57.0s api_calls=8 response=1300 chars
2026-05-28 15:35:31,907 INFO gateway.platforms.base: [Telegram] Sending response (1300 chars) to 8174123879
2026-05-28 15:35:41,993 INFO gateway.memory_monitor: [MEMORY] rss=366MB gc=(94, 1, 27) threads=9 uptime=99300s
2026-05-28 15:39:57,915 INFO gateway.platforms.telegram: [Telegram] Flushing text batch agent:main:telegram:dm:8174123879 (3 chars)
2026-05-28 15:39:57,916 INFO gateway.run: inbound message: platform=telegram user=T chat=8174123879 msg='Yes'
2026-05-28 15:40:13,264 INFO gateway.run: response ready: platform=telegram chat=8174123879 time=15.3s api_calls=3 response=1358 chars
2026-05-28 15:40:13,270 INFO gateway.platforms.base: [Telegram] Sending response (1358 chars) to 8174123879
2026-05-28 15:40:41,994 INFO gateway.memory_monitor: [MEMORY] rss=366MB gc=(137, 2, 28) threads=9 uptime=99600s
2026-05-28 15:43:34,819 INFO gateway.platforms.telegram: [Telegram] Flushing text batch agent:main:telegram:dm:8174123879 (630 chars)
2026-05-28 15:43:34,820 INFO gateway.run: inbound message: platform=telegram user=T chat=8174123879 msg="Yes, let's do that!  I also want to add something else to the Agenda today. I wa"
2026-05-28 15:44:08,815 INFO gateway.run: response ready: platform=telegram chat=8174123879 time=34.0s api_calls=5 response=1760 chars
2026-05-28 15:44:08,876 INFO gateway.platforms.base: [Telegram] Sending response (1760 chars) to 8174123879
2026-05-28 15:45:41,994 INFO gateway.memory_monitor: [MEMORY] rss=366MB gc=(216, 10, 30) threads=9 uptime=99900s
2026-05-28 15:50:41,995 INFO gateway.memory_monitor: [MEMORY] rss=366MB gc=(585, 11, 30) threads=9 uptime=100200s
2026-05-28 15:55:41,995 INFO gateway.memory_monitor: [MEMORY] rss=366MB gc=(214, 1, 31) threads=9 uptime=100500s
2026-05-28 15:58:01,418 INFO gateway.platforms.telegram: [Telegram] Flushing text batch agent:main:telegram:dm:8174123879 (159 chars)
2026-05-28 15:58:01,419 INFO gateway.run: inbound message: platform=telegram user=T chat=8174123879 msg="I like this idea! Let's put a pin in it because I think making a public facing w"
2026-05-28 15:58:30,133 INFO gateway.run: response ready: platform=telegram chat=8174123879 time=28.7s api_calls=4 response=1554 chars
2026-05-28 15:58:30,138 INFO gateway.platforms.base: [Telegram] Sending response (1554 chars) to 8174123879
2026-05-28 16:00:26,632 INFO gateway.platforms.telegram: [Telegram] Flushing text batch agent:main:telegram:dm:8174123879 (347 chars)
2026-05-28 16:00:26,633 INFO gateway.run: inbound message: platform=telegram user=T chat=8174123879 msg='For now, let\'s start writing "blog articles" outlining our process and later I\'l'
2026-05-28 16:00:41,996 INFO gateway.memory_monitor: [MEMORY] rss=366MB gc=(165, 4, 33) threads=10 uptime=100800s
2026-05-28 16:00:59,882 INFO gateway.run: response ready: platform=telegram chat=8174123879 time=33.2s api_calls=4 response=2040 chars
2026-05-28 16:00:59,887 INFO gateway.platforms.base: [Telegram] Sending response (2040 chars) to 8174123879
2026-05-28 16:04:47,218 INFO gateway.platforms.telegram: [Telegram] Flushing text batch agent:main:telegram:dm:8174123879 (16 chars)
2026-05-28 16:04:47,219 INFO gateway.run: inbound message: platform=telegram user=T chat=8174123879 msg='That sounds good'
2026-05-28 16:05:22,026 INFO gateway.run: response ready: platform=telegram chat=8174123879 time=34.8s api_calls=3 response=1360 chars
2026-05-28 16:05:22,030 INFO gateway.platforms.base: [Telegram] Sending response (1360 chars) to 8174123879
2026-05-28 16:05:41,997 INFO gateway.memory_monitor: [MEMORY] rss=366MB gc=(132, 2, 35) threads=9 uptime=101100s
2026-05-28 16:10:41,997 INFO gateway.memory_monitor: [MEMORY] rss=366MB gc=(380, 3, 35) threads=9 uptime=101400s
2026-05-28 16:15:41,998 INFO gateway.memory_monitor: [MEMORY] rss=366MB gc=(185, 5, 35) threads=9 uptime=101700s
2026-05-28 16:20:41,998 INFO gateway.memory_monitor: [MEMORY] rss=366MB gc=(419, 6, 35) threads=9 uptime=102000s
2026-05-28 16:25:41,999 INFO gateway.memory_monitor: [MEMORY] rss=366MB gc=(105, 8, 35) threads=9 uptime=102300s
2026-05-28 16:30:42,000 INFO gateway.memory_monitor: [MEMORY] rss=366MB gc=(339, 9, 35) threads=9 uptime=102600s
2026-05-28 16:35:42,000 INFO gateway.memory_monitor: [MEMORY] rss=366MB gc=(154, 11, 35) threads=9 uptime=102900s
2026-05-28 16:40:42,001 INFO gateway.memory_monitor: [MEMORY] rss=366MB gc=(388, 0, 36) threads=9 uptime=103200s
2026-05-28 16:45:42,001 INFO gateway.memory_monitor: [MEMORY] rss=366MB gc=(651, 1, 36) threads=9 uptime=103500s
2026-05-28 16:47:50,893 INFO gateway.platforms.telegram: [Telegram] Flushing text batch agent:main:telegram:dm:8174123879 (3 chars)
2026-05-28 16:47:50,893 INFO gateway.run: inbound message: platform=telegram user=T chat=8174123879 msg='Yes'
2026-05-28 16:48:19,910 INFO gateway.run: response ready: platform=telegram chat=8174123879 time=29.0s api_calls=4 response=1727 chars
2026-05-28 16:48:19,919 INFO gateway.platforms.base: [Telegram] Sending response (1727 chars) to 8174123879
2026-05-28 16:50:42,002 INFO gateway.memory_monitor: [MEMORY] rss=366MB gc=(247, 0, 39) threads=9 uptime=103800s
2026-05-28 16:53:49,212 INFO gateway.platforms.telegram: [Telegram] Flushing text batch agent:main:telegram:dm:8174123879 (16 chars)
2026-05-28 16:53:49,212 INFO gateway.run: inbound message: platform=telegram user=T chat=8174123879 msg='This looks good!'
2026-05-28 16:54:11,136 INFO gateway.run: response ready: platform=telegram chat=8174123879 time=21.9s api_calls=4 response=1106 chars
2026-05-28 16:54:11,140 INFO gateway.platforms.base: [Telegram] Sending response (1106 chars) to 8174123879
2026-05-28 16:55:42,002 INFO gateway.memory_monitor: [MEMORY] rss=366MB gc=(381, 6, 40) threads=9 uptime=104100s
2026-05-28 16:58:22,298 INFO gateway.platforms.telegram: [Telegram] Flushing text batch agent:main:telegram:dm:8174123879 (226 chars)
2026-05-28 16:58:22,299 INFO gateway.run: inbound message: platform=telegram user=T chat=8174123879 msg="Alright, great. So just to make sure I'm up to date on the current state of Axio"
2026-05-28 16:59:23,795 INFO gateway.platforms.telegram: Telegram button resolved 1 approval(s) for session agent:main:telegram:dm:8174123879 (choice=always, user=T)
2026-05-28 17:00:42,003 INFO gateway.memory_monitor: [MEMORY] rss=366MB gc=(417, 1, 43) threads=10 uptime=104400s
2026-05-28 17:04:08,127 INFO gateway.platforms.telegram: [Telegram] Flushing text batch agent:main:telegram:dm:8174123879 (468 chars)
2026-05-28 17:05:42,003 INFO gateway.memory_monitor: [MEMORY] rss=366MB gc=(200, 9, 9) threads=12 uptime=104700s
2026-05-28 17:10:42,004 INFO gateway.memory_monitor: [MEMORY] rss=366MB gc=(104, 4, 18) threads=12 uptime=105000s
2026-05-28 17:12:31,629 INFO gateway.platforms.telegram: Telegram button resolved 1 approval(s) for session agent:main:telegram:dm:8174123879 (choice=once, user=T)
2026-05-28 17:14:54,693 INFO [20260528_054146_3ef31f91] gateway.run: Session split detected: 20260528_054146_3ef31f91 → 20260528_170426_0958a0 (compression)
2026-05-28 17:14:54,736 INFO gateway.run: Queued follow-up for session agent:main:telegram:dm:8174123879: final stream delivery not confirmed; sending first response before continuing.
2026-05-28 17:15:36,092 INFO [20260528_170426_0958a0] gateway.run: Session split detected: 20260528_054146_3ef31f91 → 20260528_170426_0958a0 (compression)
2026-05-28 17:15:36,103 INFO gateway.run: response ready: platform=telegram chat=8174123879 time=1033.8s api_calls=4 response=5353 chars
2026-05-28 17:15:36,108 INFO gateway.platforms.base: [Telegram] Sending response (5353 chars) to 8174123879
2026-05-28 17:15:42,005 INFO gateway.memory_monitor: [MEMORY] rss=366MB gc=(75, 6, 30) threads=11 uptime=105300s
2026-05-28 17:20:42,005 INFO gateway.memory_monitor: [MEMORY] rss=366MB gc=(479, 7, 30) threads=11 uptime=105600s
2026-05-28 17:22:47,497 INFO gateway.platforms.telegram: [Telegram] Flushing text batch agent:main:telegram:dm:8174123879 (383 chars)
2026-05-28 17:22:47,498 INFO gateway.run: inbound message: platform=telegram user=T chat=8174123879 msg="Yes, let's do that, except let's have it be Toadvine. A brutalist for brutalist "
2026-05-28 17:25:42,006 INFO gateway.memory_monitor: [MEMORY] rss=366MB gc=(289, 8, 34) threads=12 uptime=105900s
2026-05-28 17:25:50,698 INFO [20260528_170426_0958a0] gateway.run: Session split detected: 20260528_170426_0958a0 → 20260528_172448_e4f541 (compression)
2026-05-28 17:25:50,730 INFO gateway.run: response ready: platform=telegram chat=8174123879 time=183.2s api_calls=11 response=5714 chars
2026-05-28 17:25:50,742 INFO gateway.platforms.base: [Telegram] Sending response (5714 chars) to 8174123879
2026-05-28 17:30:42,006 INFO gateway.memory_monitor: [MEMORY] rss=366MB gc=(103, 1, 36) threads=11 uptime=106200s
2026-05-28 17:35:42,007 INFO gateway.memory_monitor: [MEMORY] rss=366MB gc=(312, 2, 36) threads=11 uptime=106500s
2026-05-28 17:40:42,007 INFO gateway.memory_monitor: [MEMORY] rss=366MB gc=(154, 4, 36) threads=11 uptime=106800s
2026-05-28 17:45:42,008 INFO gateway.memory_monitor: [MEMORY] rss=366MB gc=(386, 5, 36) threads=11 uptime=107100s
2026-05-28 17:50:42,008 INFO gateway.memory_monitor: [MEMORY] rss=366MB gc=(595, 6, 36) threads=11 uptime=107400s
2026-05-28 17:55:42,009 INFO gateway.memory_monitor: [MEMORY] rss=366MB gc=(218, 8, 36) threads=11 uptime=107700s
2026-05-28 18:00:42,009 INFO gateway.memory_monitor: [MEMORY] rss=366MB gc=(0, 10, 36) threads=11 uptime=108000s
2026-05-28 18:05:42,010 INFO gateway.memory_monitor: [MEMORY] rss=366MB gc=(311, 11, 36) threads=11 uptime=108300s
2026-05-28 18:10:42,010 INFO gateway.memory_monitor: [MEMORY] rss=366MB gc=(542, 0, 37) threads=11 uptime=108600s
2026-05-28 18:15:42,011 INFO gateway.memory_monitor: [MEMORY] rss=366MB gc=(201, 2, 37) threads=11 uptime=108900s
2026-05-28 18:20:42,011 INFO gateway.memory_monitor: [MEMORY] rss=366MB gc=(633, 3, 37) threads=11 uptime=109200s
2026-05-28 18:25:42,012 INFO gateway.memory_monitor: [MEMORY] rss=366MB gc=(247, 5, 37) threads=11 uptime=109500s
2026-05-28 18:28:38,601 INFO gateway.run: Agent cache idle-TTL evict: session=agent:main:telegram:dm:8174123879 (idle=3768s)
2026-05-28 18:28:38,601 INFO gateway.run: Agent cache idle sweep: evicted 1 agent(s)
2026-05-28 18:30:42,012 INFO gateway.memory_monitor: [MEMORY] rss=366MB gc=(463, 6, 37) threads=11 uptime=109800s
2026-05-28 18:35:42,013 INFO gateway.memory_monitor: [MEMORY] rss=366MB gc=(278, 8, 37) threads=11 uptime=110100s
2026-05-28 18:40:42,013 INFO gateway.memory_monitor: [MEMORY] rss=366MB gc=(507, 9, 37) threads=11 uptime=110400s
2026-05-28 18:45:42,014 INFO gateway.memory_monitor: [MEMORY] rss=366MB gc=(138, 11, 37) threads=11 uptime=110700s
2026-05-28 18:50:42,014 INFO gateway.memory_monitor: [MEMORY] rss=366MB gc=(398, 0, 38) threads=11 uptime=111000s
2026-05-28 18:54:16,674 INFO gateway.platforms.telegram: [Telegram] Flushing text batch agent:main:telegram:dm:8174123879 (278 chars)
2026-05-28 18:54:16,675 INFO gateway.run: inbound message: platform=telegram user=T chat=8174123879 msg="Perfect, I love this! Do it!   Quick question, let's say he generates an html st"
2026-05-28 18:55:42,015 INFO gateway.memory_monitor: [MEMORY] rss=366MB gc=(162, 1, 40) threads=12 uptime=111300s
2026-05-28 18:56:46,836 INFO gateway.run: response ready: platform=telegram chat=8174123879 time=150.2s api_calls=15 response=2205 chars
2026-05-28 18:56:46,856 INFO gateway.platforms.base: [Telegram] Sending response (2205 chars) to 8174123879
2026-05-28 19:00:42,015 INFO gateway.memory_monitor: [MEMORY] rss=368MB gc=(622, 1, 43) threads=11 uptime=111600s
2026-05-28 19:05:42,016 INFO gateway.memory_monitor: [MEMORY] rss=368MB gc=(245, 3, 43) threads=11 uptime=111900s
2026-05-28 19:10:42,016 INFO gateway.memory_monitor: [MEMORY] rss=368MB gc=(463, 4, 43) threads=11 uptime=112200s
2026-05-28 19:15:42,017 INFO gateway.memory_monitor: [MEMORY] rss=368MB gc=(287, 6, 43) threads=11 uptime=112500s
2026-05-28 19:20:42,017 INFO gateway.memory_monitor: [MEMORY] rss=368MB gc=(571, 7, 43) threads=11 uptime=112800s
2026-05-28 19:25:42,018 INFO gateway.memory_monitor: [MEMORY] rss=368MB gc=(169, 9, 43) threads=11 uptime=113100s
2026-05-28 19:30:42,018 INFO gateway.memory_monitor: [MEMORY] rss=368MB gc=(434, 10, 43) threads=11 uptime=113400s
2026-05-28 19:35:42,019 INFO gateway.memory_monitor: [MEMORY] rss=368MB gc=(229, 0, 44) threads=11 uptime=113700s
2026-05-28 19:40:42,019 INFO gateway.memory_monitor: [MEMORY] rss=368MB gc=(492, 1, 44) threads=11 uptime=114000s
2026-05-28 19:45:42,020 INFO gateway.memory_monitor: [MEMORY] rss=368MB gc=(107, 3, 44) threads=11 uptime=114300s
2026-05-28 19:50:42,021 INFO gateway.memory_monitor: [MEMORY] rss=368MB gc=(341, 4, 44) threads=11 uptime=114600s
2026-05-28 19:55:42,021 INFO gateway.memory_monitor: [MEMORY] rss=368MB gc=(167, 6, 44) threads=11 uptime=114900s
2026-05-28 19:58:45,808 INFO gateway.run: Agent cache idle-TTL evict: session=agent:main:telegram:dm:8174123879 (idle=3719s)
2026-05-28 19:58:45,809 INFO gateway.run: Agent cache idle sweep: evicted 1 agent(s)
2026-05-28 20:00:42,022 INFO gateway.memory_monitor: [MEMORY] rss=368MB gc=(368, 7, 44) threads=11 uptime=115200s
2026-05-28 20:05:42,022 INFO gateway.memory_monitor: [MEMORY] rss=368MB gc=(577, 8, 44) threads=11 uptime=115500s
2026-05-28 20:10:42,023 INFO gateway.memory_monitor: [MEMORY] rss=368MB gc=(200, 10, 44) threads=11 uptime=115800s
2026-05-28 20:15:42,023 INFO gateway.memory_monitor: [MEMORY] rss=368MB gc=(664, 11, 44) threads=11 uptime=116100s
2026-05-28 20:20:42,024 INFO gateway.memory_monitor: [MEMORY] rss=368MB gc=(372, 1, 45) threads=11 uptime=116400s
2026-05-28 20:25:42,024 INFO gateway.memory_monitor: [MEMORY] rss=368MB gc=(607, 2, 45) threads=11 uptime=116700s
2026-05-28 20:27:45,844 INFO gateway.platforms.telegram: [Telegram] Flushing text batch agent:main:telegram:dm:8174123879 (409 chars)
2026-05-28 20:27:45,845 INFO gateway.run: inbound message: platform=telegram user=T chat=8174123879 msg='Can we update all personas to:  1) Be more crass (in the style of the old West) '
2026-05-28 20:29:38,764 INFO gateway.run: response ready: platform=telegram chat=8174123879 time=112.9s api_calls=17 response=1507 chars
2026-05-28 20:29:38,769 INFO gateway.platforms.base: [Telegram] Sending response (1507 chars) to 8174123879
2026-05-28 20:30:42,025 INFO gateway.memory_monitor: [MEMORY] rss=375MB gc=(273, 7, 49) threads=11 uptime=117000s
2026-05-28 20:35:42,025 INFO gateway.memory_monitor: [MEMORY] rss=375MB gc=(104, 9, 49) threads=11 uptime=117300s
2026-05-28 20:40:42,026 INFO gateway.memory_monitor: [MEMORY] rss=375MB gc=(307, 10, 49) threads=11 uptime=117600s
2026-05-28 20:45:42,026 INFO gateway.memory_monitor: [MEMORY] rss=375MB gc=(546, 11, 49) threads=11 uptime=117900s
2026-05-28 20:46:44,621 INFO gateway.platforms.telegram: [Telegram] Flushing text batch agent:main:telegram:dm:8174123879 (21 chars)
2026-05-28 20:46:44,622 INFO gateway.run: inbound message: platform=telegram user=T chat=8174123879 msg="Alright, what's next?"
2026-05-28 20:47:09,842 INFO gateway.run: response ready: platform=telegram chat=8174123879 time=25.2s api_calls=2 response=2472 chars
2026-05-28 20:47:09,847 INFO gateway.platforms.base: [Telegram] Sending response (2472 chars) to 8174123879
2026-05-28 20:50:42,027 INFO gateway.memory_monitor: [MEMORY] rss=375MB gc=(628, 11, 50) threads=11 uptime=118200s
2026-05-28 20:55:42,027 INFO gateway.memory_monitor: [MEMORY] rss=375MB gc=(462, 1, 51) threads=11 uptime=118500s
2026-05-28 21:00:42,028 INFO gateway.memory_monitor: [MEMORY] rss=375MB gc=(294, 3, 51) threads=11 uptime=118800s
2026-05-28 21:01:23,510 INFO gateway.platforms.telegram: [Telegram] Flushing text batch agent:main:telegram:dm:8174123879 (132 chars)
2026-05-28 21:01:23,511 INFO gateway.run: inbound message: platform=telegram user=T chat=8174123879 msg="Alright, let's take these 1 by 1. You can handle 1 and 2 yourself. Handle those "
2026-05-28 21:02:07,418 INFO gateway.run: response ready: platform=telegram chat=8174123879 time=43.9s api_calls=5 response=1802 chars
2026-05-28 21:02:07,447 INFO gateway.platforms.base: [Telegram] Sending response (1802 chars) to 8174123879
2026-05-28 21:05:42,028 INFO gateway.memory_monitor: [MEMORY] rss=376MB gc=(308, 9, 55) threads=11 uptime=119100s
2026-05-28 21:10:42,029 INFO gateway.memory_monitor: [MEMORY] rss=376MB gc=(619, 10, 55) threads=11 uptime=119400s
2026-05-28 21:15:42,029 INFO gateway.memory_monitor: [MEMORY] rss=376MB gc=(260, 0, 56) threads=11 uptime=119700s
2026-05-28 21:20:42,030 INFO gateway.memory_monitor: [MEMORY] rss=376MB gc=(107, 2, 56) threads=11 uptime=120000s
2026-05-28 21:25:42,030 INFO gateway.memory_monitor: [MEMORY] rss=376MB gc=(339, 3, 56) threads=11 uptime=120300s
2026-05-28 21:30:42,031 INFO gateway.memory_monitor: [MEMORY] rss=376MB gc=(603, 4, 56) threads=11 uptime=120600s
2026-05-28 21:35:42,031 INFO gateway.memory_monitor: [MEMORY] rss=376MB gc=(260, 6, 56) threads=11 uptime=120900s
2026-05-28 21:40:42,032 INFO gateway.memory_monitor: [MEMORY] rss=376MB gc=(1, 8, 56) threads=11 uptime=121200s
2026-05-28 21:45:42,032 INFO gateway.memory_monitor: [MEMORY] rss=376MB gc=(308, 9, 56) threads=11 uptime=121500s
2026-05-28 21:50:42,033 INFO gateway.memory_monitor: [MEMORY] rss=376MB gc=(572, 10, 56) threads=11 uptime=121800s
2026-05-28 21:55:42,033 INFO gateway.memory_monitor: [MEMORY] rss=376MB gc=(202, 0, 57) threads=11 uptime=122100s
2026-05-28 22:00:42,034 INFO gateway.memory_monitor: [MEMORY] rss=376MB gc=(637, 1, 57) threads=11 uptime=122400s
2026-05-28 22:03:53,651 INFO gateway.run: Agent cache idle-TTL evict: session=agent:main:telegram:dm:8174123879 (idle=3706s)
2026-05-28 22:03:53,651 INFO gateway.run: Agent cache idle sweep: evicted 1 agent(s)
2026-05-28 22:05:42,034 INFO gateway.memory_monitor: [MEMORY] rss=376MB gc=(266, 3, 57) threads=11 uptime=122700s
2026-05-28 22:10:42,035 INFO gateway.memory_monitor: [MEMORY] rss=376MB gc=(541, 4, 57) threads=11 uptime=123000s
2026-05-28 22:15:42,035 INFO gateway.memory_monitor: [MEMORY] rss=376MB gc=(166, 6, 57) threads=11 uptime=123300s
2026-05-28 22:20:42,036 INFO gateway.memory_monitor: [MEMORY] rss=376MB gc=(636, 7, 57) threads=11 uptime=123600s
2026-05-28 22:25:42,036 INFO gateway.memory_monitor: [MEMORY] rss=376MB gc=(265, 9, 57) threads=11 uptime=123900s
2026-05-28 22:30:42,037 INFO gateway.memory_monitor: [MEMORY] rss=376MB gc=(540, 10, 57) threads=11 uptime=124200s
2026-05-28 22:30:54,060 INFO gateway.platforms.telegram: [Telegram] Flushing text batch agent:main:telegram:dm:8174123879 (13 chars)
2026-05-28 22:30:54,061 INFO gateway.run: inbound message: platform=telegram user=T chat=8174123879 msg='On to 3 we go'
2026-05-28 22:33:58,115 INFO [20260528_172448_e4f541] gateway.run: Session split detected: 20260528_172448_e4f541 → 20260528_223254_0b6b49 (compression)
2026-05-28 22:33:58,163 INFO gateway.run: response ready: platform=telegram chat=8174123879 time=184.1s api_calls=12 response=654 chars
2026-05-28 22:33:58,168 INFO gateway.platforms.base: [Telegram] Sending response (654 chars) to 8174123879
2026-05-28 22:35:42,037 INFO gateway.memory_monitor: [MEMORY] rss=378MB gc=(397, 4, 62) threads=11 uptime=124500s
2026-05-28 22:35:46,156 INFO gateway.platforms.telegram: [Telegram] Flushing text batch agent:main:telegram:dm:8174123879 (31 chars)
2026-05-28 22:35:46,157 INFO gateway.run: inbound message: platform=telegram user=T chat=8174123879 msg='I was referring to this 3rd one'
2026-05-28 22:37:47,339 INFO gateway.run: response ready: platform=telegram chat=8174123879 time=121.2s api_calls=15 response=1644 chars
2026-05-28 22:37:47,349 INFO gateway.platforms.base: [Telegram] Sending response (1644 chars) to 8174123879
2026-05-28 22:40:42,038 INFO gateway.memory_monitor: [MEMORY] rss=382MB gc=(234, 0, 68) threads=11 uptime=124800s
2026-05-28 22:45:42,038 INFO gateway.memory_monitor: [MEMORY] rss=382MB gc=(240, 1, 0) threads=11 uptime=125100s
2026-05-28 22:50:42,039 INFO gateway.memory_monitor: [MEMORY] rss=382MB gc=(201, 3, 0) threads=11 uptime=125400s
2026-05-28 22:55:42,039 INFO gateway.memory_monitor: [MEMORY] rss=382MB gc=(513, 4, 0) threads=11 uptime=125700s
2026-05-28 23:00:42,040 INFO gateway.memory_monitor: [MEMORY] rss=382MB gc=(166, 6, 0) threads=11 uptime=126000s
2026-05-28 23:05:42,040 INFO gateway.memory_monitor: [MEMORY] rss=382MB gc=(401, 7, 0) threads=11 uptime=126300s
2026-05-28 23:10:42,041 INFO gateway.memory_monitor: [MEMORY] rss=382MB gc=(248, 9, 0) threads=11 uptime=126600s
2026-05-28 23:15:42,041 INFO gateway.memory_monitor: [MEMORY] rss=382MB gc=(481, 10, 0) threads=11 uptime=126900s
2026-05-28 23:20:42,042 INFO gateway.memory_monitor: [MEMORY] rss=382MB gc=(104, 0, 1) threads=11 uptime=127200s
2026-05-28 23:25:42,042 INFO gateway.memory_monitor: [MEMORY] rss=382MB gc=(311, 1, 1) threads=11 uptime=127500s
2026-05-28 23:30:42,043 INFO gateway.memory_monitor: [MEMORY] rss=382MB gc=(138, 3, 1) threads=11 uptime=127800s
2026-05-28 23:35:42,044 INFO gateway.memory_monitor: [MEMORY] rss=382MB gc=(402, 4, 1) threads=11 uptime=128100s
2026-05-28 23:38:59,196 INFO gateway.run: Agent cache idle-TTL evict: session=agent:main:telegram:dm:8174123879 (idle=3672s)
2026-05-28 23:38:59,196 INFO gateway.run: Agent cache idle sweep: evicted 1 agent(s)
2026-05-28 23:40:42,044 INFO gateway.memory_monitor: [MEMORY] rss=382MB gc=(575, 5, 1) threads=11 uptime=128400s
2026-05-28 23:45:42,044 INFO gateway.memory_monitor: [MEMORY] rss=382MB gc=(220, 7, 1) threads=11 uptime=128700s
2026-05-28 23:50:42,045 INFO gateway.memory_monitor: [MEMORY] rss=382MB gc=(654, 8, 1) threads=11 uptime=129000s
2026-05-28 23:55:42,046 INFO gateway.memory_monitor: [MEMORY] rss=382MB gc=(277, 10, 1) threads=11 uptime=129300s
2026-05-28 23:57:04,898 INFO gateway.platforms.telegram: [Telegram] Flushing text batch agent:main:telegram:dm:8174123879 (1283 chars)
2026-05-28 23:57:04,899 INFO gateway.run: inbound message: platform=telegram user=T chat=8174123879 msg="A few things here:  1) I'll do a manual playtest today to get my own eyes on it."
2026-05-28 23:58:01,495 INFO gateway.run: response ready: platform=telegram chat=8174123879 time=56.6s api_calls=6 response=2229 chars
2026-05-28 23:58:01,499 INFO gateway.platforms.base: [Telegram] Sending response (2229 chars) to 8174123879
2026-05-29 00:00:42,046 INFO gateway.memory_monitor: [MEMORY] rss=382MB gc=(168, 10, 3) threads=11 uptime=129600s
2026-05-29 00:05:42,047 INFO gateway.memory_monitor: [MEMORY] rss=382MB gc=(542, 11, 3) threads=11 uptime=129900s
2026-05-29 00:10:42,047 INFO gateway.memory_monitor: [MEMORY] rss=382MB gc=(199, 1, 4) threads=11 uptime=130200s
2026-05-29 00:15:42,048 INFO gateway.memory_monitor: [MEMORY] rss=382MB gc=(624, 2, 4) threads=11 uptime=130500s
2026-05-29 00:20:42,048 INFO gateway.memory_monitor: [MEMORY] rss=382MB gc=(308, 4, 4) threads=11 uptime=130800s
2026-05-29 00:25:42,049 INFO gateway.memory_monitor: [MEMORY] rss=382MB gc=(544, 5, 4) threads=11 uptime=131100s
2026-05-29 00:30:42,049 INFO gateway.memory_monitor: [MEMORY] rss=382MB gc=(198, 7, 4) threads=11 uptime=131400s
2026-05-29 00:35:42,049 INFO gateway.memory_monitor: [MEMORY] rss=382MB gc=(623, 8, 4) threads=11 uptime=131700s
2026-05-29 00:40:42,050 INFO gateway.memory_monitor: [MEMORY] rss=382MB gc=(278, 10, 4) threads=11 uptime=132000s
2026-05-29 00:45:42,050 INFO gateway.memory_monitor: [MEMORY] rss=382MB gc=(513, 11, 4) threads=11 uptime=132300s
2026-05-29 00:50:42,051 INFO gateway.memory_monitor: [MEMORY] rss=382MB gc=(137, 1, 5) threads=11 uptime=132600s
2026-05-29 00:55:42,051 INFO gateway.memory_monitor: [MEMORY] rss=382MB gc=(575, 2, 5) threads=11 uptime=132900s
2026-05-29 00:59:03,499 INFO gateway.run: Agent cache idle-TTL evict: session=agent:main:telegram:dm:8174123879 (idle=3662s)
2026-05-29 00:59:03,499 INFO gateway.run: Agent cache idle sweep: evicted 1 agent(s)
2026-05-29 01:00:42,052 INFO gateway.memory_monitor: [MEMORY] rss=382MB gc=(167, 4, 5) threads=11 uptime=133200s
2026-05-29 01:05:42,052 INFO gateway.memory_monitor: [MEMORY] rss=382MB gc=(449, 5, 5) threads=11 uptime=133500s
2026-05-29 01:10:42,053 INFO gateway.memory_monitor: [MEMORY] rss=382MB gc=(106, 7, 5) threads=11 uptime=133800s
2026-05-29 01:10:42,218 WARNING gateway.platforms.telegram: [Telegram] Telegram network error, scheduling reconnect: Bad Gateway
2026-05-29 01:10:42,219 WARNING gateway.platforms.telegram: [Telegram] Telegram network error (attempt 1/10), reconnecting in 5s. Error: Bad Gateway
2026-05-29 01:11:27,558 WARNING gateway.platforms.telegram: [Telegram] Telegram polling reconnect failed: Timed out
2026-05-29 01:11:27,558 WARNING gateway.platforms.telegram: [Telegram] Telegram network error (attempt 2/10), reconnecting in 10s. Error: Timed out
2026-05-29 01:11:37,813 INFO gateway.platforms.telegram: [Telegram] Telegram polling resumed after network error (attempt 2)
2026-05-29 01:15:42,053 INFO gateway.memory_monitor: [MEMORY] rss=383MB gc=(448, 9, 5) threads=11 uptime=134100s
2026-05-29 01:20:42,054 INFO gateway.memory_monitor: [MEMORY] rss=383MB gc=(167, 11, 5) threads=11 uptime=134400s
2026-05-29 01:25:42,054 INFO gateway.memory_monitor: [MEMORY] rss=383MB gc=(422, 0, 6) threads=11 uptime=134700s
2026-05-29 01:30:42,055 INFO gateway.memory_monitor: [MEMORY] rss=383MB gc=(77, 2, 6) threads=11 uptime=135000s
2026-05-29 01:35:42,055 INFO gateway.memory_monitor: [MEMORY] rss=383MB gc=(510, 3, 6) threads=11 uptime=135300s
2026-05-29 01:40:42,056 INFO gateway.memory_monitor: [MEMORY] rss=383MB gc=(169, 5, 6) threads=11 uptime=135600s
2026-05-29 01:45:42,056 INFO gateway.memory_monitor: [MEMORY] rss=383MB gc=(422, 6, 6) threads=11 uptime=135900s
2026-05-29 01:50:42,057 INFO gateway.memory_monitor: [MEMORY] rss=383MB gc=(277, 8, 6) threads=11 uptime=136200s
2026-05-29 01:55:42,057 INFO gateway.memory_monitor: [MEMORY] rss=383MB gc=(510, 9, 6) threads=11 uptime=136500s
2026-05-29 02:00:42,058 INFO gateway.memory_monitor: [MEMORY] rss=383MB gc=(105, 11, 6) threads=11 uptime=136800s
2026-05-29 02:05:42,058 INFO gateway.memory_monitor: [MEMORY] rss=383MB gc=(374, 0, 7) threads=11 uptime=137100s
2026-05-29 02:10:42,059 INFO gateway.memory_monitor: [MEMORY] rss=383MB gc=(166, 2, 7) threads=11 uptime=137400s
2026-05-29 02:15:42,059 INFO gateway.memory_monitor: [MEMORY] rss=383MB gc=(510, 3, 7) threads=11 uptime=137700s
2026-05-29 02:20:42,060 INFO gateway.memory_monitor: [MEMORY] rss=383MB gc=(107, 5, 7) threads=11 uptime=138000s
2026-05-29 02:25:42,060 INFO gateway.memory_monitor: [MEMORY] rss=383MB gc=(373, 6, 7) threads=11 uptime=138300s
2026-05-29 02:30:42,061 INFO gateway.memory_monitor: [MEMORY] rss=383MB gc=(167, 8, 7) threads=11 uptime=138600s
2026-05-29 02:35:42,061 INFO gateway.memory_monitor: [MEMORY] rss=383MB gc=(448, 9, 7) threads=11 uptime=138900s
2026-05-29 02:40:42,062 INFO gateway.memory_monitor: [MEMORY] rss=383MB gc=(1, 11, 7) threads=11 uptime=139200s
2026-05-29 02:43:18,564 INFO gateway.platforms.telegram: [Telegram] Flushing text batch agent:main:telegram:dm:8174123879 (98 chars)
2026-05-29 02:43:18,564 INFO gateway.run: inbound message: platform=telegram user=T chat=8174123879 msg="Put a pin in all of this, bring it up in tomorrow morning's meeting. Gonna go to"
2026-05-29 02:43:55,345 INFO gateway.run: response ready: platform=telegram chat=8174123879 time=36.8s api_calls=4 response=505 chars
2026-05-29 02:43:55,350 INFO gateway.platforms.base: [Telegram] Sending response (505 chars) to 8174123879
2026-05-29 02:45:42,062 INFO gateway.memory_monitor: [MEMORY] rss=383MB gc=(398, 7, 9) threads=11 uptime=139500s
2026-05-29 02:50:42,063 INFO gateway.memory_monitor: [MEMORY] rss=383MB gc=(588, 8, 9) threads=11 uptime=139800s
2026-05-29 02:55:42,063 INFO gateway.memory_monitor: [MEMORY] rss=383MB gc=(451, 10, 9) threads=11 uptime=140100s
2026-05-29 03:00:42,064 INFO gateway.memory_monitor: [MEMORY] rss=383MB gc=(0, 0, 10) threads=11 uptime=140400s
2026-05-29 03:05:42,064 INFO gateway.memory_monitor: [MEMORY] rss=383MB gc=(308, 1, 10) threads=11 uptime=140700s
2026-05-29 03:10:42,065 INFO gateway.memory_monitor: [MEMORY] rss=383MB gc=(515, 2, 10) threads=11 uptime=141000s
2026-05-29 03:15:42,065 INFO gateway.memory_monitor: [MEMORY] rss=383MB gc=(420, 4, 10) threads=11 uptime=141300s
2026-05-29 03:20:42,066 INFO gateway.memory_monitor: [MEMORY] rss=383MB gc=(652, 5, 10) threads=11 uptime=141600s
2026-05-29 03:25:42,066 INFO gateway.memory_monitor: [MEMORY] rss=383MB gc=(276, 7, 10) threads=11 uptime=141900s
2026-05-29 03:30:42,067 INFO gateway.memory_monitor: [MEMORY] rss=383MB gc=(483, 8, 10) threads=11 uptime=142200s
2026-05-29 03:35:42,067 INFO gateway.memory_monitor: [MEMORY] rss=383MB gc=(341, 10, 10) threads=11 uptime=142500s
2026-05-29 03:40:42,068 INFO gateway.memory_monitor: [MEMORY] rss=383MB gc=(591, 11, 10) threads=11 uptime=142800s
2026-05-29 03:44:12,573 INFO gateway.run: Agent cache idle-TTL evict: session=agent:main:telegram:dm:8174123879 (idle=3617s)
2026-05-29 03:44:12,574 INFO gateway.run: Agent cache idle sweep: evicted 1 agent(s)
2026-05-29 03:45:42,069 INFO gateway.memory_monitor: [MEMORY] rss=383MB gc=(166, 1, 11) threads=11 uptime=143100s
2026-05-29 03:50:42,069 INFO gateway.memory_monitor: [MEMORY] rss=383MB gc=(390, 2, 11) threads=11 uptime=143400s
2026-05-29 03:55:42,070 INFO gateway.memory_monitor: [MEMORY] rss=383MB gc=(248, 4, 11) threads=11 uptime=143700s
2026-05-29 04:00:42,070 INFO gateway.memory_monitor: [MEMORY] rss=383MB gc=(480, 5, 11) threads=11 uptime=144000s
2026-05-29 04:04:13,632 INFO gateway.run: Session expiry: 1 sessions to finalize (telegram:1)
2026-05-29 04:04:13,634 INFO gateway.run: Session expiry done: 1 finalized
2026-05-29 04:05:42,071 INFO gateway.memory_monitor: [MEMORY] rss=383MB gc=(165, 7, 11) threads=11 uptime=144300s
2026-05-29 04:10:42,071 INFO gateway.memory_monitor: [MEMORY] rss=383MB gc=(393, 8, 11) threads=11 uptime=144600s
2026-05-29 04:15:42,071 INFO gateway.memory_monitor: [MEMORY] rss=383MB gc=(278, 10, 11) threads=11 uptime=144900s
2026-05-29 04:20:42,072 INFO gateway.memory_monitor: [MEMORY] rss=383MB gc=(541, 11, 11) threads=11 uptime=145200s
2026-05-29 04:25:42,073 INFO gateway.memory_monitor: [MEMORY] rss=383MB gc=(185, 1, 12) threads=11 uptime=145500s
2026-05-29 04:30:42,073 INFO gateway.memory_monitor: [MEMORY] rss=383MB gc=(422, 2, 12) threads=11 uptime=145800s
2026-05-29 04:35:42,073 INFO gateway.memory_monitor: [MEMORY] rss=383MB gc=(277, 4, 12) threads=11 uptime=146100s
2026-05-29 04:40:42,074 INFO gateway.memory_monitor: [MEMORY] rss=383MB gc=(541, 5, 12) threads=11 uptime=146400s
2026-05-29 04:45:42,074 INFO gateway.memory_monitor: [MEMORY] rss=383MB gc=(187, 7, 12) threads=11 uptime=146700s
2026-05-29 04:50:42,075 INFO gateway.memory_monitor: [MEMORY] rss=383MB gc=(422, 8, 12) threads=11 uptime=147000s
2026-05-29 04:55:42,076 INFO gateway.memory_monitor: [MEMORY] rss=383MB gc=(277, 10, 12) threads=11 uptime=147300s
2026-05-29 05:00:42,076 INFO gateway.memory_monitor: [MEMORY] rss=383MB gc=(541, 11, 12) threads=11 uptime=147600s
2026-05-29 05:05:42,077 INFO gateway.memory_monitor: [MEMORY] rss=383MB gc=(186, 1, 13) threads=11 uptime=147900s
2026-05-29 05:10:42,077 INFO gateway.memory_monitor: [MEMORY] rss=383MB gc=(452, 2, 13) threads=11 uptime=148200s
2026-05-29 05:15:42,078 INFO gateway.memory_monitor: [MEMORY] rss=383MB gc=(338, 4, 13) threads=11 uptime=148500s
2026-05-29 05:20:42,078 INFO gateway.memory_monitor: [MEMORY] rss=383MB gc=(563, 5, 13) threads=11 uptime=148800s
2026-05-29 05:25:42,079 INFO gateway.memory_monitor: [MEMORY] rss=383MB gc=(185, 7, 13) threads=11 uptime=149100s
2026-05-29 05:30:42,079 INFO gateway.memory_monitor: [MEMORY] rss=383MB gc=(452, 8, 13) threads=11 uptime=149400s
2026-05-29 05:35:42,080 INFO gateway.memory_monitor: [MEMORY] rss=383MB gc=(276, 10, 13) threads=11 uptime=149700s
2026-05-29 05:40:42,080 INFO gateway.memory_monitor: [MEMORY] rss=383MB gc=(515, 11, 13) threads=11 uptime=150000s
2026-05-29 05:45:42,081 INFO gateway.memory_monitor: [MEMORY] rss=383MB gc=(138, 1, 14) threads=11 uptime=150300s
2026-05-29 05:50:42,081 INFO gateway.memory_monitor: [MEMORY] rss=383MB gc=(389, 2, 14) threads=11 uptime=150600s
2026-05-29 05:55:42,082 INFO gateway.memory_monitor: [MEMORY] rss=383MB gc=(245, 4, 14) threads=11 uptime=150900s
2026-05-29 06:00:42,082 INFO gateway.memory_monitor: [MEMORY] rss=383MB gc=(453, 5, 14) threads=11 uptime=151200s
2026-05-29 06:05:42,082 INFO gateway.memory_monitor: [MEMORY] rss=383MB gc=(0, 7, 14) threads=11 uptime=151500s
2026-05-29 06:10:42,083 INFO gateway.memory_monitor: [MEMORY] rss=383MB gc=(342, 8, 14) threads=11 uptime=151800s
2026-05-29 06:15:42,083 INFO gateway.memory_monitor: [MEMORY] rss=383MB gc=(183, 10, 14) threads=11 uptime=152100s
2026-05-29 06:20:42,084 INFO gateway.memory_monitor: [MEMORY] rss=383MB gc=(419, 11, 14) threads=11 uptime=152400s
2026-05-29 06:25:42,084 INFO gateway.memory_monitor: [MEMORY] rss=383MB gc=(643, 0, 15) threads=11 uptime=152700s
2026-05-29 06:30:42,085 INFO gateway.memory_monitor: [MEMORY] rss=383MB gc=(480, 2, 15) threads=11 uptime=153000s
2026-05-29 06:35:42,085 INFO gateway.memory_monitor: [MEMORY] rss=383MB gc=(134, 4, 15) threads=11 uptime=153300s
2026-05-29 06:40:42,086 INFO gateway.memory_monitor: [MEMORY] rss=383MB gc=(359, 5, 15) threads=11 uptime=153600s
2026-05-29 06:45:42,086 INFO gateway.memory_monitor: [MEMORY] rss=383MB gc=(593, 6, 15) threads=11 uptime=153900s
2026-05-29 06:50:42,087 INFO gateway.memory_monitor: [MEMORY] rss=383MB gc=(449, 8, 15) threads=11 uptime=154200s
2026-05-29 06:55:42,087 INFO gateway.memory_monitor: [MEMORY] rss=383MB gc=(682, 9, 15) threads=11 uptime=154500s
2026-05-29 07:00:42,088 INFO gateway.memory_monitor: [MEMORY] rss=383MB gc=(310, 11, 15) threads=11 uptime=154800s
2026-05-29 07:05:42,089 INFO gateway.memory_monitor: [MEMORY] rss=383MB gc=(514, 0, 16) threads=11 uptime=155100s
2026-05-29 07:10:42,089 INFO gateway.memory_monitor: [MEMORY] rss=383MB gc=(338, 2, 16) threads=11 uptime=155400s
2026-05-29 07:15:42,090 INFO gateway.memory_monitor: [MEMORY] rss=383MB gc=(622, 3, 16) threads=11 uptime=155700s
2026-05-29 07:20:42,090 INFO gateway.memory_monitor: [MEMORY] rss=383MB gc=(247, 5, 16) threads=11 uptime=156000s
2026-05-29 07:25:42,091 INFO gateway.memory_monitor: [MEMORY] rss=383MB gc=(514, 6, 16) threads=11 uptime=156300s
2026-05-29 07:30:42,091 INFO gateway.memory_monitor: [MEMORY] rss=383MB gc=(338, 8, 16) threads=11 uptime=156600s
2026-05-29 07:35:42,092 INFO gateway.memory_monitor: [MEMORY] rss=383MB gc=(560, 9, 16) threads=11 uptime=156900s
2026-05-29 07:40:42,092 INFO gateway.memory_monitor: [MEMORY] rss=383MB gc=(186, 11, 16) threads=11 uptime=157200s
2026-05-29 07:45:42,093 INFO gateway.memory_monitor: [MEMORY] rss=383MB gc=(451, 0, 17) threads=11 uptime=157500s
2026-05-29 07:50:42,094 INFO gateway.memory_monitor: [MEMORY] rss=383MB gc=(275, 2, 17) threads=11 uptime=157800s
2026-05-29 07:55:42,094 INFO gateway.memory_monitor: [MEMORY] rss=383MB gc=(515, 3, 17) threads=11 uptime=158100s
2026-05-29 08:00:42,095 INFO gateway.memory_monitor: [MEMORY] rss=383MB gc=(154, 5, 17) threads=11 uptime=158400s
2026-05-29 08:05:42,095 INFO gateway.memory_monitor: [MEMORY] rss=395MB gc=(246, 10, 25) threads=14 uptime=158700s
2026-05-29 08:10:42,096 INFO gateway.memory_monitor: [MEMORY] rss=395MB gc=(355, 0, 27) threads=11 uptime=159000s
2026-05-29 08:15:42,096 INFO gateway.memory_monitor: [MEMORY] rss=395MB gc=(594, 1, 27) threads=11 uptime=159300s
2026-05-29 08:20:42,097 INFO gateway.memory_monitor: [MEMORY] rss=395MB gc=(215, 3, 27) threads=11 uptime=159600s
2026-05-29 08:25:42,097 INFO gateway.memory_monitor: [MEMORY] rss=395MB gc=(451, 4, 27) threads=11 uptime=159900s
2026-05-29 08:30:42,098 INFO gateway.memory_monitor: [MEMORY] rss=395MB gc=(278, 6, 27) threads=11 uptime=160200s
2026-05-29 08:35:42,098 INFO gateway.memory_monitor: [MEMORY] rss=395MB gc=(514, 7, 27) threads=11 uptime=160500s
2026-05-29 08:40:42,099 INFO gateway.memory_monitor: [MEMORY] rss=395MB gc=(153, 9, 27) threads=11 uptime=160800s
2026-05-29 08:45:42,099 INFO gateway.memory_monitor: [MEMORY] rss=395MB gc=(420, 10, 27) threads=11 uptime=161100s
2026-05-29 08:50:42,100 INFO gateway.memory_monitor: [MEMORY] rss=395MB gc=(216, 0, 28) threads=11 uptime=161400s
2026-05-29 08:55:42,100 INFO gateway.memory_monitor: [MEMORY] rss=395MB gc=(483, 1, 28) threads=11 uptime=161700s
2026-05-29 09:00:42,101 INFO gateway.memory_monitor: [MEMORY] rss=395MB gc=(153, 3, 28) threads=11 uptime=162000s
2026-05-29 09:05:42,101 INFO gateway.memory_monitor: [MEMORY] rss=395MB gc=(419, 4, 28) threads=11 uptime=162300s
2026-05-29 09:10:42,102 INFO gateway.memory_monitor: [MEMORY] rss=395MB gc=(216, 6, 28) threads=11 uptime=162600s
2026-05-29 09:15:42,102 INFO gateway.memory_monitor: [MEMORY] rss=395MB gc=(482, 7, 28) threads=11 uptime=162900s
2026-05-29 09:20:42,103 INFO gateway.memory_monitor: [MEMORY] rss=395MB gc=(153, 9, 28) threads=11 uptime=163200s
2026-05-29 09:25:42,103 INFO gateway.memory_monitor: [MEMORY] rss=395MB gc=(419, 10, 28) threads=11 uptime=163500s
2026-05-29 09:30:42,104 INFO gateway.memory_monitor: [MEMORY] rss=395MB gc=(216, 0, 29) threads=11 uptime=163800s
2026-05-29 09:35:42,104 INFO gateway.memory_monitor: [MEMORY] rss=395MB gc=(481, 1, 29) threads=11 uptime=164100s
2026-05-29 09:40:42,105 INFO gateway.memory_monitor: [MEMORY] rss=395MB gc=(152, 3, 29) threads=11 uptime=164400s
2026-05-29 09:45:42,105 INFO gateway.memory_monitor: [MEMORY] rss=395MB gc=(419, 4, 29) threads=11 uptime=164700s
2026-05-29 09:50:42,106 INFO gateway.memory_monitor: [MEMORY] rss=395MB gc=(218, 6, 29) threads=11 uptime=165000s
2026-05-29 09:55:42,106 INFO gateway.memory_monitor: [MEMORY] rss=395MB gc=(482, 7, 29) threads=11 uptime=165300s
2026-05-29 10:00:42,107 INFO gateway.memory_monitor: [MEMORY] rss=395MB gc=(152, 9, 29) threads=11 uptime=165600s
2026-05-29 10:05:42,107 INFO gateway.memory_monitor: [MEMORY] rss=395MB gc=(391, 10, 29) threads=11 uptime=165900s
2026-05-29 10:10:42,108 INFO gateway.memory_monitor: [MEMORY] rss=395MB gc=(218, 0, 30) threads=11 uptime=166200s
2026-05-29 10:15:42,108 INFO gateway.memory_monitor: [MEMORY] rss=395MB gc=(481, 1, 30) threads=11 uptime=166500s
2026-05-29 10:20:42,109 INFO gateway.memory_monitor: [MEMORY] rss=395MB gc=(104, 3, 30) threads=11 uptime=166800s
2026-05-29 10:25:42,109 INFO gateway.memory_monitor: [MEMORY] rss=395MB gc=(328, 4, 30) threads=11 uptime=167100s
2026-05-29 10:30:42,110 INFO gateway.memory_monitor: [MEMORY] rss=395MB gc=(186, 6, 30) threads=11 uptime=167400s
2026-05-29 10:35:42,110 INFO gateway.memory_monitor: [MEMORY] rss=395MB gc=(420, 7, 30) threads=11 uptime=167700s
2026-05-29 10:40:42,111 INFO gateway.memory_monitor: [MEMORY] rss=395MB gc=(641, 8, 30) threads=11 uptime=168000s
2026-05-29 10:45:42,111 INFO gateway.memory_monitor: [MEMORY] rss=395MB gc=(280, 10, 30) threads=11 uptime=168300s
2026-05-29 10:50:42,112 INFO gateway.memory_monitor: [MEMORY] rss=395MB gc=(15, 0, 31) threads=11 uptime=168600s
2026-05-29 10:55:42,112 INFO gateway.memory_monitor: [MEMORY] rss=395MB gc=(326, 1, 31) threads=11 uptime=168900s
2026-05-29 11:00:42,113 INFO gateway.memory_monitor: [MEMORY] rss=395MB gc=(561, 2, 31) threads=11 uptime=169200s
2026-05-29 11:05:42,113 INFO gateway.memory_monitor: [MEMORY] rss=395MB gc=(388, 4, 31) threads=11 uptime=169500s
2026-05-29 11:10:42,114 INFO gateway.memory_monitor: [MEMORY] rss=395MB gc=(624, 5, 31) threads=11 uptime=169800s
2026-05-29 11:15:42,114 INFO gateway.memory_monitor: [MEMORY] rss=395MB gc=(357, 7, 31) threads=11 uptime=170100s
2026-05-29 11:20:42,115 INFO gateway.memory_monitor: [MEMORY] rss=395MB gc=(593, 8, 31) threads=11 uptime=170400s
2026-05-29 11:25:42,115 INFO gateway.memory_monitor: [MEMORY] rss=395MB gc=(405, 10, 31) threads=11 uptime=170700s
2026-05-29 11:30:42,116 INFO gateway.memory_monitor: [MEMORY] rss=395MB gc=(0, 0, 32) threads=11 uptime=171000s
2026-05-29 11:35:42,116 INFO gateway.memory_monitor: [MEMORY] rss=395MB gc=(308, 1, 32) threads=11 uptime=171300s
2026-05-29 11:40:42,117 INFO gateway.memory_monitor: [MEMORY] rss=395MB gc=(543, 2, 32) threads=11 uptime=171600s
2026-05-29 11:45:42,117 INFO gateway.memory_monitor: [MEMORY] rss=395MB gc=(374, 4, 32) threads=11 uptime=171900s
2026-05-29 11:50:42,118 INFO gateway.memory_monitor: [MEMORY] rss=395MB gc=(607, 5, 32) threads=11 uptime=172200s
2026-05-29 11:55:42,118 INFO gateway.memory_monitor: [MEMORY] rss=395MB gc=(260, 7, 32) threads=11 uptime=172500s
2026-05-29 12:00:42,119 INFO gateway.memory_monitor: [MEMORY] rss=395MB gc=(464, 8, 32) threads=11 uptime=172800s
2026-05-29 12:05:42,119 INFO gateway.memory_monitor: [MEMORY] rss=395MB gc=(280, 10, 32) threads=11 uptime=173100s
2026-05-29 12:10:42,120 INFO gateway.memory_monitor: [MEMORY] rss=395MB gc=(513, 11, 32) threads=11 uptime=173400s
2026-05-29 12:15:42,120 INFO gateway.memory_monitor: [MEMORY] rss=395MB gc=(197, 1, 33) threads=11 uptime=173700s
2026-05-29 12:20:42,121 INFO gateway.memory_monitor: [MEMORY] rss=395MB gc=(464, 2, 33) threads=11 uptime=174000s
2026-05-29 12:25:42,121 INFO gateway.memory_monitor: [MEMORY] rss=395MB gc=(280, 4, 33) threads=11 uptime=174300s
2026-05-29 12:30:42,122 INFO gateway.memory_monitor: [MEMORY] rss=395MB gc=(513, 5, 33) threads=11 uptime=174600s
2026-05-29 12:35:42,122 INFO gateway.memory_monitor: [MEMORY] rss=395MB gc=(136, 7, 33) threads=11 uptime=174900s
2026-05-29 12:40:42,123 INFO gateway.memory_monitor: [MEMORY] rss=395MB gc=(402, 8, 33) threads=11 uptime=175200s
2026-05-29 12:45:42,123 INFO gateway.memory_monitor: [MEMORY] rss=395MB gc=(201, 10, 33) threads=11 uptime=175500s
2026-05-29 12:50:42,124 INFO gateway.memory_monitor: [MEMORY] rss=395MB gc=(434, 11, 33) threads=11 uptime=175800s
2026-05-29 12:55:42,124 INFO gateway.memory_monitor: [MEMORY] rss=395MB gc=(104, 1, 34) threads=11 uptime=176100s
2026-05-29 13:00:42,125 INFO gateway.memory_monitor: [MEMORY] rss=395MB gc=(311, 2, 34) threads=11 uptime=176400s
2026-05-29 13:05:42,125 INFO gateway.memory_monitor: [MEMORY] rss=395MB gc=(170, 4, 34) threads=11 uptime=176700s
2026-05-29 13:10:42,126 INFO gateway.memory_monitor: [MEMORY] rss=395MB gc=(434, 5, 34) threads=11 uptime=177000s
2026-05-29 13:15:42,126 INFO gateway.memory_monitor: [MEMORY] rss=395MB gc=(0, 7, 34) threads=11 uptime=177300s
2026-05-29 13:20:42,127 INFO gateway.memory_monitor: [MEMORY] rss=395MB gc=(314, 8, 34) threads=11 uptime=177600s
2026-05-29 13:25:42,127 INFO gateway.memory_monitor: [MEMORY] rss=395MB gc=(169, 10, 34) threads=11 uptime=177900s
2026-05-29 13:30:42,128 INFO gateway.memory_monitor: [MEMORY] rss=395MB gc=(432, 11, 34) threads=11 uptime=178200s
2026-05-29 13:35:42,128 INFO gateway.memory_monitor: [MEMORY] rss=395MB gc=(0, 1, 35) threads=11 uptime=178500s
2026-05-29 13:40:42,129 INFO gateway.memory_monitor: [MEMORY] rss=395MB gc=(280, 2, 35) threads=11 uptime=178800s
2026-05-29 13:45:42,129 INFO gateway.memory_monitor: [MEMORY] rss=395MB gc=(108, 4, 35) threads=11 uptime=179100s
2026-05-29 13:50:42,130 INFO gateway.memory_monitor: [MEMORY] rss=395MB gc=(125, 1, 37) threads=11 uptime=179400s
2026-05-29 13:55:42,130 INFO gateway.memory_monitor: [MEMORY] rss=395MB gc=(537, 2, 37) threads=11 uptime=179700s
2026-05-29 14:00:42,131 INFO gateway.memory_monitor: [MEMORY] rss=395MB gc=(631, 8, 38) threads=14 uptime=180000s
2026-05-29 14:05:42,131 INFO gateway.memory_monitor: [MEMORY] rss=395MB gc=(169, 6, 39) threads=11 uptime=180300s
2026-05-29 14:10:42,132 INFO gateway.memory_monitor: [MEMORY] rss=395MB gc=(389, 7, 39) threads=11 uptime=180600s
2026-05-29 14:15:42,132 INFO gateway.memory_monitor: [MEMORY] rss=395MB gc=(636, 8, 39) threads=11 uptime=180900s
2026-05-29 14:20:42,133 INFO gateway.memory_monitor: [MEMORY] rss=395MB gc=(262, 10, 39) threads=11 uptime=181200s
2026-05-29 14:25:42,133 INFO gateway.memory_monitor: [MEMORY] rss=395MB gc=(107, 0, 40) threads=11 uptime=181500s
2026-05-29 14:30:42,134 INFO gateway.memory_monitor: [MEMORY] rss=395MB gc=(339, 1, 40) threads=11 uptime=181800s
2026-05-29 14:35:42,134 INFO gateway.memory_monitor: [MEMORY] rss=395MB gc=(604, 2, 40) threads=11 uptime=182100s
2026-05-29 14:40:42,135 INFO gateway.memory_monitor: [MEMORY] rss=395MB gc=(264, 4, 40) threads=11 uptime=182400s
2026-05-29 14:45:42,135 INFO gateway.memory_monitor: [MEMORY] rss=395MB gc=(107, 6, 40) threads=11 uptime=182700s
2026-05-29 14:50:42,136 INFO gateway.memory_monitor: [MEMORY] rss=395MB gc=(339, 7, 40) threads=11 uptime=183000s
2026-05-29 14:55:42,137 INFO gateway.memory_monitor: [MEMORY] rss=395MB gc=(576, 8, 40) threads=11 uptime=183300s
2026-05-29 15:00:42,137 INFO gateway.memory_monitor: [MEMORY] rss=395MB gc=(264, 10, 40) threads=11 uptime=183600s
2026-05-29 15:05:42,138 INFO gateway.memory_monitor: [MEMORY] rss=395MB gc=(107, 0, 41) threads=11 uptime=183900s
2026-05-29 15:10:42,138 INFO gateway.memory_monitor: [MEMORY] rss=395MB gc=(338, 1, 41) threads=11 uptime=184200s
2026-05-29 15:13:35,936 INFO gateway.platforms.telegram: [Telegram] Flushing text batch agent:main:telegram:dm:8174123879 (29 chars)
2026-05-29 15:13:35,936 INFO gateway.run: inbound message: platform=telegram user=T chat=8174123879 msg="Let's go through these 1 by 1"
2026-05-29 15:14:06,514 INFO gateway.run: response ready: platform=telegram chat=8174123879 time=30.6s api_calls=4 response=2803 chars
2026-05-29 15:14:06,525 INFO gateway.platforms.base: [Telegram] Sending response (2803 chars) to 8174123879
2026-05-29 15:15:42,139 INFO gateway.memory_monitor: [MEMORY] rss=395MB gc=(446, 4, 43) threads=11 uptime=184500s
2026-05-29 15:16:59,186 INFO gateway.platforms.telegram: [Telegram] Flushing text batch agent:main:telegram:dm:8174123879 (70 chars)
2026-05-29 15:16:59,187 INFO gateway.run: inbound message: platform=telegram user=T chat=8174123879 msg="That sounds good! I'll do the manual playtest later today.   Next item"
2026-05-29 15:17:37,931 INFO gateway.run: response ready: platform=telegram chat=8174123879 time=38.7s api_calls=8 response=2416 chars
2026-05-29 15:17:37,935 INFO gateway.platforms.base: [Telegram] Sending response (2416 chars) to 8174123879
2026-05-29 15:20:42,139 INFO gateway.memory_monitor: [MEMORY] rss=395MB gc=(227, 7, 45) threads=11 uptime=184800s
2026-05-29 15:25:42,140 INFO gateway.memory_monitor: [MEMORY] rss=395MB gc=(434, 8, 45) threads=11 uptime=185100s
2026-05-29 15:30:42,140 INFO gateway.memory_monitor: [MEMORY] rss=395MB gc=(0, 10, 45) threads=11 uptime=185400s
2026-05-29 15:34:58,093 WARNING gateway.platforms.telegram: [Telegram] Telegram network error, scheduling reconnect: httpx.ReadError: 
2026-05-29 15:34:58,093 WARNING gateway.platforms.telegram: [Telegram] Telegram network error (attempt 1/10), reconnecting in 5s. Error: httpx.ReadError: 
2026-05-29 15:35:03,605 INFO gateway.platforms.telegram: [Telegram] Telegram polling resumed after network error (attempt 1)
2026-05-29 15:35:42,141 INFO gateway.memory_monitor: [MEMORY] rss=395MB gc=(137, 0, 46) threads=11 uptime=185700s
2026-05-29 15:40:42,141 INFO gateway.memory_monitor: [MEMORY] rss=395MB gc=(512, 1, 46) threads=11 uptime=186000s
2026-05-29 15:45:42,142 INFO gateway.memory_monitor: [MEMORY] rss=395MB gc=(166, 3, 46) threads=11 uptime=186300s
2026-05-29 15:50:42,142 INFO gateway.memory_monitor: [MEMORY] rss=395MB gc=(400, 4, 46) threads=11 uptime=186600s
2026-05-29 15:55:42,143 INFO gateway.memory_monitor: [MEMORY] rss=395MB gc=(201, 6, 46) threads=11 uptime=186900s
2026-05-29 16:00:42,143 INFO gateway.memory_monitor: [MEMORY] rss=395MB gc=(433, 7, 46) threads=11 uptime=187200s
2026-05-29 16:05:42,144 INFO gateway.memory_monitor: [MEMORY] rss=395MB gc=(104, 9, 46) threads=11 uptime=187500s
2026-05-29 16:10:42,144 INFO gateway.memory_monitor: [MEMORY] rss=395MB gc=(325, 10, 46) threads=11 uptime=187800s
2026-05-29 16:15:42,145 INFO gateway.memory_monitor: [MEMORY] rss=395MB gc=(200, 0, 47) threads=11 uptime=188100s
2026-05-29 16:19:53,806 INFO gateway.run: Agent cache idle-TTL evict: session=agent:main:telegram:dm:8174123879 (idle=3736s)
2026-05-29 16:19:53,807 INFO gateway.run: Agent cache idle sweep: evicted 1 agent(s)
2026-05-29 16:20:42,145 INFO gateway.memory_monitor: [MEMORY] rss=395MB gc=(402, 1, 47) threads=11 uptime=188400s
2026-05-29 16:25:42,146 INFO gateway.memory_monitor: [MEMORY] rss=395MB gc=(104, 3, 47) threads=11 uptime=188700s
2026-05-29 16:30:42,146 INFO gateway.memory_monitor: [MEMORY] rss=395MB gc=(323, 4, 47) threads=11 uptime=189000s
2026-05-29 16:35:42,147 INFO gateway.memory_monitor: [MEMORY] rss=395MB gc=(236, 6, 47) threads=11 uptime=189300s
2026-05-29 16:40:42,147 INFO gateway.memory_monitor: [MEMORY] rss=395MB gc=(481, 7, 47) threads=11 uptime=189600s
2026-05-29 16:45:42,148 INFO gateway.memory_monitor: [MEMORY] rss=395MB gc=(103, 9, 47) threads=11 uptime=189900s
2026-05-29 16:50:42,148 INFO gateway.memory_monitor: [MEMORY] rss=395MB gc=(312, 10, 47) threads=11 uptime=190200s
2026-05-29 16:50:46,511 INFO gateway.platforms.telegram: [Telegram] Flushing text batch agent:main:telegram:dm:8174123879 (322 chars)
2026-05-29 16:50:46,512 INFO gateway.run: inbound message: platform=telegram user=T chat=8174123879 msg='Okay, let\'s create an "encounter shell" modal. There\'s multiple types of encount'
2026-05-29 16:54:08,267 INFO gateway.run: response ready: platform=telegram chat=8174123879 time=201.8s api_calls=31 response=1610 chars
2026-05-29 16:54:08,280 INFO gateway.platforms.base: [Telegram] Sending response (1610 chars) to 8174123879
2026-05-29 16:55:09,611 INFO gateway.platforms.telegram: [Telegram] Flushing text batch agent:main:telegram:dm:8174123879 (153 chars)
2026-05-29 16:55:09,612 INFO gateway.run: inbound message: platform=telegram user=T chat=8174123879 msg="Let's also add, as the last agenda item for each mornings roundtable meeting an "
2026-05-29 16:55:42,149 INFO gateway.memory_monitor: [MEMORY] rss=401MB gc=(354, 11, 56) threads=12 uptime=190500s
2026-05-29 16:55:59,567 INFO gateway.run: response ready: platform=telegram chat=8174123879 time=50.0s api_calls=7 response=2532 chars
2026-05-29 16:55:59,572 INFO gateway.platforms.base: [Telegram] Sending response (2532 chars) to 8174123879
2026-05-29 17:00:42,149 INFO gateway.memory_monitor: [MEMORY] rss=401MB gc=(511, 3, 57) threads=11 uptime=190800s
2026-05-29 17:05:42,150 INFO gateway.memory_monitor: [MEMORY] rss=401MB gc=(280, 5, 57) threads=11 uptime=191100s
2026-05-29 17:10:42,151 INFO gateway.memory_monitor: [MEMORY] rss=401MB gc=(543, 6, 57) threads=11 uptime=191400s
2026-05-29 17:15:42,151 INFO gateway.memory_monitor: [MEMORY] rss=401MB gc=(230, 8, 57) threads=11 uptime=191700s
2026-05-29 17:20:42,152 INFO gateway.memory_monitor: [MEMORY] rss=401MB gc=(653, 9, 57) threads=11 uptime=192000s
2026-05-29 17:25:42,152 INFO gateway.memory_monitor: [MEMORY] rss=401MB gc=(280, 11, 57) threads=11 uptime=192300s
2026-05-29 17:30:42,153 INFO gateway.memory_monitor: [MEMORY] rss=401MB gc=(513, 0, 58) threads=11 uptime=192600s
2026-05-29 17:35:42,153 INFO gateway.memory_monitor: [MEMORY] rss=401MB gc=(172, 2, 58) threads=11 uptime=192900s
2026-05-29 17:35:46,602 INFO gateway.platforms.telegram: [Telegram] Flushing text batch agent:main:telegram:dm:8174123879 (381 chars)
2026-05-29 17:35:46,603 INFO gateway.run: inbound message: platform=telegram user=T chat=8174123879 msg='On the minigame note, I was thinking of adding visual dice and some sort of stra'
2026-05-29 17:37:28,756 INFO [20260529_151335_1092a221] gateway.run: Session split detected: 20260529_151335_1092a221 → 20260529_173659_13228d (compression)
2026-05-29 17:37:28,760 INFO gateway.run: response ready: platform=telegram chat=8174123879 time=102.2s api_calls=3 response=4791 chars
2026-05-29 17:37:28,764 INFO gateway.platforms.base: [Telegram] Sending response (4791 chars) to 8174123879
2026-05-29 17:40:42,154 INFO gateway.memory_monitor: [MEMORY] rss=401MB gc=(278, 10, 0) threads=11 uptime=193200s
2026-05-29 17:45:42,154 INFO gateway.memory_monitor: [MEMORY] rss=401MB gc=(103, 0, 1) threads=11 uptime=193500s
2026-05-29 17:50:42,155 INFO gateway.memory_monitor: [MEMORY] rss=401MB gc=(361, 1, 1) threads=11 uptime=193800s
2026-05-29 17:53:37,694 INFO gateway.platforms.telegram: [Telegram] Flushing text batch agent:main:telegram:dm:8174123879 (144 chars)
2026-05-29 17:53:37,695 INFO gateway.run: inbound message: platform=telegram user=T chat=8174123879 msg="For these minigame events, let's implement them in mechanics first and add it to"
2026-05-29 17:53:53,837 INFO gateway.run: response ready: platform=telegram chat=8174123879 time=16.1s api_calls=4 response=1420 chars
2026-05-29 17:53:53,841 INFO gateway.platforms.base: [Telegram] Sending response (1420 chars) to 8174123879
2026-05-29 17:55:27,289 INFO gateway.platforms.telegram: [Telegram] Flushing text batch agent:main:telegram:dm:8174123879 (89 chars)
2026-05-29 17:55:27,290 INFO gateway.run: inbound message: platform=telegram user=T chat=8174123879 msg='In Mobile, use the jot skill saying "Fix issue with only one combat encounter tr'
2026-05-29 17:55:42,155 INFO gateway.memory_monitor: [MEMORY] rss=401MB gc=(625, 6, 3) threads=12 uptime=194100s
2026-05-29 17:56:19,622 INFO gateway.run: response ready: platform=telegram chat=8174123879 time=52.3s api_calls=10 response=314 chars
2026-05-29 17:56:19,654 INFO gateway.platforms.base: [Telegram] Sending response (314 chars) to 8174123879
2026-05-29 17:57:07,386 INFO gateway.platforms.telegram: [Telegram] Flushing text batch agent:main:telegram:dm:8174123879 (45 chars)
2026-05-29 17:57:07,387 INFO gateway.run: inbound message: platform=telegram user=T chat=8174123879 msg="Alright, now let's run oversight in mechanics"
2026-05-29 18:00:41,632 INFO [20260529_173659_13228d] gateway.run: Session split detected: 20260529_173659_13228d → 20260529_175915_f11e40 (compression)
2026-05-29 18:00:41,662 INFO gateway.run: response ready: platform=telegram chat=8174123879 time=214.3s api_calls=19 response=2211 chars
2026-05-29 18:00:41,667 INFO gateway.platforms.base: [Telegram] Sending response (2211 chars) to 8174123879
2026-05-29 18:00:42,156 INFO gateway.memory_monitor: [MEMORY] rss=401MB gc=(213, 2, 10) threads=13 uptime=194400s
2026-05-29 18:05:42,156 INFO gateway.memory_monitor: [MEMORY] rss=401MB gc=(425, 6, 10) threads=11 uptime=194700s
2026-05-29 18:10:42,157 INFO gateway.memory_monitor: [MEMORY] rss=401MB gc=(654, 7, 10) threads=11 uptime=195000s
2026-05-29 18:15:42,157 INFO gateway.memory_monitor: [MEMORY] rss=401MB gc=(278, 9, 10) threads=11 uptime=195300s
2026-05-29 18:20:42,158 INFO gateway.memory_monitor: [MEMORY] rss=401MB gc=(512, 10, 10) threads=11 uptime=195600s
2026-05-29 18:25:42,158 INFO gateway.memory_monitor: [MEMORY] rss=401MB gc=(309, 0, 11) threads=11 uptime=195900s
2026-05-29 18:30:42,159 INFO gateway.memory_monitor: [MEMORY] rss=401MB gc=(575, 1, 11) threads=11 uptime=196200s
2026-05-29 18:35:42,159 INFO gateway.memory_monitor: [MEMORY] rss=401MB gc=(199, 3, 11) threads=11 uptime=196500s
2026-05-29 18:40:42,160 INFO gateway.memory_monitor: [MEMORY] rss=401MB gc=(481, 4, 11) threads=11 uptime=196800s
2026-05-29 18:45:42,160 INFO gateway.memory_monitor: [MEMORY] rss=401MB gc=(278, 6, 11) threads=11 uptime=197100s
2026-05-29 18:46:47,287 INFO gateway.platforms.telegram: [Telegram] Flushing text batch agent:main:telegram:dm:8174123879 (55 chars)
2026-05-29 18:46:47,288 INFO gateway.run: inbound message: platform=telegram user=T chat=8174123879 msg='promote item rarity. Items are the mechanics top agenda'
2026-05-29 18:49:23,768 INFO gateway.run: response ready: platform=telegram chat=8174123879 time=156.5s api_calls=14 response=507 chars
2026-05-29 18:49:23,774 INFO gateway.platforms.base: [Telegram] Sending response (507 chars) to 8174123879
2026-05-29 18:50:42,161 INFO gateway.memory_monitor: [MEMORY] rss=404MB gc=(293, 6, 14) threads=11 uptime=197400s
2026-05-29 18:55:42,161 INFO gateway.memory_monitor: [MEMORY] rss=405MB gc=(568, 7, 14) threads=11 uptime=197700s
2026-05-29 19:00:42,162 INFO gateway.memory_monitor: [MEMORY] rss=405MB gc=(403, 9, 14) threads=11 uptime=198000s
2026-05-29 19:05:42,162 INFO gateway.memory_monitor: [MEMORY] rss=405MB gc=(653, 10, 14) threads=11 uptime=198300s
2026-05-29 19:10:42,163 INFO gateway.memory_monitor: [MEMORY] rss=405MB gc=(277, 0, 15) threads=11 uptime=198600s
2026-05-29 19:15:42,163 INFO gateway.memory_monitor: [MEMORY] rss=405MB gc=(511, 1, 15) threads=11 uptime=198900s
2026-05-29 19:20:42,164 INFO gateway.memory_monitor: [MEMORY] rss=405MB gc=(311, 3, 15) threads=11 uptime=199200s
2026-05-29 19:25:42,164 INFO gateway.memory_monitor: [MEMORY] rss=405MB gc=(543, 4, 15) threads=11 uptime=199500s
2026-05-29 19:30:42,165 INFO gateway.memory_monitor: [MEMORY] rss=405MB gc=(215, 6, 15) threads=11 uptime=199800s
2026-05-29 19:35:42,165 INFO gateway.memory_monitor: [MEMORY] rss=405MB gc=(405, 7, 15) threads=11 uptime=200100s
2026-05-29 19:40:42,166 INFO gateway.memory_monitor: [MEMORY] rss=405MB gc=(279, 9, 15) threads=11 uptime=200400s
2026-05-29 19:45:42,166 INFO gateway.memory_monitor: [MEMORY] rss=405MB gc=(511, 10, 15) threads=11 uptime=200700s
2026-05-29 19:50:06,349 INFO gateway.run: Agent cache idle-TTL evict: session=agent:main:telegram:dm:8174123879 (idle=3643s)
2026-05-29 19:50:06,350 INFO gateway.run: Agent cache idle sweep: evicted 1 agent(s)
2026-05-29 19:50:42,167 INFO gateway.memory_monitor: [MEMORY] rss=405MB gc=(104, 0, 16) threads=11 uptime=201000s
2026-05-29 19:55:42,167 INFO gateway.memory_monitor: [MEMORY] rss=405MB gc=(323, 1, 16) threads=11 uptime=201300s
2026-05-29 20:00:42,168 INFO gateway.memory_monitor: [MEMORY] rss=405MB gc=(170, 3, 16) threads=11 uptime=201600s
2026-05-29 20:05:42,168 INFO gateway.memory_monitor: [MEMORY] rss=405MB gc=(391, 4, 16) threads=11 uptime=201900s
2026-05-29 20:10:42,169 INFO gateway.memory_monitor: [MEMORY] rss=405MB gc=(681, 5, 16) threads=11 uptime=202200s
2026-05-29 20:15:42,169 INFO gateway.memory_monitor: [MEMORY] rss=405MB gc=(325, 7, 16) threads=11 uptime=202500s
2026-05-29 20:20:42,170 INFO gateway.memory_monitor: [MEMORY] rss=405MB gc=(169, 9, 16) threads=11 uptime=202800s
2026-05-29 20:25:42,170 INFO gateway.memory_monitor: [MEMORY] rss=405MB gc=(390, 10, 16) threads=11 uptime=203100s
2026-05-29 20:30:42,171 INFO gateway.memory_monitor: [MEMORY] rss=405MB gc=(681, 11, 16) threads=11 uptime=203400s
2026-05-29 20:35:42,171 INFO gateway.memory_monitor: [MEMORY] rss=405MB gc=(291, 1, 17) threads=11 uptime=203700s
2026-05-29 20:40:42,172 INFO gateway.memory_monitor: [MEMORY] rss=405MB gc=(169, 3, 17) threads=11 uptime=204000s
2026-05-29 20:45:42,172 INFO gateway.memory_monitor: [MEMORY] rss=405MB gc=(389, 4, 17) threads=11 uptime=204300s
2026-05-29 20:50:42,173 INFO gateway.memory_monitor: [MEMORY] rss=405MB gc=(649, 5, 17) threads=11 uptime=204600s
2026-05-29 20:55:42,173 INFO gateway.memory_monitor: [MEMORY] rss=405MB gc=(256, 7, 17) threads=11 uptime=204900s
2026-05-29 21:00:42,174 INFO gateway.memory_monitor: [MEMORY] rss=405MB gc=(106, 9, 17) threads=11 uptime=205200s
2026-05-29 21:04:55,779 INFO gateway.platforms.telegram: [Telegram] Flushing text batch agent:main:telegram:dm:8174123879 (54 chars)
2026-05-29 21:04:55,780 INFO gateway.run: inbound message: platform=telegram user=T chat=8174123879 msg="This sounds great! Next let's run oversight in Mobile."
2026-05-29 21:05:42,174 INFO gateway.memory_monitor: [MEMORY] rss=405MB gc=(353, 9, 18) threads=12 uptime=205500s
2026-05-29 21:10:42,175 INFO gateway.memory_monitor: [MEMORY] rss=405MB gc=(409, 1, 23) threads=12 uptime=205800s
2026-05-29 21:11:05,240 INFO [20260529_175915_f11e40] gateway.run: Session split detected: 20260529_175915_f11e40 → 20260529_210645_8539d3 (compression)
2026-05-29 21:11:05,265 INFO gateway.run: response ready: platform=telegram chat=8174123879 time=369.5s api_calls=20 response=1907 chars
2026-05-29 21:11:05,270 INFO gateway.platforms.base: [Telegram] Sending response (1907 chars) to 8174123879
2026-05-29 21:12:17,018 INFO gateway.platforms.telegram: [Telegram] Flushing text batch agent:main:telegram:dm:8174123879 (64 chars)
2026-05-29 21:12:17,019 INFO gateway.run: inbound message: platform=telegram user=T chat=8174123879 msg="Correct, but don't promote the level up modal, it already exists"
2026-05-29 21:13:28,096 INFO [20260529_210645_8539d3] gateway.run: Session split detected: 20260529_210645_8539d3 → 20260529_211305_c07347 (compression)
2026-05-29 21:13:28,118 INFO gateway.run: response ready: platform=telegram chat=8174123879 time=71.1s api_calls=6 response=986 chars
2026-05-29 21:13:28,123 INFO gateway.platforms.base: [Telegram] Sending response (986 chars) to 8174123879
2026-05-29 21:14:26,863 INFO gateway.platforms.telegram: [Telegram] Flushing text batch agent:main:telegram:dm:8174123879 (156 chars)
2026-05-29 21:14:26,864 INFO gateway.run: inbound message: platform=telegram user=T chat=8174123879 msg="Yes, that sounds good. Once I do my manual playthrough (doing it now) I'll just "
2026-05-29 21:14:36,306 INFO gateway.run: response ready: platform=telegram chat=8174123879 time=9.4s api_calls=2 response=771 chars
2026-05-29 21:14:36,310 INFO gateway.platforms.base: [Telegram] Sending response (771 chars) to 8174123879
2026-05-29 21:15:42,175 INFO gateway.memory_monitor: [MEMORY] rss=405MB gc=(107, 0, 30) threads=11 uptime=206100s
2026-05-29 21:17:53,742 INFO gateway.platforms.telegram: [Telegram] Flushing text batch agent:main:telegram:dm:8174123879 (219 chars)
2026-05-29 21:17:53,742 INFO gateway.run: inbound message: platform=telegram user=T chat=8174123879 msg='Heard that. Alright, what\'s the next item on the agenda? I\'m noticing the "/marc'
2026-05-29 21:18:00,006 INFO gateway.run: response ready: platform=telegram chat=8174123879 time=6.3s api_calls=1 response=834 chars
2026-05-29 21:18:00,010 INFO gateway.platforms.base: [Telegram] Sending response (834 chars) to 8174123879
2026-05-29 21:20:42,176 INFO gateway.memory_monitor: [MEMORY] rss=405MB gc=(627, 8, 30) threads=11 uptime=206400s
2026-05-29 21:20:54,053 INFO gateway.platforms.telegram: [Telegram] Flushing text batch agent:main:telegram:dm:8174123879 (7 chars)
2026-05-29 21:20:54,053 INFO gateway.run: inbound message: platform=telegram user=T chat=8174123879 msg='Correct'
2026-05-29 21:21:18,254 INFO gateway.run: response ready: platform=telegram chat=8174123879 time=24.2s api_calls=4 response=1516 chars
2026-05-29 21:21:18,259 INFO gateway.platforms.base: [Telegram] Sending response (1516 chars) to 8174123879
2026-05-29 21:23:45,503 INFO gateway.platforms.telegram: [Telegram] Flushing text batch agent:main:telegram:dm:8174123879 (368 chars)
2026-05-29 21:23:45,504 INFO gateway.run: inbound message: platform=telegram user=T chat=8174123879 msg="Alright, let's defer item 3 and then I'll trigger a talk with Tobin later to dis"
2026-05-29 21:24:04,074 INFO gateway.run: response ready: platform=telegram chat=8174123879 time=18.6s api_calls=2 response=2952 chars
2026-05-29 21:24:04,079 INFO gateway.platforms.base: [Telegram] Sending response (2952 chars) to 8174123879
2026-05-29 21:25:42,176 INFO gateway.memory_monitor: [MEMORY] rss=405MB gc=(218, 0, 34) threads=11 uptime=206700s
2026-05-29 21:27:49,571 INFO gateway.platforms.telegram: [Telegram] Flushing text batch agent:main:telegram:dm:8174123879 (202 chars)
2026-05-29 21:27:49,571 INFO gateway.run: inbound message: platform=telegram user=T chat=8174123879 msg='Sounds good, except they can fix the combat encounter bug without the screenshot'
2026-05-29 21:28:24,158 INFO gateway.run: response ready: platform=telegram chat=8174123879 time=34.6s api_calls=8 response=534 chars
2026-05-29 21:28:24,163 INFO gateway.platforms.base: [Telegram] Sending response (534 chars) to 8174123879
2026-05-29 21:30:34,282 INFO gateway.platforms.telegram: [Telegram] Flushing text batch agent:main:telegram:dm:8174123879 (79 chars)
2026-05-29 21:30:34,282 INFO gateway.run: inbound message: platform=telegram user=T chat=8174123879 msg="Okay, hold on, let's pause the agenda because I just tried my first playthrough"
2026-05-29 21:30:38,025 INFO gateway.run: response ready: platform=telegram chat=8174123879 time=3.7s api_calls=1 response=572 chars
2026-05-29 21:30:38,029 INFO gateway.platforms.base: [Telegram] Sending response (572 chars) to 8174123879
2026-05-29 21:30:42,177 INFO gateway.memory_monitor: [MEMORY] rss=405MB gc=(42, 5, 36) threads=11 uptime=207000s
2026-05-29 21:35:42,177 INFO gateway.memory_monitor: [MEMORY] rss=405MB gc=(481, 6, 36) threads=11 uptime=207300s
2026-05-29 21:40:42,178 INFO gateway.memory_monitor: [MEMORY] rss=405MB gc=(215, 8, 36) threads=11 uptime=207600s
2026-05-29 21:44:25,570 INFO gateway.platforms.telegram: [Telegram] Flushing text batch agent:main:telegram:dm:8174123879 (1163 chars)
2026-05-29 21:44:25,571 INFO gateway.run: inbound message: platform=telegram user=T chat=8174123879 msg='The combat bug is interesting:  1) Lose the fight and restart? You can trigger a'
2026-05-29 21:44:47,397 INFO gateway.run: response ready: platform=telegram chat=8174123879 time=21.8s api_calls=2 response=2106 chars
2026-05-29 21:44:47,401 INFO gateway.platforms.base: [Telegram] Sending response (2106 chars) to 8174123879
2026-05-29 21:45:10,861 INFO gateway.platforms.telegram: [Telegram] Cached user photo at /root/.hermes/image_cache/img_089f2beb2083.jpg
2026-05-29 21:45:11,664 INFO gateway.run: inbound message: platform=telegram user=T chat=8174123879 msg='Notice the "item" option in the combat modal is broken. It\'s tall and gross and '
2026-05-29 21:45:11,920 INFO gateway.run: Image routing: native (model supports vision). 1 image(s) will be attached inline.
2026-05-29 21:45:11,924 INFO gateway.platforms.telegram: [Telegram] Cached user photo at /root/.hermes/image_cache/img_5175dc9cf928.jpg
2026-05-29 21:45:12,370 INFO gateway.platforms.telegram: [Telegram] Cached user photo at /root/.hermes/image_cache/img_dd6196703baa.jpg
2026-05-29 21:45:12,840 INFO gateway.platforms.telegram: [Telegram] Cached user photo at /root/.hermes/image_cache/img_d7f4cd459af6.jpg
2026-05-29 21:45:13,281 INFO gateway.platforms.telegram: [Telegram] Cached user photo at /root/.hermes/image_cache/img_e208f07e5ca6.jpg
2026-05-29 21:45:13,474 INFO gateway.run: Image routing: native (model supports vision). 3 image(s) will be attached inline.
2026-05-29 21:45:13,760 INFO gateway.platforms.telegram: [Telegram] Cached user photo at /root/.hermes/image_cache/img_c0b0aaecbc42.jpg
2026-05-29 21:45:14,140 INFO gateway.platforms.telegram: [Telegram] Cached user photo at /root/.hermes/image_cache/img_86e20e21f439.jpg
2026-05-29 21:45:14,372 INFO gateway.run: Image routing: native (model supports vision). 2 image(s) will be attached inline.
2026-05-29 21:45:14,496 INFO gateway.platforms.telegram: [Telegram] Cached user photo at /root/.hermes/image_cache/img_e041573de043.jpg
2026-05-29 21:45:14,623 INFO gateway.run: Image routing: native (model supports vision). 2 image(s) will be attached inline.
2026-05-29 21:45:42,178 INFO gateway.memory_monitor: [MEMORY] rss=412MB gc=(445, 9, 1) threads=12 uptime=207900s
2026-05-29 21:45:53,672 INFO gateway.run: response ready: platform=telegram chat=8174123879 time=42.0s api_calls=2 response=4652 chars
2026-05-29 21:45:53,687 INFO gateway.platforms.base: [Telegram] Sending response (4652 chars) to 8174123879
2026-05-29 21:50:42,179 INFO gateway.memory_monitor: [MEMORY] rss=412MB gc=(188, 3, 3) threads=11 uptime=208200s
2026-05-29 21:54:41,045 INFO gateway.platforms.telegram: [Telegram] Flushing text batch agent:main:telegram:dm:8174123879 (1182 chars)
2026-05-29 21:54:41,046 INFO gateway.run: inbound message: platform=telegram user=T chat=8174123879 msg='Correct. Now also take note of everything else I said:   The combat bug is inter'
2026-05-29 21:55:02,880 INFO gateway.platforms.telegram: [Telegram] Flushing text batch agent:main:telegram:dm:8174123879 (51 chars)
2026-05-29 21:55:42,179 INFO gateway.memory_monitor: [MEMORY] rss=412MB gc=(211, 3, 5) threads=12 uptime=208500s
2026-05-29 21:56:07,168 INFO gateway.run: Queued follow-up for session agent:main:telegram:dm:8174123879: final stream delivery not confirmed; sending first response before continuing.
2026-05-29 21:56:13,170 INFO gateway.run: response ready: platform=telegram chat=8174123879 time=92.1s api_calls=1 response=540 chars
2026-05-29 21:56:13,175 INFO gateway.platforms.base: [Telegram] Sending response (540 chars) to 8174123879
2026-05-29 21:59:44,698 INFO gateway.platforms.telegram: [Telegram] Cached user photo at /root/.hermes/image_cache/img_02f465ce8189.jpg
2026-05-29 21:59:45,090 INFO gateway.platforms.telegram: [Telegram] Cached user photo at /root/.hermes/image_cache/img_7817878612ed.jpg
2026-05-29 21:59:45,892 INFO gateway.run: inbound message: platform=telegram user=T chat=8174123879 msg="That's it for the screenshots :/ The remaining map nodes do nothing.  These last"
2026-05-29 21:59:45,899 INFO gateway.run: Image routing: native (model supports vision). 2 image(s) will be attached inline.
2026-05-29 22:00:14,842 INFO gateway.platforms.telegram: [Telegram] Flushing text batch agent:main:telegram:dm:8174123879 (103 chars)
2026-05-29 22:00:42,180 INFO gateway.memory_monitor: [MEMORY] rss=412MB gc=(242, 11, 7) threads=12 uptime=208800s
2026-05-29 22:00:53,440 INFO gateway.run: Queued follow-up for session agent:main:telegram:dm:8174123879: final stream delivery not confirmed; sending first response before continuing.
2026-05-29 22:01:31,066 INFO gateway.run: response ready: platform=telegram chat=8174123879 time=105.2s api_calls=5 response=622 chars
2026-05-29 22:01:31,071 INFO gateway.platforms.base: [Telegram] Sending response (622 chars) to 8174123879
2026-05-29 22:02:43,902 INFO gateway.platforms.telegram: [Telegram] Flushing text batch agent:main:telegram:dm:8174123879 (93 chars)
2026-05-29 22:02:43,903 INFO gateway.run: inbound message: platform=telegram user=T chat=8174123879 msg='Alright, where did we leave off with the agenda items from before? Account tool '
2026-05-29 22:02:59,691 INFO gateway.run: response ready: platform=telegram chat=8174123879 time=15.8s api_calls=1 response=2938 chars
2026-05-29 22:02:59,698 INFO gateway.platforms.base: [Telegram] Sending response (2938 chars) to 8174123879
2026-05-29 22:05:42,181 INFO gateway.memory_monitor: [MEMORY] rss=412MB gc=(139, 2, 12) threads=11 uptime=209100s
2026-05-29 22:06:25,182 INFO gateway.platforms.telegram: [Telegram] Flushing text batch agent:main:telegram:dm:8174123879 (133 chars)
2026-05-29 22:06:25,183 INFO gateway.run: inbound message: platform=telegram user=T chat=8174123879 msg='Well all the items I mentioned a moment ago (1-4) did we log those in each repo '
2026-05-29 22:06:59,519 INFO gateway.run: response ready: platform=telegram chat=8174123879 time=34.3s api_calls=4 response=2955 chars
2026-05-29 22:06:59,524 INFO gateway.platforms.base: [Telegram] Sending response (2955 chars) to 8174123879
2026-05-29 22:10:42,181 INFO gateway.memory_monitor: [MEMORY] rss=412MB gc=(341, 8, 13) threads=11 uptime=209400s
2026-05-29 22:12:59,455 INFO gateway.platforms.telegram: [Telegram] Flushing text batch agent:main:telegram:dm:8174123879 (31 chars)
2026-05-29 22:12:59,456 INFO gateway.run: inbound message: platform=telegram user=T chat=8174123879 msg='Can you promote those 2 for me?'
2026-05-29 22:15:05,137 INFO gateway.run: response ready: platform=telegram chat=8174123879 time=125.7s api_calls=11 response=1185 chars
2026-05-29 22:15:05,144 INFO gateway.platforms.base: [Telegram] Sending response (1185 chars) to 8174123879
2026-05-29 22:15:42,182 INFO gateway.memory_monitor: [MEMORY] rss=412MB gc=(495, 3, 17) threads=13 uptime=209700s
2026-05-29 22:20:42,183 INFO gateway.memory_monitor: [MEMORY] rss=412MB gc=(3, 0, 20) threads=11 uptime=210000s
2026-05-29 22:25:42,183 INFO gateway.memory_monitor: [MEMORY] rss=412MB gc=(341, 1, 20) threads=11 uptime=210300s
2026-05-29 22:30:42,184 INFO gateway.memory_monitor: [MEMORY] rss=412MB gc=(621, 2, 20) threads=11 uptime=210600s
2026-05-29 22:35:42,184 INFO gateway.memory_monitor: [MEMORY] rss=412MB gc=(247, 4, 20) threads=11 uptime=210900s
2026-05-29 22:40:42,185 INFO gateway.memory_monitor: [MEMORY] rss=412MB gc=(1, 6, 20) threads=11 uptime=211200s
2026-05-29 22:45:42,185 INFO gateway.memory_monitor: [MEMORY] rss=412MB gc=(310, 7, 20) threads=11 uptime=211500s
2026-05-29 22:50:42,186 INFO gateway.memory_monitor: [MEMORY] rss=412MB gc=(576, 8, 20) threads=11 uptime=211800s
2026-05-29 22:55:42,186 INFO gateway.memory_monitor: [MEMORY] rss=412MB gc=(215, 10, 20) threads=11 uptime=212100s
2026-05-29 23:00:42,187 INFO gateway.memory_monitor: [MEMORY] rss=412MB gc=(623, 11, 20) threads=11 uptime=212400s
2026-05-29 23:05:42,187 INFO gateway.memory_monitor: [MEMORY] rss=412MB gc=(279, 1, 21) threads=11 uptime=212700s
2026-05-29 23:10:42,188 INFO gateway.memory_monitor: [MEMORY] rss=412MB gc=(542, 2, 21) threads=11 uptime=213000s
2026-05-29 23:15:18,265 INFO gateway.run: Agent cache idle-TTL evict: session=agent:main:telegram:dm:8174123879 (idle=3613s)
2026-05-29 23:15:18,265 INFO gateway.run: Agent cache idle sweep: evicted 1 agent(s)
2026-05-29 23:15:42,188 INFO gateway.memory_monitor: [MEMORY] rss=412MB gc=(184, 4, 21) threads=11 uptime=213300s
2026-05-29 23:20:42,189 INFO gateway.memory_monitor: [MEMORY] rss=412MB gc=(593, 5, 21) threads=11 uptime=213600s
2026-05-29 23:25:42,189 INFO gateway.memory_monitor: [MEMORY] rss=412MB gc=(280, 7, 21) threads=11 uptime=213900s
2026-05-29 23:30:42,190 INFO gateway.memory_monitor: [MEMORY] rss=412MB gc=(543, 8, 21) threads=11 uptime=214200s
2026-05-29 23:35:42,190 INFO gateway.memory_monitor: [MEMORY] rss=412MB gc=(183, 10, 21) threads=11 uptime=214500s
2026-05-29 23:40:42,191 INFO gateway.memory_monitor: [MEMORY] rss=412MB gc=(624, 11, 21) threads=11 uptime=214800s
2026-05-29 23:45:42,192 INFO gateway.memory_monitor: [MEMORY] rss=412MB gc=(248, 1, 22) threads=11 uptime=215100s
2026-05-29 23:50:42,192 INFO gateway.memory_monitor: [MEMORY] rss=412MB gc=(511, 2, 22) threads=11 uptime=215400s
2026-05-29 23:55:42,193 INFO gateway.memory_monitor: [MEMORY] rss=412MB gc=(138, 4, 22) threads=11 uptime=215700s
2026-05-30 00:00:42,193 INFO gateway.memory_monitor: [MEMORY] rss=412MB gc=(545, 5, 22) threads=11 uptime=216000s
2026-05-30 00:05:42,194 INFO gateway.memory_monitor: [MEMORY] rss=412MB gc=(217, 7, 22) threads=11 uptime=216300s
2026-05-30 00:10:42,194 INFO gateway.memory_monitor: [MEMORY] rss=412MB gc=(480, 8, 22) threads=11 uptime=216600s
2026-05-30 00:15:42,195 INFO gateway.memory_monitor: [MEMORY] rss=412MB gc=(105, 10, 22) threads=11 uptime=216900s
2026-05-30 00:20:42,195 INFO gateway.memory_monitor: [MEMORY] rss=412MB gc=(544, 11, 22) threads=11 uptime=217200s
2026-05-30 00:25:42,196 INFO gateway.memory_monitor: [MEMORY] rss=412MB gc=(215, 1, 23) threads=11 uptime=217500s
2026-05-30 00:30:42,196 INFO gateway.memory_monitor: [MEMORY] rss=412MB gc=(478, 2, 23) threads=11 uptime=217800s
2026-05-30 00:34:55,882 INFO gateway.run: Invalidated run generation for agent:main:telegram:dm:8174123879 → 61 (session_reset)
2026-05-30 00:35:42,197 INFO gateway.memory_monitor: [MEMORY] rss=412MB gc=(106, 5, 23) threads=11 uptime=218100s
2026-05-30 00:37:05,322 INFO gateway.platforms.telegram: [Telegram] Flushing text batch agent:main:telegram:dm:8174123879 (358 chars)
2026-05-30 00:37:05,323 INFO gateway.run: inbound message: platform=telegram user=T chat=8174123879 msg="Hey Judge, let's talk about how I can give you more power! I want to connect you"
2026-05-30 00:37:56,814 INFO gateway.run: response ready: platform=telegram chat=8174123879 time=51.5s api_calls=4 response=7229 chars
2026-05-30 00:37:56,819 INFO gateway.platforms.base: [Telegram] Sending response (7229 chars) to 8174123879
2026-05-30 00:40:42,197 INFO gateway.memory_monitor: [MEMORY] rss=412MB gc=(422, 4, 25) threads=11 uptime=218400s
2026-05-30 00:45:42,198 INFO gateway.memory_monitor: [MEMORY] rss=412MB gc=(277, 6, 25) threads=11 uptime=218700s
2026-05-30 00:50:42,198 INFO gateway.memory_monitor: [MEMORY] rss=412MB gc=(479, 7, 25) threads=11 uptime=219000s
2026-05-30 00:55:42,199 INFO gateway.memory_monitor: [MEMORY] rss=412MB gc=(154, 9, 25) threads=11 uptime=219300s
2026-05-30 01:00:42,200 INFO gateway.memory_monitor: [MEMORY] rss=412MB gc=(389, 10, 25) threads=11 uptime=219600s
2026-05-30 01:05:42,200 INFO gateway.memory_monitor: [MEMORY] rss=412MB gc=(214, 0, 26) threads=11 uptime=219900s
2026-05-30 01:10:42,040 WARNING gateway.platforms.telegram: [Telegram] Telegram network error, scheduling reconnect: Bad Gateway
2026-05-30 01:10:42,040 WARNING gateway.platforms.telegram: [Telegram] Telegram network error (attempt 1/10), reconnecting in 5s. Error: Bad Gateway
2026-05-30 01:10:42,201 INFO gateway.memory_monitor: [MEMORY] rss=412MB gc=(381, 1, 26) threads=11 uptime=220200s
2026-05-30 01:11:07,462 INFO gateway.platforms.telegram: [Telegram] Telegram polling resumed after network error (attempt 1)
2026-05-30 01:15:42,201 INFO gateway.memory_monitor: [MEMORY] rss=412MB gc=(448, 3, 26) threads=11 uptime=220500s
2026-05-30 01:20:42,202 INFO gateway.memory_monitor: [MEMORY] rss=412MB gc=(246, 5, 26) threads=11 uptime=220800s
2026-05-30 01:25:42,202 INFO gateway.memory_monitor: [MEMORY] rss=412MB gc=(481, 6, 26) threads=11 uptime=221100s
2026-05-30 01:30:42,203 INFO gateway.memory_monitor: [MEMORY] rss=412MB gc=(153, 8, 26) threads=11 uptime=221400s
2026-05-30 01:35:42,203 INFO gateway.memory_monitor: [MEMORY] rss=412MB gc=(418, 9, 26) threads=11 uptime=221700s
2026-05-30 01:40:26,140 INFO gateway.run: Agent cache idle-TTL evict: session=agent:main:telegram:dm:8174123879 (idle=3749s)
2026-05-30 01:40:26,140 INFO gateway.run: Agent cache idle sweep: evicted 1 agent(s)
2026-05-30 01:40:42,204 INFO gateway.memory_monitor: [MEMORY] rss=412MB gc=(187, 11, 26) threads=11 uptime=222000s
2026-05-30 01:44:38,831 INFO gateway.platforms.telegram: [Telegram] Flushing text batch agent:main:telegram:dm:8174123879 (115 chars)
2026-05-30 01:44:38,832 INFO gateway.run: inbound message: platform=telegram user=T chat=8174123879 msg='Document all this in the workspace root so we make sure to go through all of thi'
2026-05-30 01:45:42,204 INFO gateway.memory_monitor: [MEMORY] rss=412MB gc=(597, 5, 28) threads=12 uptime=222300s
2026-05-30 01:47:02,756 INFO gateway.run: response ready: platform=telegram chat=8174123879 time=143.9s api_calls=9 response=1143 chars
2026-05-30 01:47:02,760 INFO gateway.platforms.base: [Telegram] Sending response (1143 chars) to 8174123879
2026-05-30 01:48:33,533 INFO gateway.platforms.telegram: [Telegram] Flushing text batch agent:main:telegram:dm:8174123879 (5 chars)
2026-05-30 01:48:33,534 INFO gateway.run: inbound message: platform=telegram user=T chat=8174123879 msg='Do it'
2026-05-30 01:50:42,205 INFO gateway.memory_monitor: [MEMORY] rss=412MB gc=(25, 0, 32) threads=12 uptime=222600s
2026-05-30 01:51:11,862 INFO gateway.run: response ready: platform=telegram chat=8174123879 time=158.3s api_calls=17 response=1085 chars
2026-05-30 01:51:11,876 INFO gateway.platforms.base: [Telegram] Sending response (1085 chars) to 8174123879
2026-05-30 01:55:42,205 INFO gateway.memory_monitor: [MEMORY] rss=412MB gc=(559, 8, 34) threads=11 uptime=222900s
2026-05-30 02:00:42,206 INFO gateway.memory_monitor: [MEMORY] rss=412MB gc=(308, 10, 34) threads=11 uptime=223200s
2026-05-30 02:05:42,206 INFO gateway.memory_monitor: [MEMORY] rss=412MB gc=(542, 11, 34) threads=11 uptime=223500s
2026-05-30 02:10:42,207 INFO gateway.memory_monitor: [MEMORY] rss=412MB gc=(378, 1, 35) threads=11 uptime=223800s
2026-05-30 02:12:08,750 INFO gateway.platforms.telegram: [Telegram] Flushing text batch agent:main:telegram:dm:8174123879 (177 chars)
2026-05-30 02:12:08,751 INFO gateway.run: inbound message: platform=telegram user=T chat=8174123879 msg="I'll have to take care of that first thing in the morning. What I don't understa"
2026-05-30 02:14:12,346 INFO gateway.run: response ready: platform=telegram chat=8174123879 time=123.6s api_calls=16 response=3875 chars
2026-05-30 02:14:12,360 INFO gateway.platforms.base: [Telegram] Sending response (3875 chars) to 8174123879
2026-05-30 02:15:42,207 INFO gateway.memory_monitor: [MEMORY] rss=412MB gc=(104, 10, 39) threads=13 uptime=224100s
2026-05-30 02:20:42,208 INFO gateway.memory_monitor: [MEMORY] rss=412MB gc=(187, 1, 41) threads=11 uptime=224400s
2026-05-30 02:25:42,208 INFO gateway.memory_monitor: [MEMORY] rss=412MB gc=(622, 2, 41) threads=11 uptime=224700s
2026-05-30 02:30:42,209 INFO gateway.memory_monitor: [MEMORY] rss=412MB gc=(277, 4, 41) threads=11 uptime=225000s
2026-05-30 02:35:42,209 INFO gateway.memory_monitor: [MEMORY] rss=412MB gc=(542, 5, 41) threads=11 uptime=225300s
2026-05-30 02:40:42,210 INFO gateway.memory_monitor: [MEMORY] rss=412MB gc=(175, 7, 41) threads=11 uptime=225600s
2026-05-30 02:45:42,210 INFO gateway.memory_monitor: [MEMORY] rss=412MB gc=(622, 8, 41) threads=11 uptime=225900s
2026-05-30 02:50:42,211 INFO gateway.memory_monitor: [MEMORY] rss=412MB gc=(245, 10, 41) threads=11 uptime=226200s
2026-05-30 02:55:42,211 INFO gateway.memory_monitor: [MEMORY] rss=412MB gc=(509, 11, 41) threads=11 uptime=226500s
2026-05-30 03:00:42,212 INFO gateway.memory_monitor: [MEMORY] rss=412MB gc=(156, 1, 42) threads=11 uptime=226800s
2026-05-30 03:05:42,212 INFO gateway.memory_monitor: [MEMORY] rss=412MB gc=(590, 2, 42) threads=11 uptime=227100s
2026-05-30 03:10:42,213 INFO gateway.memory_monitor: [MEMORY] rss=412MB gc=(246, 4, 42) threads=11 uptime=227400s
2026-05-30 03:15:31,756 INFO gateway.run: Agent cache idle-TTL evict: session=agent:main:telegram:dm:8174123879 (idle=3680s)
2026-05-30 03:15:31,757 INFO gateway.run: Agent cache idle sweep: evicted 1 agent(s)
2026-05-30 03:15:42,213 INFO gateway.memory_monitor: [MEMORY] rss=412MB gc=(512, 5, 42) threads=11 uptime=227700s
2026-05-30 03:20:42,214 INFO gateway.memory_monitor: [MEMORY] rss=412MB gc=(125, 7, 42) threads=11 uptime=228000s
2026-05-30 03:25:42,214 INFO gateway.memory_monitor: [MEMORY] rss=412MB gc=(592, 8, 42) threads=11 uptime=228300s
2026-05-30 03:30:42,215 INFO gateway.memory_monitor: [MEMORY] rss=412MB gc=(214, 10, 42) threads=11 uptime=228600s
2026-05-30 03:35:42,215 INFO gateway.memory_monitor: [MEMORY] rss=412MB gc=(477, 11, 42) threads=11 uptime=228900s
2026-05-30 03:40:42,216 INFO gateway.memory_monitor: [MEMORY] rss=412MB gc=(79, 1, 43) threads=11 uptime=229200s
2026-05-30 03:45:42,216 INFO gateway.memory_monitor: [MEMORY] rss=412MB gc=(512, 2, 43) threads=11 uptime=229500s
2026-05-30 03:50:42,217 INFO gateway.memory_monitor: [MEMORY] rss=412MB gc=(184, 4, 43) threads=11 uptime=229800s
2026-05-30 03:55:42,217 INFO gateway.memory_monitor: [MEMORY] rss=412MB gc=(447, 5, 43) threads=11 uptime=230100s
2026-05-30 04:00:34,221 INFO gateway.run: Session expiry: 1 sessions to finalize (telegram:1)
2026-05-30 04:00:34,223 INFO gateway.run: Session expiry done: 1 finalized
2026-05-30 04:00:42,218 INFO gateway.memory_monitor: [MEMORY] rss=412MB gc=(278, 7, 43) threads=11 uptime=230400s
2026-05-30 04:05:42,218 INFO gateway.memory_monitor: [MEMORY] rss=412MB gc=(512, 8, 43) threads=11 uptime=230700s
2026-05-30 04:10:42,219 INFO gateway.memory_monitor: [MEMORY] rss=412MB gc=(184, 10, 43) threads=11 uptime=231000s
2026-05-30 04:15:42,219 INFO gateway.memory_monitor: [MEMORY] rss=412MB gc=(449, 11, 43) threads=11 uptime=231300s
2026-05-30 04:20:42,220 INFO gateway.memory_monitor: [MEMORY] rss=412MB gc=(249, 1, 44) threads=11 uptime=231600s
2026-05-30 04:25:42,221 INFO gateway.memory_monitor: [MEMORY] rss=412MB gc=(512, 2, 44) threads=11 uptime=231900s
2026-05-30 04:30:42,221 INFO gateway.memory_monitor: [MEMORY] rss=412MB gc=(185, 4, 44) threads=11 uptime=232200s
2026-05-30 04:35:42,222 INFO gateway.memory_monitor: [MEMORY] rss=412MB gc=(418, 5, 44) threads=11 uptime=232500s
2026-05-30 04:40:42,222 INFO gateway.memory_monitor: [MEMORY] rss=412MB gc=(218, 7, 44) threads=11 uptime=232800s
2026-05-30 04:45:42,223 INFO gateway.memory_monitor: [MEMORY] rss=412MB gc=(450, 8, 44) threads=11 uptime=233100s
2026-05-30 04:50:42,223 INFO gateway.memory_monitor: [MEMORY] rss=412MB gc=(123, 10, 44) threads=11 uptime=233400s
2026-05-30 04:55:42,224 INFO gateway.memory_monitor: [MEMORY] rss=412MB gc=(354, 11, 44) threads=11 uptime=233700s
2026-05-30 05:00:42,224 INFO gateway.memory_monitor: [MEMORY] rss=412MB gc=(169, 1, 45) threads=11 uptime=234000s
2026-05-30 05:05:42,225 INFO gateway.memory_monitor: [MEMORY] rss=412MB gc=(405, 2, 45) threads=11 uptime=234300s
2026-05-30 05:10:42,226 INFO gateway.memory_monitor: [MEMORY] rss=412MB gc=(0, 4, 45) threads=11 uptime=234600s
2026-05-30 05:15:42,226 INFO gateway.memory_monitor: [MEMORY] rss=412MB gc=(340, 5, 45) threads=11 uptime=234900s
2026-05-30 05:20:42,227 INFO gateway.memory_monitor: [MEMORY] rss=412MB gc=(171, 7, 45) threads=11 uptime=235200s
2026-05-30 05:25:42,227 INFO gateway.memory_monitor: [MEMORY] rss=412MB gc=(403, 8, 45) threads=11 uptime=235500s
2026-05-30 05:30:42,228 INFO gateway.memory_monitor: [MEMORY] rss=412MB gc=(0, 10, 45) threads=11 uptime=235800s
2026-05-30 05:35:42,228 INFO gateway.memory_monitor: [MEMORY] rss=412MB gc=(318, 11, 45) threads=11 uptime=236100s
2026-05-30 05:40:42,229 INFO gateway.memory_monitor: [MEMORY] rss=412MB gc=(138, 1, 46) threads=11 uptime=236400s
2026-05-30 05:45:42,229 INFO gateway.memory_monitor: [MEMORY] rss=412MB gc=(362, 2, 46) threads=11 uptime=236700s
2026-05-30 05:50:42,230 INFO gateway.memory_monitor: [MEMORY] rss=412MB gc=(637, 3, 46) threads=11 uptime=237000s
2026-05-30 05:55:42,230 INFO gateway.memory_monitor: [MEMORY] rss=412MB gc=(291, 5, 46) threads=11 uptime=237300s
2026-05-30 06:00:42,231 INFO gateway.memory_monitor: [MEMORY] rss=412MB gc=(140, 7, 46) threads=11 uptime=237600s
2026-05-30 06:05:42,231 INFO gateway.memory_monitor: [MEMORY] rss=412MB gc=(362, 8, 46) threads=11 uptime=237900s
2026-05-30 06:10:42,232 INFO gateway.memory_monitor: [MEMORY] rss=412MB gc=(607, 9, 46) threads=11 uptime=238200s
2026-05-30 06:15:42,233 INFO gateway.memory_monitor: [MEMORY] rss=412MB gc=(293, 11, 46) threads=11 uptime=238500s
2026-05-30 06:20:42,233 INFO gateway.memory_monitor: [MEMORY] rss=412MB gc=(137, 1, 47) threads=11 uptime=238800s
2026-05-30 06:25:42,234 INFO gateway.memory_monitor: [MEMORY] rss=412MB gc=(360, 2, 47) threads=11 uptime=239100s
2026-05-30 06:30:42,234 INFO gateway.memory_monitor: [MEMORY] rss=412MB gc=(605, 3, 47) threads=11 uptime=239400s
2026-05-30 06:35:42,235 INFO gateway.memory_monitor: [MEMORY] rss=412MB gc=(229, 5, 47) threads=11 uptime=239700s
2026-05-30 06:40:42,235 INFO gateway.memory_monitor: [MEMORY] rss=412MB gc=(1, 7, 47) threads=11 uptime=240000s
2026-05-30 06:42:57,648 INFO gateway.platforms.telegram: [Telegram] Flushing text batch agent:main:telegram:dm:8174123879 (65 chars)
2026-05-30 06:42:57,649 INFO gateway.run: inbound message: platform=telegram user=T chat=8174123879 msg="There's merge conflicts with this PR. Settle that and merge it in"
2026-05-30 06:43:58,344 INFO gateway.platforms.telegram: Telegram button resolved 1 approval(s) for session agent:main:telegram:dm:8174123879 (choice=always, user=T)
2026-05-30 06:44:29,010 INFO gateway.run: response ready: platform=telegram chat=8174123879 time=91.4s api_calls=7 response=278 chars
2026-05-30 06:44:29,017 INFO gateway.platforms.base: [Telegram] Sending response (278 chars) to 8174123879
2026-05-30 06:45:25,039 INFO gateway.platforms.telegram: [Telegram] Flushing text batch agent:main:telegram:dm:8174123879 (4 chars)
2026-05-30 06:45:25,040 INFO gateway.run: inbound message: platform=telegram user=T chat=8174123879 msg='both'
2026-05-30 06:45:42,236 INFO gateway.memory_monitor: [MEMORY] rss=412MB gc=(3, 5, 51) threads=12 uptime=240300s
2026-05-30 06:49:41,851 INFO gateway.platforms.telegram: Telegram button resolved 1 approval(s) for session agent:main:telegram:dm:8174123879 (choice=always, user=T)
2026-05-30 06:50:42,236 INFO gateway.memory_monitor: [MEMORY] rss=419MB gc=(104, 2, 16) threads=13 uptime=240600s
2026-05-30 06:52:41,994 INFO gateway.run: response ready: platform=telegram chat=8174123879 time=437.0s api_calls=51 response=1333 chars
2026-05-30 06:52:41,999 WARNING gateway.platforms.base: Skipping unsafe MEDIA directive path outside allowed roots
2026-05-30 06:52:42,000 WARNING gateway.platforms.base: Skipping unsafe MEDIA directive path outside allowed roots
2026-05-30 06:52:42,000 WARNING gateway.platforms.base: Skipping unsafe MEDIA directive path outside allowed roots
2026-05-30 06:52:42,002 WARNING gateway.platforms.base: Skipping unsafe MEDIA directive path outside allowed roots
2026-05-30 06:52:42,003 WARNING gateway.platforms.base: Skipping unsafe MEDIA directive path outside allowed roots
2026-05-30 06:52:42,003 WARNING gateway.platforms.base: Skipping unsafe MEDIA directive path outside allowed roots
2026-05-30 06:52:42,003 WARNING gateway.platforms.base: Skipping unsafe MEDIA directive path outside allowed roots
2026-05-30 06:52:42,004 WARNING gateway.platforms.base: Skipping unsafe MEDIA directive path outside allowed roots
2026-05-30 06:52:42,004 WARNING gateway.platforms.base: Skipping unsafe MEDIA directive path outside allowed roots
2026-05-30 06:52:42,008 WARNING gateway.platforms.base: Skipping unsafe MEDIA directive path outside allowed roots
2026-05-30 06:52:42,008 INFO gateway.platforms.base: [Telegram] Sending response (1113 chars) to 8174123879
2026-05-30 06:55:42,237 INFO gateway.memory_monitor: [MEMORY] rss=428MB gc=(587, 6, 3) threads=12 uptime=240900s
2026-05-30 07:00:42,237 INFO gateway.memory_monitor: [MEMORY] rss=428MB gc=(463, 8, 3) threads=12 uptime=241200s
2026-05-30 07:05:42,238 INFO gateway.memory_monitor: [MEMORY] rss=428MB gc=(308, 10, 3) threads=12 uptime=241500s
2026-05-30 07:10:42,238 INFO gateway.memory_monitor: [MEMORY] rss=428MB gc=(587, 11, 3) threads=12 uptime=241800s
2026-05-30 07:15:42,239 INFO gateway.memory_monitor: [MEMORY] rss=428MB gc=(263, 1, 4) threads=12 uptime=242100s
2026-05-30 07:20:42,239 INFO gateway.memory_monitor: [MEMORY] rss=428MB gc=(137, 3, 4) threads=12 uptime=242400s
2026-05-30 07:25:42,240 INFO gateway.memory_monitor: [MEMORY] rss=428MB gc=(389, 4, 4) threads=12 uptime=242700s
2026-05-30 07:30:42,240 INFO gateway.memory_monitor: [MEMORY] rss=428MB gc=(635, 5, 4) threads=12 uptime=243000s
2026-05-30 07:35:42,241 INFO gateway.memory_monitor: [MEMORY] rss=428MB gc=(263, 7, 4) threads=12 uptime=243300s
2026-05-30 07:40:42,241 INFO gateway.memory_monitor: [MEMORY] rss=428MB gc=(137, 9, 4) threads=12 uptime=243600s
2026-05-30 07:45:42,242 INFO gateway.memory_monitor: [MEMORY] rss=428MB gc=(390, 10, 4) threads=12 uptime=243900s
2026-05-30 07:50:42,242 INFO gateway.memory_monitor: [MEMORY] rss=428MB gc=(666, 11, 4) threads=12 uptime=244200s
2026-05-30 07:55:42,243 INFO gateway.memory_monitor: [MEMORY] rss=428MB gc=(281, 1, 5) threads=12 uptime=244500s
2026-05-30 07:55:47,593 INFO gateway.run: Agent cache idle-TTL evict: session=agent:main:telegram:dm:8174123879 (idle=3786s)
2026-05-30 07:55:47,594 INFO gateway.run: Agent cache idle sweep: evicted 1 agent(s)
2026-05-30 08:00:42,243 INFO gateway.memory_monitor: [MEMORY] rss=428MB gc=(1, 8, 10) threads=15 uptime=244800s
2026-05-30 08:05:42,244 INFO gateway.memory_monitor: [MEMORY] rss=428MB gc=(203, 0, 15) threads=12 uptime=245100s
2026-05-30 08:10:42,244 INFO gateway.memory_monitor: [MEMORY] rss=428MB gc=(489, 1, 15) threads=12 uptime=245400s
2026-05-30 08:15:42,245 INFO gateway.memory_monitor: [MEMORY] rss=428MB gc=(208, 3, 15) threads=12 uptime=245700s
2026-05-30 08:20:42,245 INFO gateway.memory_monitor: [MEMORY] rss=428MB gc=(1, 5, 15) threads=12 uptime=246000s
2026-05-30 08:25:42,246 INFO gateway.memory_monitor: [MEMORY] rss=428MB gc=(308, 6, 15) threads=12 uptime=246300s
2026-05-30 08:30:42,246 INFO gateway.memory_monitor: [MEMORY] rss=428MB gc=(542, 7, 15) threads=12 uptime=246600s
2026-05-30 08:35:42,247 INFO gateway.memory_monitor: [MEMORY] rss=428MB gc=(145, 9, 15) threads=12 uptime=246900s
2026-05-30 08:40:42,247 INFO gateway.memory_monitor: [MEMORY] rss=428MB gc=(578, 10, 15) threads=12 uptime=247200s
2026-05-30 08:45:42,248 INFO gateway.memory_monitor: [MEMORY] rss=428MB gc=(228, 0, 16) threads=12 uptime=247500s
2026-05-30 08:50:42,248 INFO gateway.memory_monitor: [MEMORY] rss=428MB gc=(463, 1, 16) threads=12 uptime=247800s
2026-05-30 08:55:42,249 INFO gateway.memory_monitor: [MEMORY] rss=428MB gc=(284, 3, 16) threads=12 uptime=248100s
2026-05-30 09:00:42,249 INFO gateway.memory_monitor: [MEMORY] rss=428MB gc=(504, 4, 16) threads=12 uptime=248400s
2026-05-30 09:05:42,250 INFO gateway.memory_monitor: [MEMORY] rss=428MB gc=(166, 6, 16) threads=12 uptime=248700s
2026-05-30 09:10:42,250 INFO gateway.memory_monitor: [MEMORY] rss=428MB gc=(380, 7, 16) threads=12 uptime=249000s
2026-05-30 09:15:42,251 INFO gateway.memory_monitor: [MEMORY] rss=428MB gc=(283, 9, 16) threads=12 uptime=249300s
2026-05-30 09:20:42,251 INFO gateway.memory_monitor: [MEMORY] rss=428MB gc=(503, 10, 16) threads=12 uptime=249600s
2026-05-30 09:25:42,252 INFO gateway.memory_monitor: [MEMORY] rss=428MB gc=(135, 0, 17) threads=12 uptime=249900s
2026-05-30 09:30:42,252 INFO gateway.memory_monitor: [MEMORY] rss=428MB gc=(345, 1, 17) threads=12 uptime=250200s
2026-05-30 09:35:42,253 INFO gateway.memory_monitor: [MEMORY] rss=428MB gc=(205, 3, 17) threads=12 uptime=250500s
2026-05-30 09:40:42,253 INFO gateway.memory_monitor: [MEMORY] rss=428MB gc=(407, 4, 17) threads=12 uptime=250800s
2026-05-30 09:45:42,254 INFO gateway.memory_monitor: [MEMORY] rss=428MB gc=(103, 6, 17) threads=12 uptime=251100s
2026-05-30 09:50:42,254 INFO gateway.memory_monitor: [MEMORY] rss=428MB gc=(315, 7, 17) threads=12 uptime=251400s
2026-05-30 09:55:42,255 INFO gateway.memory_monitor: [MEMORY] rss=428MB gc=(142, 9, 17) threads=12 uptime=251700s
2026-05-30 10:00:42,255 INFO gateway.memory_monitor: [MEMORY] rss=428MB gc=(406, 10, 17) threads=12 uptime=252000s
2026-05-30 10:05:42,256 INFO gateway.memory_monitor: [MEMORY] rss=428MB gc=(104, 0, 18) threads=12 uptime=252300s
2026-05-30 10:10:42,256 INFO gateway.memory_monitor: [MEMORY] rss=428MB gc=(313, 1, 18) threads=12 uptime=252600s
2026-05-30 10:15:42,258 INFO gateway.memory_monitor: [MEMORY] rss=428MB gc=(238, 3, 18) threads=12 uptime=252900s
2026-05-30 10:20:42,258 INFO gateway.memory_monitor: [MEMORY] rss=428MB gc=(400, 4, 18) threads=12 uptime=253200s
2026-05-30 10:25:42,259 INFO gateway.memory_monitor: [MEMORY] rss=428MB gc=(103, 6, 18) threads=12 uptime=253500s
2026-05-30 10:30:42,259 INFO gateway.memory_monitor: [MEMORY] rss=428MB gc=(305, 7, 18) threads=12 uptime=253800s
2026-05-30 10:35:42,260 INFO gateway.memory_monitor: [MEMORY] rss=428MB gc=(142, 9, 18) threads=12 uptime=254100s
2026-05-30 10:40:42,260 INFO gateway.memory_monitor: [MEMORY] rss=428MB gc=(401, 10, 18) threads=12 uptime=254400s
2026-05-30 10:45:42,261 INFO gateway.memory_monitor: [MEMORY] rss=428MB gc=(635, 11, 18) threads=12 uptime=254700s
2026-05-30 10:50:42,261 INFO gateway.memory_monitor: [MEMORY] rss=428MB gc=(253, 1, 19) threads=12 uptime=255000s
2026-05-30 10:55:42,262 INFO gateway.memory_monitor: [MEMORY] rss=428MB gc=(111, 3, 19) threads=12 uptime=255300s
2026-05-30 11:00:42,262 INFO gateway.memory_monitor: [MEMORY] rss=428MB gc=(338, 4, 19) threads=12 uptime=255600s
2026-05-30 11:05:42,263 INFO gateway.memory_monitor: [MEMORY] rss=428MB gc=(608, 5, 19) threads=12 uptime=255900s
2026-05-30 11:10:42,264 INFO gateway.memory_monitor: [MEMORY] rss=428MB gc=(255, 7, 19) threads=12 uptime=256200s
2026-05-30 11:15:42,264 INFO gateway.memory_monitor: [MEMORY] rss=428MB gc=(141, 9, 19) threads=12 uptime=256500s
2026-05-30 11:20:42,264 INFO gateway.memory_monitor: [MEMORY] rss=428MB gc=(400, 10, 19) threads=12 uptime=256800s
2026-05-30 11:25:42,265 INFO gateway.memory_monitor: [MEMORY] rss=428MB gc=(613, 11, 19) threads=12 uptime=257100s
2026-05-30 11:30:42,266 INFO gateway.memory_monitor: [MEMORY] rss=428MB gc=(255, 1, 20) threads=12 uptime=257400s
2026-05-30 11:35:42,266 INFO gateway.memory_monitor: [MEMORY] rss=428MB gc=(104, 3, 20) threads=12 uptime=257700s
2026-05-30 11:40:42,267 INFO gateway.memory_monitor: [MEMORY] rss=428MB gc=(337, 4, 20) threads=12 uptime=258000s
2026-05-30 11:45:42,267 INFO gateway.memory_monitor: [MEMORY] rss=428MB gc=(551, 5, 20) threads=12 uptime=258300s
2026-05-30 11:50:42,268 INFO gateway.memory_monitor: [MEMORY] rss=428MB gc=(206, 7, 20) threads=12 uptime=258600s
2026-05-30 11:55:42,268 INFO gateway.memory_monitor: [MEMORY] rss=428MB gc=(634, 8, 20) threads=12 uptime=258900s
2026-05-30 12:00:42,269 INFO gateway.memory_monitor: [MEMORY] rss=428MB gc=(282, 10, 20) threads=12 uptime=259200s
2026-05-30 12:05:42,269 INFO gateway.memory_monitor: [MEMORY] rss=428MB gc=(549, 11, 20) threads=12 uptime=259500s
2026-05-30 12:10:42,270 INFO gateway.memory_monitor: [MEMORY] rss=428MB gc=(205, 1, 21) threads=12 uptime=259800s
2026-05-30 12:15:42,270 INFO gateway.memory_monitor: [MEMORY] rss=428MB gc=(104, 3, 21) threads=12 uptime=260100s
2026-05-30 12:20:42,271 INFO gateway.memory_monitor: [MEMORY] rss=428MB gc=(313, 4, 21) threads=12 uptime=260400s
2026-05-30 12:25:42,271 INFO gateway.memory_monitor: [MEMORY] rss=428MB gc=(550, 5, 21) threads=12 uptime=260700s
2026-05-30 12:30:42,272 INFO gateway.memory_monitor: [MEMORY] rss=428MB gc=(175, 7, 21) threads=12 uptime=261000s
2026-05-30 12:35:42,272 INFO gateway.memory_monitor: [MEMORY] rss=428MB gc=(634, 8, 21) threads=12 uptime=261300s
2026-05-30 12:40:42,273 INFO gateway.memory_monitor: [MEMORY] rss=428MB gc=(282, 10, 21) threads=12 uptime=261600s
2026-05-30 12:45:42,273 INFO gateway.memory_monitor: [MEMORY] rss=428MB gc=(520, 11, 21) threads=12 uptime=261900s
2026-05-30 12:50:42,274 INFO gateway.memory_monitor: [MEMORY] rss=428MB gc=(143, 1, 22) threads=12 uptime=262200s
2026-05-30 12:55:42,274 INFO gateway.memory_monitor: [MEMORY] rss=428MB gc=(602, 2, 22) threads=12 uptime=262500s
2026-05-30 13:00:42,275 INFO gateway.memory_monitor: [MEMORY] rss=428MB gc=(220, 4, 22) threads=12 uptime=262800s
2026-05-30 13:05:42,275 INFO gateway.memory_monitor: [MEMORY] rss=428MB gc=(471, 5, 22) threads=12 uptime=263100s
2026-05-30 13:10:42,276 INFO gateway.memory_monitor: [MEMORY] rss=428MB gc=(113, 7, 22) threads=12 uptime=263400s
2026-05-30 13:15:42,276 INFO gateway.memory_monitor: [MEMORY] rss=428MB gc=(576, 8, 22) threads=12 uptime=263700s
2026-05-30 13:20:42,277 INFO gateway.memory_monitor: [MEMORY] rss=428MB gc=(223, 10, 22) threads=12 uptime=264000s
2026-05-30 13:25:42,277 INFO gateway.memory_monitor: [MEMORY] rss=428MB gc=(457, 11, 22) threads=12 uptime=264300s
2026-05-30 13:30:42,278 INFO gateway.memory_monitor: [MEMORY] rss=428MB gc=(313, 1, 23) threads=12 uptime=264600s
2026-05-30 13:35:42,278 INFO gateway.memory_monitor: [MEMORY] rss=428MB gc=(529, 2, 23) threads=12 uptime=264900s
2026-05-30 13:40:42,279 INFO gateway.memory_monitor: [MEMORY] rss=428MB gc=(172, 4, 23) threads=12 uptime=265200s
2026-05-30 13:45:00,464 INFO gateway.platforms.telegram: [Telegram] Flushing text batch agent:main:telegram:dm:8174123879 (67 chars)
2026-05-30 13:45:00,465 INFO gateway.run: inbound message: platform=telegram user=T chat=8174123879 msg="1, yes. 2, no that'll get picked up regularly.   Good morning Judge"
2026-05-30 13:45:11,113 INFO gateway.run: response ready: platform=telegram chat=8174123879 time=10.6s api_calls=1 response=375 chars
2026-05-30 13:45:11,114 WARNING gateway.run: Dropping watch notification with no routing metadata for process proc_04d84bbfbd7c
2026-05-30 13:45:11,117 INFO gateway.platforms.base: [Telegram] Sending response (375 chars) to 8174123879
2026-05-30 13:45:42,279 INFO gateway.memory_monitor: [MEMORY] rss=428MB gc=(166, 6, 24) threads=12 uptime=265500s
2026-05-30 13:46:00,975 INFO gateway.platforms.telegram: [Telegram] Flushing text batch agent:main:telegram:dm:8174123879 (68 chars)
2026-05-30 13:46:00,975 INFO gateway.run: inbound message: platform=telegram user=T chat=8174123879 msg='I want to ask your opinion about something.   What am I doing wrong?'
2026-05-30 13:46:10,903 INFO gateway.run: response ready: platform=telegram chat=8174123879 time=9.9s api_calls=1 response=1861 chars
2026-05-30 13:46:10,907 INFO gateway.platforms.base: [Telegram] Sending response (1861 chars) to 8174123879
2026-05-30 13:50:42,280 INFO gateway.memory_monitor: [MEMORY] rss=428MB gc=(251, 3, 25) threads=12 uptime=265800s
2026-05-30 13:53:56,832 INFO gateway.platforms.telegram: [Telegram] Flushing text batch agent:main:telegram:dm:8174123879 (674 chars)
2026-05-30 13:53:56,833 INFO gateway.run: inbound message: platform=telegram user=T chat=8174123879 msg="Alright, combat, that's the top priority right now. There's still gaps. I just c"
2026-05-30 13:55:42,280 INFO gateway.memory_monitor: [MEMORY] rss=428MB gc=(378, 9, 29) threads=23 uptime=266100s
2026-05-30 14:00:42,281 INFO gateway.memory_monitor: [MEMORY] rss=432MB gc=(179, 5, 0) threads=24 uptime=266400s
2026-05-30 14:05:42,282 INFO gateway.memory_monitor: [MEMORY] rss=435MB gc=(4, 0, 4) threads=13 uptime=266700s
2026-05-30 14:07:23,419 INFO [20260530_064257_a818e15e] gateway.run: Session split detected: 20260530_064257_a818e15e → 20260530_140532_573ce6 (compression)
2026-05-30 14:07:23,460 INFO gateway.run: response ready: platform=telegram chat=8174123879 time=806.6s api_calls=16 response=3590 chars
2026-05-30 14:07:23,478 INFO gateway.platforms.base: [Telegram] Sending response (3590 chars) to 8174123879
2026-05-30 14:10:42,282 INFO gateway.memory_monitor: [MEMORY] rss=435MB gc=(427, 11, 5) threads=12 uptime=267000s
2026-05-30 14:15:42,283 INFO gateway.memory_monitor: [MEMORY] rss=435MB gc=(277, 1, 6) threads=12 uptime=267300s
2026-05-30 14:20:42,283 INFO gateway.memory_monitor: [MEMORY] rss=435MB gc=(510, 2, 6) threads=12 uptime=267600s
2026-05-30 14:25:42,284 INFO gateway.memory_monitor: [MEMORY] rss=435MB gc=(143, 4, 6) threads=12 uptime=267900s
2026-05-30 14:30:42,284 INFO gateway.memory_monitor: [MEMORY] rss=435MB gc=(379, 5, 6) threads=12 uptime=268200s
2026-05-30 14:35:42,285 INFO gateway.memory_monitor: [MEMORY] rss=435MB gc=(215, 7, 6) threads=12 uptime=268500s
2026-05-30 14:40:42,285 INFO gateway.memory_monitor: [MEMORY] rss=435MB gc=(448, 8, 6) threads=12 uptime=268800s
2026-05-30 14:45:42,286 INFO gateway.memory_monitor: [MEMORY] rss=435MB gc=(112, 10, 6) threads=12 uptime=269100s
2026-05-30 14:50:42,286 INFO gateway.memory_monitor: [MEMORY] rss=435MB gc=(348, 11, 6) threads=12 uptime=269400s
2026-05-30 14:55:42,287 INFO gateway.memory_monitor: [MEMORY] rss=435MB gc=(215, 1, 7) threads=12 uptime=269700s
2026-05-30 15:00:42,287 INFO gateway.memory_monitor: [MEMORY] rss=435MB gc=(273, 4, 8) threads=15 uptime=270000s
2026-05-30 15:05:42,288 INFO gateway.memory_monitor: [MEMORY] rss=435MB gc=(109, 10, 10) threads=12 uptime=270300s
2026-05-30 15:10:42,288 INFO gateway.memory_monitor: [MEMORY] rss=435MB gc=(337, 11, 10) threads=12 uptime=270600s
2026-05-30 15:11:13,025 INFO gateway.run: Agent cache idle-TTL evict: session=agent:main:telegram:dm:8174123879 (idle=3830s)
2026-05-30 15:11:13,026 INFO gateway.run: Agent cache idle sweep: evicted 1 agent(s)
2026-05-30 15:15:42,289 INFO gateway.memory_monitor: [MEMORY] rss=435MB gc=(166, 1, 11) threads=12 uptime=270900s
2026-05-30 15:20:42,289 INFO gateway.memory_monitor: [MEMORY] rss=435MB gc=(391, 2, 11) threads=12 uptime=271200s
2026-05-30 15:25:42,290 INFO gateway.memory_monitor: [MEMORY] rss=435MB gc=(646, 3, 11) threads=12 uptime=271500s
2026-05-30 15:30:42,291 INFO gateway.memory_monitor: [MEMORY] rss=435MB gc=(280, 5, 11) threads=12 uptime=271800s
2026-05-30 15:35:42,291 INFO gateway.memory_monitor: [MEMORY] rss=435MB gc=(166, 7, 11) threads=12 uptime=272100s
2026-05-30 15:40:42,292 INFO gateway.memory_monitor: [MEMORY] rss=435MB gc=(392, 8, 11) threads=12 uptime=272400s
2026-05-30 15:45:42,292 INFO gateway.memory_monitor: [MEMORY] rss=435MB gc=(646, 9, 11) threads=12 uptime=272700s
2026-05-30 15:50:42,293 INFO gateway.memory_monitor: [MEMORY] rss=435MB gc=(279, 11, 11) threads=12 uptime=273000s
2026-05-30 15:55:42,293 INFO gateway.memory_monitor: [MEMORY] rss=435MB gc=(135, 1, 12) threads=12 uptime=273300s
2026-05-30 16:00:42,294 INFO gateway.memory_monitor: [MEMORY] rss=435MB gc=(344, 2, 12) threads=12 uptime=273600s
2026-05-30 16:05:42,294 INFO gateway.memory_monitor: [MEMORY] rss=435MB gc=(592, 3, 12) threads=12 uptime=273900s
2026-05-30 16:10:42,295 INFO gateway.memory_monitor: [MEMORY] rss=435MB gc=(249, 5, 12) threads=12 uptime=274200s
2026-05-30 16:15:42,295 INFO gateway.memory_monitor: [MEMORY] rss=435MB gc=(135, 7, 12) threads=12 uptime=274500s
2026-05-30 16:20:42,296 INFO gateway.memory_monitor: [MEMORY] rss=435MB gc=(344, 8, 12) threads=12 uptime=274800s
2026-05-30 16:25:42,296 INFO gateway.memory_monitor: [MEMORY] rss=435MB gc=(545, 9, 12) threads=12 uptime=275100s
2026-05-30 16:30:42,297 INFO gateway.memory_monitor: [MEMORY] rss=435MB gc=(245, 11, 12) threads=12 uptime=275400s
2026-05-30 16:35:42,297 INFO gateway.memory_monitor: [MEMORY] rss=435MB gc=(654, 0, 13) threads=12 uptime=275700s
2026-05-30 16:40:42,298 INFO gateway.memory_monitor: [MEMORY] rss=435MB gc=(343, 2, 13) threads=12 uptime=276000s
2026-05-30 16:45:42,298 INFO gateway.memory_monitor: [MEMORY] rss=435MB gc=(545, 3, 13) threads=12 uptime=276300s
2026-05-30 16:50:42,299 INFO gateway.memory_monitor: [MEMORY] rss=435MB gc=(214, 5, 13) threads=12 uptime=276600s
2026-05-30 16:55:42,299 INFO gateway.memory_monitor: [MEMORY] rss=435MB gc=(624, 6, 13) threads=12 uptime=276900s
2026-05-30 17:00:42,300 INFO gateway.memory_monitor: [MEMORY] rss=435MB gc=(278, 8, 13) threads=12 uptime=277200s
2026-05-30 17:05:42,300 INFO gateway.memory_monitor: [MEMORY] rss=435MB gc=(544, 9, 13) threads=12 uptime=277500s
2026-05-30 17:10:42,301 INFO gateway.memory_monitor: [MEMORY] rss=435MB gc=(157, 11, 13) threads=12 uptime=277800s
2026-05-30 17:15:42,301 INFO gateway.memory_monitor: [MEMORY] rss=435MB gc=(629, 0, 14) threads=12 uptime=278100s
2026-05-30 17:20:42,302 INFO gateway.memory_monitor: [MEMORY] rss=435MB gc=(277, 2, 14) threads=12 uptime=278400s
2026-05-30 17:25:42,303 INFO gateway.memory_monitor: [MEMORY] rss=435MB gc=(543, 3, 14) threads=12 uptime=278700s
2026-05-30 17:30:42,303 INFO gateway.memory_monitor: [MEMORY] rss=435MB gc=(157, 5, 14) threads=12 uptime=279000s
2026-05-30 17:35:42,303 INFO gateway.memory_monitor: [MEMORY] rss=435MB gc=(594, 6, 14) threads=12 uptime=279300s
2026-05-30 17:40:42,304 INFO gateway.memory_monitor: [MEMORY] rss=435MB gc=(245, 8, 14) threads=12 uptime=279600s
2026-05-30 17:45:42,304 INFO gateway.memory_monitor: [MEMORY] rss=435MB gc=(481, 9, 14) threads=12 uptime=279900s
2026-05-30 17:50:42,305 INFO gateway.memory_monitor: [MEMORY] rss=435MB gc=(111, 11, 14) threads=12 uptime=280200s
2026-05-30 17:55:42,306 INFO gateway.memory_monitor: [MEMORY] rss=435MB gc=(562, 0, 15) threads=12 uptime=280500s
2026-05-30 18:00:42,306 INFO gateway.memory_monitor: [MEMORY] rss=435MB gc=(215, 2, 15) threads=12 uptime=280800s
2026-05-30 18:05:42,307 INFO gateway.memory_monitor: [MEMORY] rss=435MB gc=(450, 3, 15) threads=12 uptime=281100s
2026-05-30 18:10:42,307 INFO gateway.memory_monitor: [MEMORY] rss=435MB gc=(108, 5, 15) threads=12 uptime=281400s
2026-05-30 18:15:42,308 INFO gateway.memory_monitor: [MEMORY] rss=435MB gc=(595, 6, 15) threads=12 uptime=281700s
2026-05-30 18:20:42,308 INFO gateway.memory_monitor: [MEMORY] rss=435MB gc=(245, 8, 15) threads=12 uptime=282000s
2026-05-30 18:25:42,309 INFO gateway.memory_monitor: [MEMORY] rss=435MB gc=(481, 9, 15) threads=12 uptime=282300s
2026-05-30 18:30:42,309 INFO gateway.memory_monitor: [MEMORY] rss=435MB gc=(111, 11, 15) threads=12 uptime=282600s
2026-05-30 18:35:42,310 INFO gateway.memory_monitor: [MEMORY] rss=435MB gc=(562, 0, 16) threads=12 uptime=282900s
2026-05-30 18:40:42,310 INFO gateway.memory_monitor: [MEMORY] rss=435MB gc=(184, 2, 16) threads=12 uptime=283200s
2026-05-30 18:45:42,311 INFO gateway.memory_monitor: [MEMORY] rss=435MB gc=(450, 3, 16) threads=12 uptime=283500s
2026-05-30 18:50:42,312 INFO gateway.memory_monitor: [MEMORY] rss=435MB gc=(248, 5, 16) threads=12 uptime=283800s
2026-05-30 18:55:42,312 INFO gateway.memory_monitor: [MEMORY] rss=435MB gc=(514, 6, 16) threads=12 uptime=284100s
2026-05-30 19:00:42,313 INFO gateway.memory_monitor: [MEMORY] rss=435MB gc=(152, 8, 16) threads=12 uptime=284400s
2026-05-30 19:05:42,313 INFO gateway.memory_monitor: [MEMORY] rss=435MB gc=(388, 9, 16) threads=12 uptime=284700s
2026-05-30 19:10:42,314 INFO gateway.memory_monitor: [MEMORY] rss=435MB gc=(219, 11, 16) threads=12 uptime=285000s
2026-05-30 19:15:42,314 INFO gateway.memory_monitor: [MEMORY] rss=435MB gc=(487, 0, 17) threads=12 uptime=285300s
2026-05-30 19:20:42,315 INFO gateway.memory_monitor: [MEMORY] rss=435MB gc=(153, 2, 17) threads=12 uptime=285600s
2026-05-30 19:25:42,315 INFO gateway.memory_monitor: [MEMORY] rss=435MB gc=(388, 3, 17) threads=12 uptime=285900s
2026-05-30 19:30:42,316 INFO gateway.memory_monitor: [MEMORY] rss=435MB gc=(219, 5, 17) threads=12 uptime=286200s
2026-05-30 19:35:42,316 INFO gateway.memory_monitor: [MEMORY] rss=435MB gc=(453, 6, 17) threads=12 uptime=286500s
2026-05-30 19:40:42,317 INFO gateway.memory_monitor: [MEMORY] rss=435MB gc=(105, 8, 17) threads=12 uptime=286800s
2026-05-30 19:45:42,317 INFO gateway.memory_monitor: [MEMORY] rss=435MB gc=(356, 9, 17) threads=12 uptime=287100s
2026-05-30 19:50:42,318 INFO gateway.memory_monitor: [MEMORY] rss=435MB gc=(156, 11, 17) threads=12 uptime=287400s
2026-05-30 19:55:42,318 INFO gateway.memory_monitor: [MEMORY] rss=435MB gc=(452, 0, 18) threads=12 uptime=287700s
2026-05-30 20:00:42,319 INFO gateway.memory_monitor: [MEMORY] rss=435MB gc=(104, 2, 18) threads=12 uptime=288000s
2026-05-30 20:05:42,319 INFO gateway.memory_monitor: [MEMORY] rss=435MB gc=(357, 3, 18) threads=12 uptime=288300s
2026-05-30 20:10:42,320 INFO gateway.memory_monitor: [MEMORY] rss=435MB gc=(156, 5, 18) threads=12 uptime=288600s
2026-05-30 20:15:42,320 INFO gateway.memory_monitor: [MEMORY] rss=435MB gc=(389, 6, 18) threads=12 uptime=288900s
2026-05-30 20:20:42,321 INFO gateway.memory_monitor: [MEMORY] rss=435MB gc=(105, 8, 18) threads=12 uptime=289200s
2026-05-30 20:25:42,322 INFO gateway.memory_monitor: [MEMORY] rss=435MB gc=(357, 9, 18) threads=12 uptime=289500s
2026-05-30 20:30:42,322 INFO gateway.memory_monitor: [MEMORY] rss=435MB gc=(157, 11, 18) threads=12 uptime=289800s
2026-05-30 20:35:42,323 INFO gateway.memory_monitor: [MEMORY] rss=435MB gc=(389, 0, 19) threads=12 uptime=290100s
2026-05-30 20:40:42,323 INFO gateway.memory_monitor: [MEMORY] rss=435MB gc=(624, 1, 19) threads=12 uptime=290400s
2026-05-30 20:45:42,324 INFO gateway.memory_monitor: [MEMORY] rss=435MB gc=(309, 3, 19) threads=12 uptime=290700s
2026-05-30 20:50:42,324 INFO gateway.memory_monitor: [MEMORY] rss=435MB gc=(15, 5, 19) threads=12 uptime=291000s
2026-05-30 20:55:42,325 INFO gateway.memory_monitor: [MEMORY] rss=435MB gc=(358, 6, 19) threads=12 uptime=291300s
2026-05-30 21:00:42,325 INFO gateway.memory_monitor: [MEMORY] rss=435MB gc=(594, 7, 19) threads=12 uptime=291600s
2026-05-30 21:05:42,326 INFO gateway.memory_monitor: [MEMORY] rss=435MB gc=(248, 9, 19) threads=12 uptime=291900s
2026-05-30 21:10:42,326 INFO gateway.memory_monitor: [MEMORY] rss=435MB gc=(17, 11, 19) threads=12 uptime=292200s
2026-05-30 21:15:42,327 INFO gateway.memory_monitor: [MEMORY] rss=435MB gc=(312, 0, 20) threads=12 uptime=292500s
2026-05-30 21:20:42,327 INFO gateway.memory_monitor: [MEMORY] rss=435MB gc=(575, 1, 20) threads=12 uptime=292800s
2026-05-30 21:25:42,328 INFO gateway.memory_monitor: [MEMORY] rss=435MB gc=(230, 3, 20) threads=12 uptime=293100s
2026-05-30 21:30:42,328 INFO gateway.memory_monitor: [MEMORY] rss=435MB gc=(640, 4, 20) threads=12 uptime=293400s
2026-05-30 21:35:42,329 INFO gateway.memory_monitor: [MEMORY] rss=435MB gc=(311, 6, 20) threads=12 uptime=293700s
2026-05-30 21:40:42,329 INFO gateway.memory_monitor: [MEMORY] rss=435MB gc=(545, 7, 20) threads=12 uptime=294000s
2026-05-30 21:45:42,330 INFO gateway.memory_monitor: [MEMORY] rss=435MB gc=(197, 9, 20) threads=12 uptime=294300s
2026-05-30 21:50:42,330 INFO gateway.memory_monitor: [MEMORY] rss=435MB gc=(640, 10, 20) threads=12 uptime=294600s
2026-05-30 21:55:42,331 INFO gateway.memory_monitor: [MEMORY] rss=435MB gc=(264, 0, 21) threads=12 uptime=294900s
2026-05-30 22:00:42,331 INFO gateway.memory_monitor: [MEMORY] rss=435MB gc=(512, 1, 21) threads=12 uptime=295200s
2026-05-30 22:05:42,332 INFO gateway.memory_monitor: [MEMORY] rss=435MB gc=(166, 3, 21) threads=12 uptime=295500s
2026-05-30 22:10:42,332 INFO gateway.memory_monitor: [MEMORY] rss=435MB gc=(609, 4, 21) threads=12 uptime=295800s
2026-05-30 22:15:42,333 INFO gateway.memory_monitor: [MEMORY] rss=435MB gc=(280, 6, 21) threads=12 uptime=296100s
2026-05-30 22:20:42,333 INFO gateway.memory_monitor: [MEMORY] rss=435MB gc=(544, 7, 21) threads=12 uptime=296400s
2026-05-30 22:21:54,514 INFO gateway.run: Image cache cleanup: removed 10 stale file(s)
2026-05-30 22:25:42,334 INFO gateway.memory_monitor: [MEMORY] rss=435MB gc=(168, 9, 21) threads=12 uptime=296700s
2026-05-30 22:30:42,334 INFO gateway.memory_monitor: [MEMORY] rss=435MB gc=(609, 10, 21) threads=12 uptime=297000s
2026-05-30 22:35:42,335 INFO gateway.memory_monitor: [MEMORY] rss=435MB gc=(280, 0, 22) threads=12 uptime=297300s
2026-05-30 22:40:42,335 INFO gateway.memory_monitor: [MEMORY] rss=435MB gc=(513, 1, 22) threads=12 uptime=297600s
2026-05-30 22:45:42,336 INFO gateway.memory_monitor: [MEMORY] rss=435MB gc=(137, 3, 22) threads=12 uptime=297900s
2026-05-30 22:50:42,336 INFO gateway.memory_monitor: [MEMORY] rss=435MB gc=(547, 4, 22) threads=12 uptime=298200s
2026-05-30 22:55:42,337 INFO gateway.memory_monitor: [MEMORY] rss=435MB gc=(201, 6, 22) threads=12 uptime=298500s
2026-05-30 23:00:42,338 INFO gateway.memory_monitor: [MEMORY] rss=435MB gc=(433, 7, 22) threads=12 uptime=298800s
2026-05-30 23:05:42,338 INFO gateway.memory_monitor: [MEMORY] rss=435MB gc=(33, 9, 22) threads=12 uptime=299100s
2026-05-30 23:10:42,339 INFO gateway.memory_monitor: [MEMORY] rss=435MB gc=(515, 10, 22) threads=12 uptime=299400s
2026-05-30 23:15:42,339 INFO gateway.memory_monitor: [MEMORY] rss=435MB gc=(169, 0, 23) threads=12 uptime=299700s
2026-05-30 23:20:42,339 INFO gateway.memory_monitor: [MEMORY] rss=435MB gc=(433, 1, 23) threads=12 uptime=300000s
2026-05-30 23:25:42,340 INFO gateway.memory_monitor: [MEMORY] rss=435MB gc=(33, 3, 23) threads=12 uptime=300300s
2026-05-30 23:30:16,882 INFO gateway.platforms.telegram: [Telegram] Flushing text batch agent:main:telegram:dm:8174123879 (110 chars)
2026-05-30 23:30:16,883 INFO gateway.run: inbound message: platform=telegram user=T chat=8174123879 msg="Okay take every message you've sent me since I've responded and let's break it a"
2026-05-30 23:30:42,340 INFO gateway.memory_monitor: [MEMORY] rss=435MB gc=(378, 4, 24) threads=13 uptime=300600s
2026-05-30 23:31:07,566 INFO gateway.run: response ready: platform=telegram chat=8174123879 time=50.7s api_calls=1 response=10942 chars
2026-05-30 23:31:07,571 INFO gateway.platforms.base: [Telegram] Sending response (10942 chars) to 8174123879
2026-05-30 23:35:42,341 INFO gateway.memory_monitor: [MEMORY] rss=435MB gc=(308, 6, 24) threads=12 uptime=300900s
2026-05-30 23:40:42,341 INFO gateway.memory_monitor: [MEMORY] rss=435MB gc=(543, 7, 24) threads=12 uptime=301200s
2026-05-30 23:45:42,342 INFO gateway.memory_monitor: [MEMORY] rss=435MB gc=(143, 9, 24) threads=12 uptime=301500s
2026-05-30 23:50:42,342 INFO gateway.memory_monitor: [MEMORY] rss=435MB gc=(570, 10, 24) threads=12 uptime=301800s
2026-05-30 23:55:42,343 INFO gateway.memory_monitor: [MEMORY] rss=435MB gc=(228, 0, 25) threads=12 uptime=302100s
2026-05-31 00:00:42,343 INFO gateway.memory_monitor: [MEMORY] rss=435MB gc=(509, 1, 25) threads=12 uptime=302400s
2026-05-31 00:05:42,344 INFO gateway.memory_monitor: [MEMORY] rss=435MB gc=(140, 3, 25) threads=12 uptime=302700s
2026-05-31 00:10:42,345 INFO gateway.memory_monitor: [MEMORY] rss=435MB gc=(576, 4, 25) threads=12 uptime=303000s
2026-05-31 00:15:42,345 INFO gateway.memory_monitor: [MEMORY] rss=435MB gc=(229, 6, 25) threads=12 uptime=303300s
2026-05-31 00:20:42,346 INFO gateway.memory_monitor: [MEMORY] rss=435MB gc=(512, 7, 25) threads=12 uptime=303600s
2026-05-31 00:25:42,346 INFO gateway.memory_monitor: [MEMORY] rss=435MB gc=(111, 9, 25) threads=12 uptime=303900s
2026-05-31 00:30:42,347 INFO gateway.memory_monitor: [MEMORY] rss=435MB gc=(545, 10, 25) threads=12 uptime=304200s
2026-05-31 00:31:51,741 INFO gateway.run: Agent cache idle-TTL evict: session=agent:main:telegram:dm:8174123879 (idle=3644s)
2026-05-31 00:31:51,742 INFO gateway.run: Agent cache idle sweep: evicted 1 agent(s)
2026-05-31 00:35:42,347 INFO gateway.memory_monitor: [MEMORY] rss=435MB gc=(166, 0, 26) threads=12 uptime=304500s
2026-05-31 00:40:42,348 INFO gateway.memory_monitor: [MEMORY] rss=435MB gc=(433, 1, 26) threads=12 uptime=304800s
2026-05-31 00:45:42,348 INFO gateway.memory_monitor: [MEMORY] rss=435MB gc=(104, 3, 26) threads=12 uptime=305100s
2026-05-31 00:50:42,349 INFO gateway.memory_monitor: [MEMORY] rss=435MB gc=(541, 4, 26) threads=12 uptime=305400s
2026-05-31 00:55:42,349 INFO gateway.memory_monitor: [MEMORY] rss=435MB gc=(140, 6, 26) threads=12 uptime=305700s
2026-05-31 01:00:42,350 INFO gateway.memory_monitor: [MEMORY] rss=435MB gc=(407, 7, 26) threads=12 uptime=306000s
2026-05-31 01:05:42,350 INFO gateway.memory_monitor: [MEMORY] rss=435MB gc=(230, 9, 26) threads=12 uptime=306300s
2026-05-31 01:10:42,351 INFO gateway.memory_monitor: [MEMORY] rss=435MB gc=(482, 10, 26) threads=12 uptime=306600s
2026-05-31 01:10:42,477 WARNING gateway.platforms.telegram: [Telegram] Telegram network error, scheduling reconnect: Bad Gateway
2026-05-31 01:10:42,477 WARNING gateway.platforms.telegram: [Telegram] Telegram network error (attempt 1/10), reconnecting in 5s. Error: Bad Gateway
2026-05-31 01:11:11,232 INFO gateway.platforms.telegram: [Telegram] Telegram polling resumed after network error (attempt 1)
2026-05-31 01:15:42,351 INFO gateway.memory_monitor: [MEMORY] rss=435MB gc=(454, 0, 27) threads=12 uptime=306900s
2026-05-31 01:20:42,352 INFO gateway.memory_monitor: [MEMORY] rss=435MB gc=(0, 2, 27) threads=12 uptime=307200s
2026-05-31 01:25:42,352 INFO gateway.memory_monitor: [MEMORY] rss=435MB gc=(513, 3, 27) threads=12 uptime=307500s
2026-05-31 01:30:42,353 INFO gateway.memory_monitor: [MEMORY] rss=435MB gc=(135, 5, 27) threads=12 uptime=307800s
2026-05-31 01:35:42,353 INFO gateway.memory_monitor: [MEMORY] rss=435MB gc=(341, 6, 27) threads=12 uptime=308100s
2026-05-31 01:40:42,354 INFO gateway.memory_monitor: [MEMORY] rss=435MB gc=(578, 7, 27) threads=12 uptime=308400s
2026-05-31 01:45:42,354 INFO gateway.memory_monitor: [MEMORY] rss=435MB gc=(451, 9, 27) threads=12 uptime=308700s
2026-05-31 01:50:42,355 INFO gateway.memory_monitor: [MEMORY] rss=435MB gc=(682, 10, 27) threads=12 uptime=309000s
2026-05-31 01:55:42,355 INFO gateway.memory_monitor: [MEMORY] rss=435MB gc=(281, 0, 28) threads=12 uptime=309300s
2026-05-31 02:00:42,356 INFO gateway.memory_monitor: [MEMORY] rss=435MB gc=(517, 1, 28) threads=12 uptime=309600s
2026-05-31 02:05:42,356 INFO gateway.memory_monitor: [MEMORY] rss=435MB gc=(341, 3, 28) threads=12 uptime=309900s
2026-05-31 02:10:42,357 INFO gateway.memory_monitor: [MEMORY] rss=435MB gc=(603, 4, 28) threads=12 uptime=310200s
2026-05-31 02:15:42,357 INFO gateway.memory_monitor: [MEMORY] rss=435MB gc=(251, 6, 28) threads=12 uptime=310500s
2026-05-31 02:20:42,358 INFO gateway.memory_monitor: [MEMORY] rss=435MB gc=(485, 7, 28) threads=12 uptime=310800s
2026-05-31 02:25:42,358 INFO gateway.memory_monitor: [MEMORY] rss=435MB gc=(310, 9, 28) threads=12 uptime=311100s
2026-05-31 02:30:42,359 INFO gateway.memory_monitor: [MEMORY] rss=435MB gc=(541, 10, 28) threads=12 uptime=311400s
2026-05-31 02:35:42,359 INFO gateway.memory_monitor: [MEMORY] rss=435MB gc=(140, 0, 29) threads=12 uptime=311700s
2026-05-31 02:40:42,360 INFO gateway.memory_monitor: [MEMORY] rss=435MB gc=(407, 1, 29) threads=12 uptime=312000s
2026-05-31 02:45:42,360 INFO gateway.memory_monitor: [MEMORY] rss=435MB gc=(200, 3, 29) threads=12 uptime=312300s
2026-05-31 02:50:42,361 INFO gateway.memory_monitor: [MEMORY] rss=435MB gc=(448, 4, 29) threads=12 uptime=312600s
2026-05-31 02:55:42,361 INFO gateway.memory_monitor: [MEMORY] rss=435MB gc=(644, 5, 29) threads=12 uptime=312900s
2026-05-31 03:00:42,362 INFO gateway.memory_monitor: [MEMORY] rss=435MB gc=(282, 7, 29) threads=12 uptime=313200s
2026-05-31 03:05:42,362 INFO gateway.memory_monitor: [MEMORY] rss=435MB gc=(107, 9, 29) threads=12 uptime=313500s
2026-05-31 03:10:42,363 INFO gateway.memory_monitor: [MEMORY] rss=435MB gc=(400, 10, 29) threads=12 uptime=313800s
2026-05-31 03:15:42,363 INFO gateway.memory_monitor: [MEMORY] rss=435MB gc=(644, 11, 29) threads=12 uptime=314100s
2026-05-31 03:20:42,364 INFO gateway.memory_monitor: [MEMORY] rss=435MB gc=(283, 1, 30) threads=12 uptime=314400s
2026-05-31 03:25:42,364 INFO gateway.memory_monitor: [MEMORY] rss=435MB gc=(107, 3, 30) threads=12 uptime=314700s
2026-05-31 03:30:42,365 INFO gateway.memory_monitor: [MEMORY] rss=435MB gc=(337, 4, 30) threads=12 uptime=315000s
2026-05-31 03:35:42,365 INFO gateway.memory_monitor: [MEMORY] rss=435MB gc=(548, 5, 30) threads=12 uptime=315300s
2026-05-31 03:40:42,366 INFO gateway.memory_monitor: [MEMORY] rss=435MB gc=(220, 7, 30) threads=12 uptime=315600s
2026-05-31 03:45:42,366 INFO gateway.memory_monitor: [MEMORY] rss=435MB gc=(654, 8, 30) threads=12 uptime=315900s
2026-05-31 03:50:42,367 INFO gateway.memory_monitor: [MEMORY] rss=435MB gc=(310, 10, 30) threads=12 uptime=316200s
2026-05-31 03:55:42,367 INFO gateway.memory_monitor: [MEMORY] rss=435MB gc=(549, 11, 30) threads=12 uptime=316500s
2026-05-31 03:57:39,227 INFO gateway.platforms.telegram: [Telegram] Flushing text batch agent:main:telegram:dm:8174123879 (178 chars)
2026-05-31 03:57:39,228 INFO gateway.run: inbound message: platform=telegram user=T chat=8174123879 msg="Okay let's go over all of this during tomorrow's roundtable, this is too much to"
2026-05-31 03:58:08,950 INFO gateway.run: response ready: platform=telegram chat=8174123879 time=29.7s api_calls=4 response=248 chars
2026-05-31 03:58:08,954 INFO gateway.platforms.base: [Telegram] Sending response (248 chars) to 8174123879
2026-05-31 04:00:42,368 INFO gateway.memory_monitor: [MEMORY] rss=435MB gc=(545, 6, 32) threads=12 uptime=316800s
2026-05-31 04:02:03,120 INFO gateway.run: Session expiry: 1 sessions to finalize (telegram:1)
2026-05-31 04:02:03,124 INFO gateway.run: Session expiry done: 1 finalized
2026-05-31 04:05:42,369 INFO gateway.memory_monitor: [MEMORY] rss=435MB gc=(219, 8, 32) threads=12 uptime=317100s
2026-05-31 04:10:42,369 INFO gateway.memory_monitor: [MEMORY] rss=435MB gc=(655, 9, 32) threads=12 uptime=317400s
2026-05-31 04:15:42,370 INFO gateway.memory_monitor: [MEMORY] rss=435MB gc=(310, 11, 32) threads=12 uptime=317700s
2026-05-31 04:20:42,370 INFO gateway.memory_monitor: [MEMORY] rss=435MB gc=(543, 0, 33) threads=12 uptime=318000s
2026-05-31 04:25:42,371 INFO gateway.memory_monitor: [MEMORY] rss=435MB gc=(174, 2, 33) threads=12 uptime=318300s
2026-05-31 04:30:42,371 INFO gateway.memory_monitor: [MEMORY] rss=435MB gc=(625, 3, 33) threads=12 uptime=318600s
2026-05-31 04:35:42,372 INFO gateway.memory_monitor: [MEMORY] rss=435MB gc=(279, 5, 33) threads=12 uptime=318900s
2026-05-31 04:40:42,372 INFO gateway.memory_monitor: [MEMORY] rss=435MB gc=(512, 6, 33) threads=12 uptime=319200s
2026-05-31 04:45:42,373 INFO gateway.memory_monitor: [MEMORY] rss=435MB gc=(111, 8, 33) threads=12 uptime=319500s
2026-05-31 04:50:42,373 INFO gateway.memory_monitor: [MEMORY] rss=435MB gc=(576, 9, 33) threads=12 uptime=319800s
2026-05-31 04:55:42,374 INFO gateway.memory_monitor: [MEMORY] rss=435MB gc=(247, 11, 33) threads=12 uptime=320100s
2026-05-31 05:00:42,374 INFO gateway.memory_monitor: [MEMORY] rss=435MB gc=(481, 0, 34) threads=12 uptime=320400s
2026-05-31 05:05:42,375 INFO gateway.memory_monitor: [MEMORY] rss=435MB gc=(109, 2, 34) threads=12 uptime=320700s
2026-05-31 05:10:42,375 INFO gateway.memory_monitor: [MEMORY] rss=435MB gc=(576, 3, 34) threads=12 uptime=321000s
2026-05-31 05:15:42,376 INFO gateway.memory_monitor: [MEMORY] rss=435MB gc=(247, 5, 34) threads=12 uptime=321300s
2026-05-31 05:20:42,376 INFO gateway.memory_monitor: [MEMORY] rss=435MB gc=(454, 6, 34) threads=12 uptime=321600s
2026-05-31 05:25:42,377 INFO gateway.memory_monitor: [MEMORY] rss=435MB gc=(79, 8, 34) threads=12 uptime=321900s
2026-05-31 05:30:42,377 INFO gateway.memory_monitor: [MEMORY] rss=435MB gc=(513, 9, 34) threads=12 uptime=322200s
2026-05-31 05:35:42,378 INFO gateway.memory_monitor: [MEMORY] rss=435MB gc=(168, 11, 34) threads=12 uptime=322500s
2026-05-31 05:40:42,378 INFO gateway.memory_monitor: [MEMORY] rss=435MB gc=(393, 0, 35) threads=12 uptime=322800s
2026-05-31 05:45:42,379 INFO gateway.memory_monitor: [MEMORY] rss=435MB gc=(249, 2, 35) threads=12 uptime=323100s
2026-05-31 05:50:42,379 INFO gateway.memory_monitor: [MEMORY] rss=435MB gc=(514, 3, 35) threads=12 uptime=323400s
2026-05-31 05:55:42,380 INFO gateway.memory_monitor: [MEMORY] rss=435MB gc=(168, 5, 35) threads=12 uptime=323700s
2026-05-31 06:00:42,380 INFO gateway.memory_monitor: [MEMORY] rss=435MB gc=(393, 6, 35) threads=12 uptime=324000s
2026-05-31 06:05:42,381 INFO gateway.memory_monitor: [MEMORY] rss=435MB gc=(249, 8, 35) threads=12 uptime=324300s
2026-05-31 06:10:42,382 INFO gateway.memory_monitor: [MEMORY] rss=435MB gc=(482, 9, 35) threads=12 uptime=324600s
2026-05-31 06:15:42,382 INFO gateway.memory_monitor: [MEMORY] rss=435MB gc=(165, 11, 35) threads=12 uptime=324900s
2026-05-31 06:20:42,383 INFO gateway.memory_monitor: [MEMORY] rss=435MB gc=(394, 0, 36) threads=12 uptime=325200s
2026-05-31 06:25:42,383 INFO gateway.memory_monitor: [MEMORY] rss=435MB gc=(249, 2, 36) threads=12 uptime=325500s
2026-05-31 06:30:42,384 INFO gateway.memory_monitor: [MEMORY] rss=435MB gc=(482, 3, 36) threads=12 uptime=325800s
2026-05-31 06:35:42,384 INFO gateway.memory_monitor: [MEMORY] rss=435MB gc=(104, 5, 36) threads=12 uptime=326100s
2026-05-31 06:40:42,385 INFO gateway.memory_monitor: [MEMORY] rss=435MB gc=(345, 6, 36) threads=12 uptime=326400s
2026-05-31 06:45:42,385 INFO gateway.memory_monitor: [MEMORY] rss=435MB gc=(169, 8, 36) threads=12 uptime=326700s
2026-05-31 06:50:42,386 INFO gateway.memory_monitor: [MEMORY] rss=435MB gc=(451, 9, 36) threads=12 uptime=327000s
2026-05-31 06:55:42,386 INFO gateway.memory_monitor: [MEMORY] rss=435MB gc=(655, 10, 36) threads=12 uptime=327300s
2026-05-31 07:00:42,387 INFO gateway.memory_monitor: [MEMORY] rss=435MB gc=(312, 0, 37) threads=12 uptime=327600s
2026-05-31 07:05:42,387 INFO gateway.memory_monitor: [MEMORY] rss=435MB gc=(139, 2, 37) threads=12 uptime=327900s
2026-05-31 07:10:42,388 INFO gateway.memory_monitor: [MEMORY] rss=435MB gc=(451, 3, 37) threads=12 uptime=328200s
2026-05-31 07:15:42,388 INFO gateway.memory_monitor: [MEMORY] rss=435MB gc=(1, 5, 37) threads=12 uptime=328500s
2026-05-31 07:20:42,389 INFO gateway.memory_monitor: [MEMORY] rss=435MB gc=(345, 6, 37) threads=12 uptime=328800s
2026-05-31 07:25:42,390 INFO gateway.memory_monitor: [MEMORY] rss=435MB gc=(138, 8, 37) threads=12 uptime=329100s
2026-05-31 07:30:42,390 INFO gateway.memory_monitor: [MEMORY] rss=435MB gc=(371, 9, 37) threads=12 uptime=329400s
2026-05-31 07:35:42,391 INFO gateway.memory_monitor: [MEMORY] rss=435MB gc=(590, 10, 37) threads=12 uptime=329700s
2026-05-31 07:40:42,391 INFO gateway.memory_monitor: [MEMORY] rss=435MB gc=(250, 0, 38) threads=12 uptime=330000s
2026-05-31 07:45:42,391 INFO gateway.memory_monitor: [MEMORY] rss=435MB gc=(0, 2, 38) threads=12 uptime=330300s
2026-05-31 07:50:42,392 INFO gateway.memory_monitor: [MEMORY] rss=435MB gc=(339, 3, 38) threads=12 uptime=330600s
2026-05-31 07:55:42,392 INFO gateway.memory_monitor: [MEMORY] rss=435MB gc=(590, 4, 38) threads=12 uptime=330900s
2026-05-31 08:00:42,393 INFO gateway.memory_monitor: [MEMORY] rss=435MB gc=(250, 6, 38) threads=12 uptime=331200s
2026-05-31 08:05:42,393 INFO gateway.memory_monitor: [MEMORY] rss=435MB gc=(343, 10, 42) threads=12 uptime=331500s
2026-05-31 08:10:42,394 INFO gateway.memory_monitor: [MEMORY] rss=435MB gc=(600, 11, 42) threads=12 uptime=331800s
2026-05-31 08:15:42,395 INFO gateway.memory_monitor: [MEMORY] rss=435MB gc=(260, 1, 43) threads=12 uptime=332100s
2026-05-31 08:20:42,395 INFO gateway.memory_monitor: [MEMORY] rss=435MB gc=(530, 2, 43) threads=12 uptime=332400s
2026-05-31 08:25:42,396 INFO gateway.memory_monitor: [MEMORY] rss=435MB gc=(355, 4, 43) threads=12 uptime=332700s
2026-05-31 08:30:42,396 INFO gateway.memory_monitor: [MEMORY] rss=435MB gc=(604, 5, 43) threads=12 uptime=333000s
2026-05-31 08:35:42,397 INFO gateway.memory_monitor: [MEMORY] rss=435MB gc=(198, 7, 43) threads=12 uptime=333300s
2026-05-31 08:40:42,397 INFO gateway.memory_monitor: [MEMORY] rss=435MB gc=(436, 8, 43) threads=12 uptime=333600s
2026-05-31 08:45:42,397 INFO gateway.memory_monitor: [MEMORY] rss=435MB gc=(261, 10, 43) threads=12 uptime=333900s
2026-05-31 08:50:42,398 INFO gateway.memory_monitor: [MEMORY] rss=435MB gc=(494, 11, 43) threads=12 uptime=334200s
2026-05-31 08:55:42,398 INFO gateway.memory_monitor: [MEMORY] rss=435MB gc=(150, 1, 44) threads=12 uptime=334500s
2026-05-31 09:00:42,399 INFO gateway.memory_monitor: [MEMORY] rss=435MB gc=(406, 2, 44) threads=12 uptime=334800s
2026-05-31 09:05:42,399 INFO gateway.memory_monitor: [MEMORY] rss=435MB gc=(229, 4, 44) threads=12 uptime=335100s
2026-05-31 09:10:42,400 INFO gateway.memory_monitor: [MEMORY] rss=435MB gc=(462, 5, 44) threads=12 uptime=335400s
2026-05-31 09:15:42,400 INFO gateway.memory_monitor: [MEMORY] rss=435MB gc=(107, 7, 44) threads=12 uptime=335700s
2026-05-31 09:20:42,401 INFO gateway.memory_monitor: [MEMORY] rss=435MB gc=(357, 8, 44) threads=12 uptime=336000s
2026-05-31 09:25:42,401 INFO gateway.memory_monitor: [MEMORY] rss=435MB gc=(198, 10, 44) threads=12 uptime=336300s
2026-05-31 09:30:42,402 INFO gateway.memory_monitor: [MEMORY] rss=435MB gc=(405, 11, 44) threads=12 uptime=336600s
2026-05-31 09:35:42,402 INFO gateway.memory_monitor: [MEMORY] rss=435MB gc=(644, 0, 45) threads=12 uptime=336900s
2026-05-31 09:40:42,403 INFO gateway.memory_monitor: [MEMORY] rss=435MB gc=(270, 2, 45) threads=12 uptime=337200s
2026-05-31 09:45:42,403 INFO gateway.memory_monitor: [MEMORY] rss=435MB gc=(104, 4, 45) threads=12 uptime=337500s
2026-05-31 09:50:42,404 INFO gateway.memory_monitor: [MEMORY] rss=435MB gc=(326, 5, 45) threads=12 uptime=337800s
2026-05-31 09:55:42,405 INFO gateway.memory_monitor: [MEMORY] rss=435MB gc=(581, 6, 45) threads=12 uptime=338100s
2026-05-31 10:00:42,405 INFO gateway.memory_monitor: [MEMORY] rss=435MB gc=(207, 8, 45) threads=12 uptime=338400s
2026-05-31 10:05:42,406 INFO gateway.memory_monitor: [MEMORY] rss=435MB gc=(642, 9, 45) threads=12 uptime=338700s
2026-05-31 10:10:42,406 INFO gateway.memory_monitor: [MEMORY] rss=435MB gc=(233, 11, 45) threads=12 uptime=339000s
2026-05-31 10:15:42,407 INFO gateway.memory_monitor: [MEMORY] rss=435MB gc=(509, 0, 46) threads=12 uptime=339300s
2026-05-31 10:20:42,407 INFO gateway.memory_monitor: [MEMORY] rss=435MB gc=(329, 2, 46) threads=12 uptime=339600s
2026-05-31 10:25:42,408 INFO gateway.memory_monitor: [MEMORY] rss=435MB gc=(562, 3, 46) threads=12 uptime=339900s
2026-05-31 10:30:42,408 INFO gateway.memory_monitor: [MEMORY] rss=435MB gc=(173, 5, 46) threads=12 uptime=340200s
2026-05-31 10:35:42,409 INFO gateway.memory_monitor: [MEMORY] rss=435MB gc=(412, 6, 46) threads=12 uptime=340500s
2026-05-31 10:40:42,409 INFO gateway.memory_monitor: [MEMORY] rss=435MB gc=(236, 8, 46) threads=12 uptime=340800s
2026-05-31 10:45:42,410 INFO gateway.memory_monitor: [MEMORY] rss=435MB gc=(469, 9, 46) threads=12 uptime=341100s
2026-05-31 10:50:42,411 INFO gateway.memory_monitor: [MEMORY] rss=435MB gc=(105, 11, 46) threads=12 uptime=341400s
2026-05-31 10:55:42,411 INFO gateway.memory_monitor: [MEMORY] rss=435MB gc=(410, 0, 47) threads=12 uptime=341700s
2026-05-31 11:00:42,412 INFO gateway.memory_monitor: [MEMORY] rss=435MB gc=(236, 2, 47) threads=12 uptime=342000s
2026-05-31 11:05:42,413 INFO gateway.memory_monitor: [MEMORY] rss=435MB gc=(469, 3, 47) threads=12 uptime=342300s
2026-05-31 11:10:42,414 INFO gateway.memory_monitor: [MEMORY] rss=435MB gc=(107, 5, 47) threads=12 uptime=342600s
2026-05-31 11:15:42,414 INFO gateway.memory_monitor: [MEMORY] rss=435MB gc=(381, 6, 47) threads=12 uptime=342900s
2026-05-31 11:20:42,415 INFO gateway.memory_monitor: [MEMORY] rss=435MB gc=(205, 8, 47) threads=12 uptime=343200s
2026-05-31 11:25:42,415 INFO gateway.memory_monitor: [MEMORY] rss=435MB gc=(438, 9, 47) threads=12 uptime=343500s
2026-05-31 11:30:42,416 INFO gateway.memory_monitor: [MEMORY] rss=435MB gc=(1, 11, 47) threads=12 uptime=343800s
2026-05-31 11:35:42,416 INFO gateway.memory_monitor: [MEMORY] rss=435MB gc=(332, 0, 48) threads=12 uptime=344100s
2026-05-31 11:40:42,417 INFO gateway.memory_monitor: [MEMORY] rss=435MB gc=(161, 2, 48) threads=12 uptime=344400s
2026-05-31 11:45:42,417 INFO gateway.memory_monitor: [MEMORY] rss=435MB gc=(407, 3, 48) threads=12 uptime=344700s
2026-05-31 11:50:42,418 INFO gateway.memory_monitor: [MEMORY] rss=435MB gc=(642, 4, 48) threads=12 uptime=345000s
2026-05-31 11:55:42,418 INFO gateway.memory_monitor: [MEMORY] rss=435MB gc=(330, 6, 48) threads=12 uptime=345300s
2026-05-31 12:00:42,419 INFO gateway.memory_monitor: [MEMORY] rss=435MB gc=(162, 8, 48) threads=12 uptime=345600s
2026-05-31 12:05:42,419 INFO gateway.memory_monitor: [MEMORY] rss=435MB gc=(407, 9, 48) threads=12 uptime=345900s
2026-05-31 12:10:42,420 INFO gateway.memory_monitor: [MEMORY] rss=435MB gc=(640, 10, 48) threads=12 uptime=346200s
2026-05-31 12:15:42,420 INFO gateway.memory_monitor: [MEMORY] rss=435MB gc=(332, 0, 49) threads=12 uptime=346500s
2026-05-31 12:20:42,421 INFO gateway.memory_monitor: [MEMORY] rss=435MB gc=(161, 2, 49) threads=12 uptime=346800s
2026-05-31 12:25:42,421 INFO gateway.memory_monitor: [MEMORY] rss=435MB gc=(407, 3, 49) threads=12 uptime=347100s
2026-05-31 12:30:42,422 INFO gateway.memory_monitor: [MEMORY] rss=435MB gc=(611, 4, 49) threads=12 uptime=347400s
2026-05-31 12:35:42,423 INFO gateway.memory_monitor: [MEMORY] rss=435MB gc=(268, 6, 49) threads=12 uptime=347700s
2026-05-31 12:40:42,423 INFO gateway.memory_monitor: [MEMORY] rss=435MB gc=(105, 8, 49) threads=12 uptime=348000s
2026-05-31 12:45:42,424 INFO gateway.memory_monitor: [MEMORY] rss=435MB gc=(328, 9, 49) threads=12 uptime=348300s
2026-05-31 12:50:42,424 INFO gateway.memory_monitor: [MEMORY] rss=435MB gc=(577, 10, 49) threads=12 uptime=348600s
2026-05-31 12:55:42,425 INFO gateway.memory_monitor: [MEMORY] rss=435MB gc=(232, 0, 50) threads=12 uptime=348900s
2026-05-31 13:00:42,425 INFO gateway.memory_monitor: [MEMORY] rss=435MB gc=(105, 2, 50) threads=12 uptime=349200s
2026-05-31 13:05:42,426 INFO gateway.memory_monitor: [MEMORY] rss=435MB gc=(328, 3, 50) threads=12 uptime=349500s
2026-05-31 13:10:42,426 INFO gateway.memory_monitor: [MEMORY] rss=435MB gc=(578, 4, 50) threads=12 uptime=349800s
2026-05-31 13:15:42,427 INFO gateway.memory_monitor: [MEMORY] rss=435MB gc=(235, 6, 50) threads=12 uptime=350100s
2026-05-31 13:20:42,427 INFO gateway.memory_monitor: [MEMORY] rss=435MB gc=(105, 8, 50) threads=12 uptime=350400s
2026-05-31 13:25:42,428 INFO gateway.memory_monitor: [MEMORY] rss=435MB gc=(328, 9, 50) threads=12 uptime=350700s
2026-05-31 13:30:42,428 INFO gateway.memory_monitor: [MEMORY] rss=435MB gc=(549, 10, 50) threads=12 uptime=351000s
2026-05-31 13:35:42,429 INFO gateway.memory_monitor: [MEMORY] rss=435MB gc=(201, 0, 51) threads=12 uptime=351300s
2026-05-31 13:40:42,430 INFO gateway.memory_monitor: [MEMORY] rss=435MB gc=(641, 1, 51) threads=12 uptime=351600s
2026-05-31 13:45:42,430 INFO gateway.memory_monitor: [MEMORY] rss=435MB gc=(266, 3, 51) threads=12 uptime=351900s
2026-05-31 13:50:42,431 INFO gateway.memory_monitor: [MEMORY] rss=435MB gc=(501, 4, 51) threads=12 uptime=352200s
2026-05-31 13:55:42,431 INFO gateway.memory_monitor: [MEMORY] rss=435MB gc=(171, 6, 51) threads=12 uptime=352500s
2026-05-31 14:00:42,432 INFO gateway.memory_monitor: [MEMORY] rss=435MB gc=(125, 11, 52) threads=15 uptime=352800s
2026-05-31 14:05:42,432 INFO gateway.memory_monitor: [MEMORY] rss=439MB gc=(266, 0, 55) threads=12 uptime=353100s
2026-05-31 14:07:03,034 INFO gateway.platforms.telegram: [Telegram] Flushing text batch agent:main:telegram:dm:8174123879 (111 chars)
2026-05-31 14:07:03,035 INFO gateway.run: inbound message: platform=telegram user=T chat=8174123879 msg='Yes, furthermore, I want you to pull from main frequently. You need to have up t'
2026-05-31 14:07:12,723 INFO gateway.run: response ready: platform=telegram chat=8174123879 time=9.7s api_calls=3 response=428 chars
2026-05-31 14:07:12,728 INFO gateway.platforms.base: [Telegram] Sending response (428 chars) to 8174123879
2026-05-31 14:07:30,386 INFO gateway.platforms.telegram: [Telegram] Flushing text batch agent:main:telegram:dm:8174123879 (47 chars)
2026-05-31 14:07:30,387 INFO gateway.run: inbound message: platform=telegram user=T chat=8174123879 msg="Okay, what's the next item from the roundtable?"
2026-05-31 14:08:09,401 INFO gateway.run: response ready: platform=telegram chat=8174123879 time=39.0s api_calls=7 response=1598 chars
2026-05-31 14:08:09,406 INFO gateway.platforms.base: [Telegram] Sending response (1598 chars) to 8174123879
2026-05-31 14:10:42,433 INFO gateway.memory_monitor: [MEMORY] rss=439MB gc=(581, 2, 59) threads=12 uptime=353400s
2026-05-31 14:14:43,581 INFO gateway.platforms.telegram: [Telegram] Flushing text batch agent:main:telegram:dm:8174123879 (92 chars)
2026-05-31 14:14:43,582 INFO gateway.run: inbound message: platform=telegram user=T chat=8174123879 msg="Alright, from now on, don't make new branches, always work off of main. Both you"
2026-05-31 14:15:42,433 INFO gateway.memory_monitor: [MEMORY] rss=439MB gc=(72, 4, 61) threads=13 uptime=353700s
2026-05-31 14:17:48,675 INFO gateway.run: response ready: platform=telegram chat=8174123879 time=185.1s api_calls=31 response=974 chars
2026-05-31 14:17:48,696 INFO gateway.platforms.base: [Telegram] Sending response (974 chars) to 8174123879
2026-05-31 14:20:42,434 INFO gateway.memory_monitor: [MEMORY] rss=439MB gc=(512, 2, 66) threads=12 uptime=354000s
2026-05-31 14:23:05,853 INFO gateway.platforms.telegram: [Telegram] Flushing text batch agent:main:telegram:dm:8174123879 (44 chars)
2026-05-31 14:23:05,854 INFO gateway.run: inbound message: platform=telegram user=T chat=8174123879 msg="Alright, what's the next item on our agenda?"
2026-05-31 14:23:35,569 INFO gateway.run: response ready: platform=telegram chat=8174123879 time=29.7s api_calls=4 response=965 chars
2026-05-31 14:23:35,573 INFO gateway.platforms.base: [Telegram] Sending response (965 chars) to 8174123879
2026-05-31 14:25:42,434 INFO gateway.memory_monitor: [MEMORY] rss=439MB gc=(0, 8, 67) threads=12 uptime=354300s
2026-05-31 14:30:42,435 INFO gateway.memory_monitor: [MEMORY] rss=439MB gc=(310, 9, 67) threads=12 uptime=354600s
2026-05-31 14:35:42,436 INFO gateway.memory_monitor: [MEMORY] rss=439MB gc=(136, 11, 67) threads=12 uptime=354900s
2026-05-31 14:40:42,436 INFO gateway.memory_monitor: [MEMORY] rss=439MB gc=(402, 0, 68) threads=12 uptime=355200s
2026-05-31 14:45:42,437 INFO gateway.memory_monitor: [MEMORY] rss=439MB gc=(637, 1, 68) threads=12 uptime=355500s
2026-05-31 14:50:42,437 INFO gateway.memory_monitor: [MEMORY] rss=439MB gc=(291, 3, 68) threads=12 uptime=355800s
2026-05-31 14:55:42,438 INFO gateway.memory_monitor: [MEMORY] rss=439MB gc=(106, 5, 68) threads=12 uptime=356100s
2026-05-31 15:00:42,438 INFO gateway.memory_monitor: [MEMORY] rss=439MB gc=(328, 6, 68) threads=12 uptime=356400s
2026-05-31 15:01:20,971 INFO gateway.platforms.telegram: [Telegram] Flushing text batch agent:main:telegram:dm:8174123879 (208 chars)
2026-05-31 15:01:20,972 INFO gateway.run: inbound message: platform=telegram user=T chat=8174123879 msg='Do we have resources in character and game state in the mechanics? There should '
2026-05-31 15:05:42,439 INFO gateway.memory_monitor: [MEMORY] rss=441MB gc=(400, 0, 1) threads=13 uptime=356700s
2026-05-31 15:06:20,371 INFO [20260531_140703_cf503ab0] gateway.run: Session split detected: 20260531_140703_cf503ab0 → 20260531_150405_0e47fb (compression)
2026-05-31 15:06:20,403 INFO gateway.run: response ready: platform=telegram chat=8174123879 time=299.4s api_calls=25 response=1452 chars
2026-05-31 15:06:20,410 INFO gateway.platforms.base: [Telegram] Sending response (1452 chars) to 8174123879
2026-05-31 15:10:42,439 INFO gateway.memory_monitor: [MEMORY] rss=441MB gc=(200, 3, 3) threads=13 uptime=357000s
2026-05-31 15:15:42,440 INFO gateway.memory_monitor: [MEMORY] rss=441MB gc=(529, 4, 3) threads=13 uptime=357300s
2026-05-31 15:20:42,440 INFO gateway.memory_monitor: [MEMORY] rss=441MB gc=(166, 6, 3) threads=13 uptime=357600s
2026-05-31 15:25:42,441 INFO gateway.memory_monitor: [MEMORY] rss=441MB gc=(373, 7, 3) threads=13 uptime=357900s
2026-05-31 15:30:42,441 INFO gateway.memory_monitor: [MEMORY] rss=441MB gc=(199, 9, 3) threads=13 uptime=358200s
2026-05-31 15:35:42,442 INFO gateway.memory_monitor: [MEMORY] rss=441MB gc=(431, 10, 3) threads=13 uptime=358500s
2026-05-31 15:40:42,442 INFO gateway.memory_monitor: [MEMORY] rss=441MB gc=(104, 0, 4) threads=13 uptime=358800s
2026-05-31 15:45:42,443 INFO gateway.memory_monitor: [MEMORY] rss=441MB gc=(343, 1, 4) threads=13 uptime=359100s
2026-05-31 15:50:42,443 INFO gateway.memory_monitor: [MEMORY] rss=441MB gc=(168, 3, 4) threads=13 uptime=359400s
2026-05-31 15:55:42,444 INFO gateway.memory_monitor: [MEMORY] rss=441MB gc=(400, 4, 4) threads=13 uptime=359700s
2026-05-31 15:56:19,181 INFO gateway.platforms.telegram: [Telegram] Flushing text batch agent:main:telegram:dm:8174123879 (220 chars)
2026-05-31 15:56:19,181 INFO gateway.run: inbound message: platform=telegram user=T chat=8174123879 msg="Okay, here's what I did, I opened a new PR:  https://github.com/no-trbl-2-u/axio"
2026-05-31 16:00:42,445 INFO gateway.memory_monitor: [MEMORY] rss=441MB gc=(127, 3, 8) threads=14 uptime=360000s
2026-05-31 16:04:03,942 INFO [20260531_150405_0e47fb] gateway.run: Session split detected: 20260531_150405_0e47fb → 20260531_155906_036e86 (compression)
2026-05-31 16:04:03,976 INFO gateway.run: response ready: platform=telegram chat=8174123879 time=464.8s api_calls=43 response=886 chars
2026-05-31 16:04:03,995 INFO gateway.platforms.base: [Telegram] Sending response (886 chars) to 8174123879
2026-05-31 16:05:42,445 INFO gateway.memory_monitor: [MEMORY] rss=441MB gc=(200, 10, 23) threads=13 uptime=360300s
2026-05-31 16:10:42,446 INFO gateway.memory_monitor: [MEMORY] rss=441MB gc=(525, 11, 23) threads=13 uptime=360600s
2026-05-31 16:15:42,446 INFO gateway.memory_monitor: [MEMORY] rss=441MB gc=(435, 1, 24) threads=13 uptime=360900s
2026-05-31 16:16:45,435 INFO gateway.platforms.telegram: [Telegram] Flushing text batch agent:main:telegram:dm:8174123879 (148 chars)
2026-05-31 16:16:45,436 INFO gateway.run: inbound message: platform=telegram user=T chat=8174123879 msg='Okay, from what you see, how do all the resources work, how does it effect somet'
2026-05-31 16:17:56,846 INFO gateway.run: response ready: platform=telegram chat=8174123879 time=71.4s api_calls=6 response=4284 chars
2026-05-31 16:17:56,851 INFO gateway.platforms.base: [Telegram] Sending response (4284 chars) to 8174123879
2026-05-31 16:20:42,447 INFO gateway.memory_monitor: [MEMORY] rss=441MB gc=(473, 9, 25) threads=13 uptime=361200s
2026-05-31 16:25:42,447 INFO gateway.memory_monitor: [MEMORY] rss=441MB gc=(369, 11, 25) threads=13 uptime=361500s
2026-05-31 16:30:42,448 INFO gateway.memory_monitor: [MEMORY] rss=441MB gc=(573, 0, 26) threads=13 uptime=361800s
2026-05-31 16:35:42,448 INFO gateway.memory_monitor: [MEMORY] rss=441MB gc=(231, 2, 26) threads=13 uptime=362100s
2026-05-31 16:40:42,449 INFO gateway.memory_monitor: [MEMORY] rss=441MB gc=(465, 3, 26) threads=13 uptime=362400s
2026-05-31 16:45:42,450 INFO gateway.memory_monitor: [MEMORY] rss=441MB gc=(326, 5, 26) threads=13 uptime=362700s
2026-05-31 16:50:42,450 INFO gateway.memory_monitor: [MEMORY] rss=441MB gc=(541, 6, 26) threads=13 uptime=363000s
2026-05-31 16:55:42,451 INFO gateway.memory_monitor: [MEMORY] rss=441MB gc=(168, 8, 26) threads=13 uptime=363300s
2026-05-31 17:00:42,451 INFO gateway.memory_monitor: [MEMORY] rss=441MB gc=(403, 9, 26) threads=13 uptime=363600s
2026-05-31 17:05:42,452 INFO gateway.memory_monitor: [MEMORY] rss=441MB gc=(228, 11, 26) threads=13 uptime=363900s
2026-05-31 17:10:42,452 INFO gateway.memory_monitor: [MEMORY] rss=441MB gc=(465, 0, 27) threads=13 uptime=364200s
2026-05-31 17:15:42,453 INFO gateway.memory_monitor: [MEMORY] rss=441MB gc=(136, 2, 27) threads=13 uptime=364500s
2026-05-31 17:20:42,453 INFO gateway.memory_monitor: [MEMORY] rss=441MB gc=(371, 3, 27) threads=13 uptime=364800s
2026-05-31 17:22:48,088 INFO gateway.run: Agent cache idle-TTL evict: session=agent:main:telegram:dm:8174123879 (idle=3891s)
2026-05-31 17:22:48,089 INFO gateway.run: Agent cache idle sweep: evicted 1 agent(s)
2026-05-31 17:25:42,454 INFO gateway.memory_monitor: [MEMORY] rss=441MB gc=(165, 5, 27) threads=13 uptime=365100s
2026-05-31 17:30:42,454 INFO gateway.memory_monitor: [MEMORY] rss=441MB gc=(371, 6, 27) threads=13 uptime=365400s
2026-05-31 17:35:42,455 INFO gateway.memory_monitor: [MEMORY] rss=441MB gc=(606, 7, 27) threads=13 uptime=365700s
2026-05-31 17:40:42,455 INFO gateway.memory_monitor: [MEMORY] rss=441MB gc=(462, 9, 27) threads=13 uptime=366000s
2026-05-31 17:45:42,456 INFO gateway.memory_monitor: [MEMORY] rss=441MB gc=(105, 11, 27) threads=13 uptime=366300s
2026-05-31 17:50:42,456 INFO gateway.memory_monitor: [MEMORY] rss=441MB gc=(328, 0, 28) threads=13 uptime=366600s
2026-05-31 17:55:42,457 INFO gateway.memory_monitor: [MEMORY] rss=441MB gc=(575, 1, 28) threads=13 uptime=366900s
2026-05-31 18:00:42,457 INFO gateway.memory_monitor: [MEMORY] rss=441MB gc=(399, 3, 28) threads=13 uptime=367200s
2026-05-31 18:05:42,458 INFO gateway.memory_monitor: [MEMORY] rss=441MB gc=(634, 4, 28) threads=13 uptime=367500s
2026-05-31 18:10:42,458 INFO gateway.memory_monitor: [MEMORY] rss=441MB gc=(278, 6, 28) threads=13 uptime=367800s
2026-05-31 18:15:42,459 INFO gateway.memory_monitor: [MEMORY] rss=441MB gc=(579, 7, 28) threads=13 uptime=368100s
2026-05-31 18:20:42,459 INFO gateway.memory_monitor: [MEMORY] rss=441MB gc=(399, 9, 28) threads=13 uptime=368400s
2026-05-31 18:25:42,460 INFO gateway.memory_monitor: [MEMORY] rss=441MB gc=(637, 10, 28) threads=13 uptime=368700s
2026-05-31 18:29:32,123 INFO gateway.run: curator: curator: snapshot created (2026-05-31T18-29-31Z)
2026-05-31 18:29:54,041 INFO [20260531_182932_d32af4] gateway.run: curator: curator: auto: no changes; llm: Processed the full provided candidate list.

Only one agent-created, unpinned skill was in scope:

- `sombersoft-project-partner`

Findings:

- No prefix/domain cluster with 2+ in-scope members exists in the candidate set.
- `sombersoft-pro…
2026-05-31 18:30:42,460 INFO gateway.memory_monitor: [MEMORY] rss=449MB gc=(247, 9, 35) threads=13 uptime=369000s
2026-05-31 18:35:42,461 INFO gateway.memory_monitor: [MEMORY] rss=449MB gc=(464, 10, 35) threads=13 uptime=369300s
2026-05-31 18:40:42,461 INFO gateway.memory_monitor: [MEMORY] rss=449MB gc=(325, 0, 36) threads=13 uptime=369600s
2026-05-31 18:45:42,462 INFO gateway.memory_monitor: [MEMORY] rss=449MB gc=(543, 1, 36) threads=13 uptime=369900s
2026-05-31 18:50:42,462 INFO gateway.memory_monitor: [MEMORY] rss=449MB gc=(199, 3, 36) threads=13 uptime=370200s
2026-05-31 18:55:42,463 INFO gateway.memory_monitor: [MEMORY] rss=449MB gc=(464, 4, 36) threads=13 uptime=370500s
2026-05-31 19:00:42,463 INFO gateway.memory_monitor: [MEMORY] rss=449MB gc=(277, 6, 36) threads=13 uptime=370800s
2026-05-31 19:05:42,464 INFO gateway.memory_monitor: [MEMORY] rss=449MB gc=(542, 7, 36) threads=13 uptime=371100s
2026-05-31 19:10:42,464 INFO gateway.memory_monitor: [MEMORY] rss=449MB gc=(198, 9, 36) threads=13 uptime=371400s
2026-05-31 19:15:42,465 INFO gateway.memory_monitor: [MEMORY] rss=449MB gc=(498, 10, 36) threads=13 uptime=371700s
2026-05-31 19:20:42,465 INFO gateway.memory_monitor: [MEMORY] rss=449MB gc=(329, 0, 37) threads=13 uptime=372000s
2026-05-31 19:25:42,466 INFO gateway.memory_monitor: [MEMORY] rss=449MB gc=(573, 1, 37) threads=13 uptime=372300s
2026-05-31 19:30:42,467 INFO gateway.memory_monitor: [MEMORY] rss=449MB gc=(198, 3, 37) threads=13 uptime=372600s
2026-05-31 19:35:42,467 INFO gateway.memory_monitor: [MEMORY] rss=449MB gc=(463, 4, 37) threads=13 uptime=372900s
2026-05-31 19:40:13,619 INFO gateway.platforms.telegram: [Telegram] Flushing text batch agent:main:telegram:dm:8174123879 (372 chars)
2026-05-31 19:40:13,620 INFO gateway.run: inbound message: platform=telegram user=T chat=8174123879 msg='Okay, so a few things, make sure all this information exists in main, make sure '
2026-05-31 19:40:42,468 INFO gateway.memory_monitor: [MEMORY] rss=449MB gc=(93, 4, 39) threads=14 uptime=373200s
2026-05-31 19:45:42,468 INFO gateway.memory_monitor: [MEMORY] rss=449MB gc=(53, 4, 49) threads=14 uptime=373500s
2026-05-31 19:46:34,732 INFO [20260531_155906_036e86] gateway.run: Session split detected: 20260531_155906_036e86 → 20260531_194243_10e859 (compression)
2026-05-31 19:46:34,769 INFO gateway.run: response ready: platform=telegram chat=8174123879 time=381.1s api_calls=28 response=1304 chars
2026-05-31 19:46:34,775 INFO gateway.platforms.base: [Telegram] Sending response (1304 chars) to 8174123879
2026-05-31 19:50:42,469 INFO gateway.memory_monitor: [MEMORY] rss=449MB gc=(400, 10, 50) threads=13 uptime=373800s
2026-05-31 19:55:42,470 INFO gateway.memory_monitor: [MEMORY] rss=449MB gc=(196, 0, 51) threads=13 uptime=374100s
2026-05-31 20:00:42,470 INFO gateway.memory_monitor: [MEMORY] rss=449MB gc=(433, 1, 51) threads=13 uptime=374400s
2026-05-31 20:05:42,471 INFO gateway.memory_monitor: [MEMORY] rss=449MB gc=(106, 3, 51) threads=13 uptime=374700s
2026-05-31 20:10:42,471 INFO gateway.memory_monitor: [MEMORY] rss=449MB gc=(369, 4, 51) threads=13 uptime=375000s
2026-05-31 20:15:42,472 INFO gateway.memory_monitor: [MEMORY] rss=449MB gc=(254, 6, 51) threads=13 uptime=375300s
2026-05-31 20:20:42,472 INFO gateway.memory_monitor: [MEMORY] rss=449MB gc=(512, 7, 51) threads=13 uptime=375600s
2026-05-31 20:25:42,472 INFO gateway.memory_monitor: [MEMORY] rss=449MB gc=(137, 9, 51) threads=13 uptime=375900s
2026-05-31 20:30:42,473 INFO gateway.memory_monitor: [MEMORY] rss=449MB gc=(370, 10, 51) threads=13 uptime=376200s
2026-05-31 20:35:42,473 INFO gateway.memory_monitor: [MEMORY] rss=449MB gc=(196, 0, 52) threads=13 uptime=376500s
2026-05-31 20:40:42,474 INFO gateway.memory_monitor: [MEMORY] rss=449MB gc=(402, 1, 52) threads=13 uptime=376800s
2026-05-31 20:45:42,475 INFO gateway.memory_monitor: [MEMORY] rss=449MB gc=(106, 3, 52) threads=13 uptime=377100s
2026-05-31 20:47:59,653 INFO gateway.run: Agent cache idle-TTL evict: session=agent:main:telegram:dm:8174123879 (idle=3685s)
2026-05-31 20:47:59,654 INFO gateway.run: Agent cache idle sweep: evicted 1 agent(s)
2026-05-31 20:50:42,475 INFO gateway.memory_monitor: [MEMORY] rss=449MB gc=(340, 4, 52) threads=13 uptime=377400s
2026-05-31 20:55:42,476 INFO gateway.memory_monitor: [MEMORY] rss=449MB gc=(197, 6, 52) threads=13 uptime=377700s
2026-05-31 21:00:42,476 INFO gateway.memory_monitor: [MEMORY] rss=449MB gc=(400, 7, 52) threads=13 uptime=378000s
2026-05-31 21:05:42,477 INFO gateway.memory_monitor: [MEMORY] rss=449MB gc=(654, 8, 52) threads=13 uptime=378300s
2026-05-31 21:10:42,477 INFO gateway.memory_monitor: [MEMORY] rss=449MB gc=(291, 10, 52) threads=13 uptime=378600s
2026-05-31 21:15:42,478 INFO gateway.memory_monitor: [MEMORY] rss=449MB gc=(169, 0, 53) threads=13 uptime=378900s
2026-05-31 21:20:42,478 INFO gateway.memory_monitor: [MEMORY] rss=449MB gc=(402, 1, 53) threads=13 uptime=379200s
2026-05-31 21:25:42,479 INFO gateway.memory_monitor: [MEMORY] rss=449MB gc=(655, 2, 53) threads=13 uptime=379500s
2026-05-31 21:30:42,479 INFO gateway.memory_monitor: [MEMORY] rss=449MB gc=(278, 4, 53) threads=13 uptime=379800s
2026-05-31 21:35:42,480 INFO gateway.memory_monitor: [MEMORY] rss=449MB gc=(135, 6, 53) threads=13 uptime=380100s
2026-05-31 21:40:42,480 INFO gateway.memory_monitor: [MEMORY] rss=449MB gc=(330, 7, 53) threads=13 uptime=380400s
2026-05-31 21:45:42,481 INFO gateway.memory_monitor: [MEMORY] rss=449MB gc=(604, 8, 53) threads=13 uptime=380700s
2026-05-31 21:50:42,481 INFO gateway.memory_monitor: [MEMORY] rss=449MB gc=(256, 10, 53) threads=13 uptime=381000s
2026-05-31 21:55:42,482 INFO gateway.memory_monitor: [MEMORY] rss=449MB gc=(105, 0, 54) threads=13 uptime=381300s
2026-05-31 22:00:42,482 INFO gateway.memory_monitor: [MEMORY] rss=449MB gc=(329, 1, 54) threads=13 uptime=381600s
2026-05-31 22:05:42,483 INFO gateway.memory_monitor: [MEMORY] rss=449MB gc=(575, 2, 54) threads=13 uptime=381900s
2026-05-31 22:10:42,483 INFO gateway.memory_monitor: [MEMORY] rss=449MB gc=(230, 4, 54) threads=13 uptime=382200s
2026-05-31 22:15:42,484 INFO gateway.memory_monitor: [MEMORY] rss=449MB gc=(652, 5, 54) threads=13 uptime=382500s
2026-05-31 22:20:42,484 INFO gateway.memory_monitor: [MEMORY] rss=449MB gc=(328, 7, 54) threads=13 uptime=382800s
2026-05-31 22:25:42,485 INFO gateway.memory_monitor: [MEMORY] rss=449MB gc=(575, 8, 54) threads=13 uptime=383100s
2026-05-31 22:30:42,486 INFO gateway.memory_monitor: [MEMORY] rss=449MB gc=(198, 10, 54) threads=13 uptime=383400s
2026-05-31 22:35:42,486 INFO gateway.memory_monitor: [MEMORY] rss=449MB gc=(603, 11, 54) threads=13 uptime=383700s
2026-05-31 22:40:42,487 INFO gateway.memory_monitor: [MEMORY] rss=449MB gc=(279, 1, 55) threads=13 uptime=384000s
2026-05-31 22:45:42,487 INFO gateway.memory_monitor: [MEMORY] rss=449MB gc=(544, 2, 55) threads=13 uptime=384300s
2026-05-31 22:50:42,488 INFO gateway.memory_monitor: [MEMORY] rss=449MB gc=(199, 4, 55) threads=13 uptime=384600s
2026-05-31 22:55:42,488 INFO gateway.memory_monitor: [MEMORY] rss=449MB gc=(625, 5, 55) threads=13 uptime=384900s
2026-05-31 23:00:42,489 INFO gateway.memory_monitor: [MEMORY] rss=449MB gc=(248, 7, 55) threads=13 uptime=385200s
2026-05-31 23:05:42,489 INFO gateway.memory_monitor: [MEMORY] rss=449MB gc=(511, 8, 55) threads=13 uptime=385500s
2026-05-31 23:10:42,490 INFO gateway.memory_monitor: [MEMORY] rss=449MB gc=(135, 10, 55) threads=13 uptime=385800s
2026-05-31 23:15:42,490 INFO gateway.memory_monitor: [MEMORY] rss=449MB gc=(602, 11, 55) threads=13 uptime=386100s
2026-05-31 23:20:42,491 INFO gateway.memory_monitor: [MEMORY] rss=449MB gc=(248, 1, 56) threads=13 uptime=386400s
2026-05-31 23:25:42,491 INFO gateway.memory_monitor: [MEMORY] rss=449MB gc=(482, 2, 56) threads=13 uptime=386700s
2026-05-31 23:30:42,492 INFO gateway.memory_monitor: [MEMORY] rss=449MB gc=(126, 4, 56) threads=13 uptime=387000s
2026-05-31 23:35:42,492 INFO gateway.memory_monitor: [MEMORY] rss=449MB gc=(577, 5, 56) threads=13 uptime=387300s
2026-05-31 23:40:42,493 INFO gateway.memory_monitor: [MEMORY] rss=449MB gc=(217, 7, 56) threads=13 uptime=387600s
2026-05-31 23:45:42,493 INFO gateway.memory_monitor: [MEMORY] rss=449MB gc=(451, 8, 56) threads=13 uptime=387900s
2026-05-31 23:48:33,854 INFO gateway.platforms.telegram: [Telegram] Flushing text batch agent:main:telegram:dm:8174123879 (32 chars)
2026-05-31 23:48:33,855 INFO gateway.run: inbound message: platform=telegram user=T chat=8174123879 msg="Okay, what's next on the agenda?"
2026-05-31 23:49:15,870 INFO gateway.run: response ready: platform=telegram chat=8174123879 time=42.0s api_calls=5 response=2406 chars
2026-05-31 23:49:15,875 INFO gateway.platforms.base: [Telegram] Sending response (2406 chars) to 8174123879
2026-05-31 23:50:24,989 INFO gateway.platforms.telegram: [Telegram] Flushing text batch agent:main:telegram:dm:8174123879 (132 chars)
2026-05-31 23:50:24,990 INFO gateway.run: inbound message: platform=telegram user=T chat=8174123879 msg="Yes, let's fix the numbering issue. Just renumber them but make sure 1 is after "
2026-05-31 23:50:42,494 INFO gateway.memory_monitor: [MEMORY] rss=449MB gc=(503, 5, 59) threads=14 uptime=388200s
2026-05-31 23:52:10,388 INFO gateway.run: response ready: platform=telegram chat=8174123879 time=105.4s api_calls=11 response=779 chars
2026-05-31 23:52:10,406 INFO gateway.platforms.base: [Telegram] Sending response (779 chars) to 8174123879
2026-05-31 23:55:42,495 INFO gateway.memory_monitor: [MEMORY] rss=450MB gc=(328, 4, 62) threads=13 uptime=388500s
2026-06-01 00:00:42,495 INFO gateway.memory_monitor: [MEMORY] rss=451MB gc=(135, 6, 62) threads=13 uptime=388800s
2026-06-01 00:05:42,496 INFO gateway.memory_monitor: [MEMORY] rss=451MB gc=(377, 7, 62) threads=13 uptime=389100s
2026-06-01 00:10:42,496 INFO gateway.memory_monitor: [MEMORY] rss=451MB gc=(247, 9, 62) threads=13 uptime=389400s
2026-06-01 00:15:42,497 INFO gateway.memory_monitor: [MEMORY] rss=451MB gc=(510, 10, 62) threads=13 uptime=389700s
2026-06-01 00:20:42,497 INFO gateway.memory_monitor: [MEMORY] rss=451MB gc=(166, 0, 63) threads=13 uptime=390000s
2026-06-01 00:25:42,498 INFO gateway.memory_monitor: [MEMORY] rss=451MB gc=(371, 1, 63) threads=13 uptime=390300s
2026-06-01 00:30:42,498 INFO gateway.memory_monitor: [MEMORY] rss=451MB gc=(216, 3, 63) threads=13 uptime=390600s
2026-06-01 00:35:42,499 INFO gateway.memory_monitor: [MEMORY] rss=451MB gc=(448, 4, 63) threads=13 uptime=390900s
2026-06-01 00:40:42,499 INFO gateway.memory_monitor: [MEMORY] rss=451MB gc=(104, 6, 63) threads=13 uptime=391200s
2026-06-01 00:45:42,500 INFO gateway.memory_monitor: [MEMORY] rss=451MB gc=(312, 7, 63) threads=13 uptime=391500s
2026-06-01 00:50:42,500 INFO gateway.memory_monitor: [MEMORY] rss=451MB gc=(137, 9, 63) threads=13 uptime=391800s
2026-06-01 00:53:12,968 INFO gateway.run: Agent cache idle-TTL evict: session=agent:main:telegram:dm:8174123879 (idle=3663s)
2026-06-01 00:53:12,969 INFO gateway.run: Agent cache idle sweep: evicted 1 agent(s)
2026-06-01 00:55:42,501 INFO gateway.memory_monitor: [MEMORY] rss=451MB gc=(326, 10, 63) threads=13 uptime=392100s
2026-06-01 01:00:42,501 INFO gateway.memory_monitor: [MEMORY] rss=451MB gc=(650, 11, 63) threads=13 uptime=392400s
2026-06-01 01:05:42,502 INFO gateway.memory_monitor: [MEMORY] rss=451MB gc=(258, 1, 64) threads=13 uptime=392700s
2026-06-01 01:10:42,502 INFO gateway.memory_monitor: [MEMORY] rss=451MB gc=(137, 3, 64) threads=13 uptime=393000s
2026-06-01 01:15:42,503 INFO gateway.memory_monitor: [MEMORY] rss=451MB gc=(369, 4, 64) threads=13 uptime=393300s
2026-06-01 01:20:42,503 INFO gateway.memory_monitor: [MEMORY] rss=451MB gc=(1, 6, 64) threads=13 uptime=393600s
2026-06-01 01:25:42,504 INFO gateway.memory_monitor: [MEMORY] rss=451MB gc=(342, 7, 64) threads=13 uptime=393900s
2026-06-01 01:30:42,504 INFO gateway.memory_monitor: [MEMORY] rss=451MB gc=(136, 9, 64) threads=13 uptime=394200s
2026-06-01 01:35:42,505 INFO gateway.memory_monitor: [MEMORY] rss=451MB gc=(368, 10, 64) threads=13 uptime=394500s
2026-06-01 01:40:42,506 INFO gateway.memory_monitor: [MEMORY] rss=451MB gc=(580, 11, 64) threads=13 uptime=394800s
2026-06-01 01:45:42,506 INFO gateway.memory_monitor: [MEMORY] rss=451MB gc=(218, 1, 65) threads=13 uptime=395100s
2026-06-01 01:50:42,507 INFO gateway.memory_monitor: [MEMORY] rss=451MB gc=(652, 2, 65) threads=13 uptime=395400s
2026-06-01 01:55:42,507 INFO gateway.memory_monitor: [MEMORY] rss=451MB gc=(326, 4, 65) threads=13 uptime=395700s
2026-06-01 02:00:42,508 INFO gateway.memory_monitor: [MEMORY] rss=451MB gc=(551, 5, 65) threads=13 uptime=396000s
2026-06-01 02:05:42,508 INFO gateway.memory_monitor: [MEMORY] rss=451MB gc=(188, 7, 65) threads=13 uptime=396300s
2026-06-01 02:10:42,509 INFO gateway.memory_monitor: [MEMORY] rss=451MB gc=(621, 8, 65) threads=13 uptime=396600s
2026-06-01 02:15:42,509 INFO gateway.memory_monitor: [MEMORY] rss=451MB gc=(276, 10, 65) threads=13 uptime=396900s
2026-06-01 02:20:42,510 INFO gateway.memory_monitor: [MEMORY] rss=451MB gc=(544, 11, 65) threads=13 uptime=397200s
2026-06-01 02:25:42,510 INFO gateway.memory_monitor: [MEMORY] rss=451MB gc=(487, 0, 0) threads=13 uptime=397500s
2026-06-01 02:30:42,511 INFO gateway.memory_monitor: [MEMORY] rss=451MB gc=(449, 2, 0) threads=13 uptime=397800s
2026-06-01 02:35:42,511 INFO gateway.memory_monitor: [MEMORY] rss=451MB gc=(245, 4, 0) threads=13 uptime=398100s
2026-06-01 02:40:42,512 INFO gateway.memory_monitor: [MEMORY] rss=451MB gc=(482, 5, 0) threads=13 uptime=398400s
2026-06-01 02:45:42,512 INFO gateway.memory_monitor: [MEMORY] rss=451MB gc=(169, 7, 0) threads=13 uptime=398700s
2026-06-01 02:50:42,513 INFO gateway.memory_monitor: [MEMORY] rss=451MB gc=(651, 8, 0) threads=13 uptime=399000s
2026-06-01 02:55:42,513 INFO gateway.memory_monitor: [MEMORY] rss=451MB gc=(276, 10, 0) threads=13 uptime=399300s
2026-06-01 03:00:42,514 INFO gateway.memory_monitor: [MEMORY] rss=451MB gc=(515, 11, 0) threads=13 uptime=399600s
2026-06-01 03:05:42,514 INFO gateway.memory_monitor: [MEMORY] rss=451MB gc=(169, 1, 1) threads=13 uptime=399900s
2026-06-01 03:10:42,515 INFO gateway.memory_monitor: [MEMORY] rss=451MB gc=(620, 2, 1) threads=13 uptime=400200s
2026-06-01 03:15:42,515 INFO gateway.memory_monitor: [MEMORY] rss=451MB gc=(245, 4, 1) threads=13 uptime=400500s
2026-06-01 03:20:42,516 INFO gateway.memory_monitor: [MEMORY] rss=451MB gc=(515, 5, 1) threads=13 uptime=400800s
2026-06-01 03:25:42,516 INFO gateway.memory_monitor: [MEMORY] rss=451MB gc=(126, 7, 1) threads=13 uptime=401100s
2026-06-01 03:30:42,517 INFO gateway.memory_monitor: [MEMORY] rss=451MB gc=(572, 8, 1) threads=13 uptime=401400s
2026-06-01 03:35:42,517 INFO gateway.memory_monitor: [MEMORY] rss=451MB gc=(213, 10, 1) threads=13 uptime=401700s
2026-06-01 03:40:42,518 INFO gateway.memory_monitor: [MEMORY] rss=451MB gc=(422, 11, 1) threads=13 uptime=402000s
2026-06-01 03:45:42,518 INFO gateway.memory_monitor: [MEMORY] rss=451MB gc=(247, 1, 2) threads=13 uptime=402300s
2026-06-01 03:50:42,519 INFO gateway.memory_monitor: [MEMORY] rss=451MB gc=(479, 2, 2) threads=13 uptime=402600s
2026-06-01 03:55:42,519 INFO gateway.memory_monitor: [MEMORY] rss=451MB gc=(135, 4, 2) threads=13 uptime=402900s
2026-06-01 04:00:42,520 INFO gateway.memory_monitor: [MEMORY] rss=451MB gc=(419, 5, 2) threads=13 uptime=403200s
2026-06-01 04:03:23,809 INFO gateway.run: Session expiry: 1 sessions to finalize (telegram:1)
2026-06-01 04:03:23,810 INFO gateway.run: Session expiry done: 1 finalized
2026-06-01 04:05:42,520 INFO gateway.memory_monitor: [MEMORY] rss=451MB gc=(278, 7, 2) threads=13 uptime=403500s
2026-06-01 04:10:42,521 INFO gateway.memory_monitor: [MEMORY] rss=451MB gc=(541, 8, 2) threads=13 uptime=403800s
2026-06-01 04:15:42,521 INFO gateway.memory_monitor: [MEMORY] rss=451MB gc=(182, 10, 2) threads=13 uptime=404100s
2026-06-01 04:20:42,522 INFO gateway.memory_monitor: [MEMORY] rss=451MB gc=(421, 11, 2) threads=13 uptime=404400s
2026-06-01 04:25:42,522 INFO gateway.memory_monitor: [MEMORY] rss=451MB gc=(247, 1, 3) threads=13 uptime=404700s
2026-06-01 04:30:42,523 INFO gateway.memory_monitor: [MEMORY] rss=451MB gc=(479, 2, 3) threads=13 uptime=405000s
2026-06-01 04:35:42,523 INFO gateway.memory_monitor: [MEMORY] rss=451MB gc=(135, 4, 3) threads=13 uptime=405300s
2026-06-01 04:40:42,524 INFO gateway.memory_monitor: [MEMORY] rss=451MB gc=(348, 5, 3) threads=13 uptime=405600s
2026-06-01 04:45:42,524 INFO gateway.memory_monitor: [MEMORY] rss=451MB gc=(185, 7, 3) threads=13 uptime=405900s
2026-06-01 04:50:42,525 INFO gateway.memory_monitor: [MEMORY] rss=451MB gc=(417, 8, 3) threads=13 uptime=406200s
2026-06-01 04:55:42,525 INFO gateway.memory_monitor: [MEMORY] rss=451MB gc=(104, 10, 3) threads=13 uptime=406500s
2026-06-01 05:00:42,526 INFO gateway.memory_monitor: [MEMORY] rss=451MB gc=(347, 11, 3) threads=13 uptime=406800s
2026-06-01 05:05:42,526 INFO gateway.memory_monitor: [MEMORY] rss=451MB gc=(185, 1, 4) threads=13 uptime=407100s
2026-06-01 05:10:42,527 INFO gateway.memory_monitor: [MEMORY] rss=451MB gc=(418, 2, 4) threads=13 uptime=407400s
2026-06-01 05:15:42,527 INFO gateway.memory_monitor: [MEMORY] rss=451MB gc=(104, 4, 4) threads=13 uptime=407700s
2026-06-01 05:20:42,528 INFO gateway.memory_monitor: [MEMORY] rss=451MB gc=(426, 5, 4) threads=13 uptime=408000s
2026-06-01 05:25:42,528 INFO gateway.memory_monitor: [MEMORY] rss=451MB gc=(247, 7, 4) threads=13 uptime=408300s
2026-06-01 05:30:42,529 INFO gateway.memory_monitor: [MEMORY] rss=451MB gc=(479, 8, 4) threads=13 uptime=408600s
2026-06-01 05:35:42,529 INFO gateway.memory_monitor: [MEMORY] rss=451MB gc=(152, 10, 4) threads=13 uptime=408900s
2026-06-01 05:40:42,530 INFO gateway.memory_monitor: [MEMORY] rss=451MB gc=(363, 11, 4) threads=13 uptime=409200s
2026-06-01 05:45:42,530 INFO gateway.memory_monitor: [MEMORY] rss=451MB gc=(185, 1, 5) threads=13 uptime=409500s
2026-06-01 05:50:42,531 INFO gateway.memory_monitor: [MEMORY] rss=451MB gc=(417, 2, 5) threads=13 uptime=409800s
2026-06-01 05:55:42,531 INFO gateway.memory_monitor: [MEMORY] rss=451MB gc=(652, 3, 5) threads=13 uptime=410100s
2026-06-01 06:00:42,532 INFO gateway.memory_monitor: [MEMORY] rss=451MB gc=(252, 5, 5) threads=13 uptime=410400s
2026-06-01 06:05:42,532 INFO gateway.memory_monitor: [MEMORY] rss=451MB gc=(106, 7, 5) threads=13 uptime=410700s
2026-06-01 06:10:42,533 INFO gateway.memory_monitor: [MEMORY] rss=451MB gc=(320, 8, 5) threads=13 uptime=411000s
2026-06-01 06:15:42,533 INFO gateway.memory_monitor: [MEMORY] rss=451MB gc=(619, 9, 5) threads=13 uptime=411300s
2026-06-01 06:20:42,534 INFO gateway.memory_monitor: [MEMORY] rss=451MB gc=(253, 11, 5) threads=13 uptime=411600s
2026-06-01 06:25:42,534 INFO gateway.memory_monitor: [MEMORY] rss=451MB gc=(124, 1, 6) threads=13 uptime=411900s
2026-06-01 06:30:42,535 INFO gateway.memory_monitor: [MEMORY] rss=451MB gc=(319, 2, 6) threads=13 uptime=412200s
2026-06-01 06:35:42,535 INFO gateway.memory_monitor: [MEMORY] rss=451MB gc=(587, 3, 6) threads=13 uptime=412500s
2026-06-01 06:40:42,536 INFO gateway.memory_monitor: [MEMORY] rss=451MB gc=(188, 5, 6) threads=13 uptime=412800s
2026-06-01 06:45:42,536 INFO gateway.memory_monitor: [MEMORY] rss=451MB gc=(622, 6, 6) threads=13 uptime=413100s
2026-06-01 06:50:42,537 INFO gateway.memory_monitor: [MEMORY] rss=451MB gc=(276, 8, 6) threads=13 uptime=413400s
2026-06-01 06:55:42,537 INFO gateway.memory_monitor: [MEMORY] rss=451MB gc=(124, 10, 6) threads=13 uptime=413700s
2026-06-01 07:00:42,538 INFO gateway.memory_monitor: [MEMORY] rss=451MB gc=(357, 11, 6) threads=13 uptime=414000s
2026-06-01 07:05:42,538 INFO gateway.memory_monitor: [MEMORY] rss=451MB gc=(183, 1, 7) threads=13 uptime=414300s
2026-06-01 07:10:42,539 INFO gateway.memory_monitor: [MEMORY] rss=451MB gc=(389, 2, 7) threads=13 uptime=414600s
2026-06-01 07:15:42,539 INFO gateway.memory_monitor: [MEMORY] rss=451MB gc=(624, 3, 7) threads=13 uptime=414900s
2026-06-01 07:20:42,540 INFO gateway.memory_monitor: [MEMORY] rss=451MB gc=(308, 5, 7) threads=13 uptime=415200s
2026-06-01 07:25:42,541 INFO gateway.memory_monitor: [MEMORY] rss=451MB gc=(128, 7, 7) threads=13 uptime=415500s
2026-06-01 07:30:42,541 INFO gateway.memory_monitor: [MEMORY] rss=451MB gc=(347, 8, 7) threads=13 uptime=415800s
2026-06-01 07:35:42,542 INFO gateway.memory_monitor: [MEMORY] rss=451MB gc=(593, 9, 7) threads=13 uptime=416100s
2026-06-01 07:40:42,542 INFO gateway.memory_monitor: [MEMORY] rss=451MB gc=(217, 11, 7) threads=13 uptime=416400s
2026-06-01 07:45:42,543 INFO gateway.memory_monitor: [MEMORY] rss=451MB gc=(626, 0, 8) threads=13 uptime=416700s
2026-06-01 07:50:42,543 INFO gateway.memory_monitor: [MEMORY] rss=451MB gc=(248, 2, 8) threads=13 uptime=417000s
2026-06-01 07:55:42,544 INFO gateway.memory_monitor: [MEMORY] rss=451MB gc=(514, 3, 8) threads=13 uptime=417300s
2026-06-01 08:00:42,544 INFO gateway.memory_monitor: [MEMORY] rss=451MB gc=(1, 9, 9) threads=16 uptime=417600s
2026-06-01 08:05:42,545 INFO gateway.memory_monitor: [MEMORY] rss=451MB gc=(275, 0, 18) threads=16 uptime=417900s
2026-06-01 08:10:42,546 INFO gateway.memory_monitor: [MEMORY] rss=451MB gc=(176, 4, 19) threads=13 uptime=418200s
2026-06-01 08:15:42,546 INFO gateway.memory_monitor: [MEMORY] rss=451MB gc=(422, 5, 19) threads=13 uptime=418500s
2026-06-01 08:20:42,547 INFO gateway.memory_monitor: [MEMORY] rss=451MB gc=(325, 7, 19) threads=13 uptime=418800s
2026-06-01 08:25:42,547 INFO gateway.memory_monitor: [MEMORY] rss=451MB gc=(532, 8, 19) threads=13 uptime=419100s
2026-06-01 08:30:42,548 INFO gateway.memory_monitor: [MEMORY] rss=451MB gc=(175, 10, 19) threads=13 uptime=419400s
2026-06-01 08:35:42,548 INFO gateway.memory_monitor: [MEMORY] rss=451MB gc=(422, 11, 19) threads=13 uptime=419700s
2026-06-01 08:40:42,549 INFO gateway.memory_monitor: [MEMORY] rss=451MB gc=(277, 1, 20) threads=13 uptime=420000s
2026-06-01 08:45:42,549 INFO gateway.memory_monitor: [MEMORY] rss=451MB gc=(501, 2, 20) threads=13 uptime=420300s
2026-06-01 08:50:42,550 INFO gateway.memory_monitor: [MEMORY] rss=451MB gc=(139, 4, 20) threads=13 uptime=420600s
2026-06-01 08:55:42,550 INFO gateway.memory_monitor: [MEMORY] rss=451MB gc=(391, 5, 20) threads=13 uptime=420900s
2026-06-01 09:00:42,551 INFO gateway.memory_monitor: [MEMORY] rss=451MB gc=(277, 7, 20) threads=13 uptime=421200s
2026-06-01 09:05:42,551 INFO gateway.memory_monitor: [MEMORY] rss=451MB gc=(501, 8, 20) threads=13 uptime=421500s
2026-06-01 09:10:42,552 INFO gateway.memory_monitor: [MEMORY] rss=451MB gc=(138, 10, 20) threads=13 uptime=421800s
2026-06-01 09:15:42,552 INFO gateway.memory_monitor: [MEMORY] rss=451MB gc=(391, 11, 20) threads=13 uptime=422100s
2026-06-01 09:20:42,553 INFO gateway.memory_monitor: [MEMORY] rss=451MB gc=(280, 1, 21) threads=13 uptime=422400s
2026-06-01 09:25:42,553 INFO gateway.memory_monitor: [MEMORY] rss=451MB gc=(501, 2, 21) threads=13 uptime=422700s
2026-06-01 09:30:42,554 INFO gateway.memory_monitor: [MEMORY] rss=451MB gc=(137, 4, 21) threads=13 uptime=423000s
2026-06-01 09:35:42,554 INFO gateway.memory_monitor: [MEMORY] rss=451MB gc=(389, 5, 21) threads=13 uptime=423300s
2026-06-01 09:40:42,555 INFO gateway.memory_monitor: [MEMORY] rss=451MB gc=(174, 7, 21) threads=13 uptime=423600s
2026-06-01 09:45:42,555 INFO gateway.memory_monitor: [MEMORY] rss=451MB gc=(452, 8, 21) threads=13 uptime=423900s
2026-06-01 09:50:42,556 INFO gateway.memory_monitor: [MEMORY] rss=451MB gc=(105, 10, 21) threads=13 uptime=424200s
2026-06-01 09:55:42,556 INFO gateway.memory_monitor: [MEMORY] rss=451MB gc=(327, 11, 21) threads=13 uptime=424500s
2026-06-01 10:00:42,557 INFO gateway.memory_monitor: [MEMORY] rss=451MB gc=(137, 1, 22) threads=13 uptime=424800s
2026-06-01 10:05:42,557 INFO gateway.memory_monitor: [MEMORY] rss=451MB gc=(390, 2, 22) threads=13 uptime=425100s
2026-06-01 10:10:42,558 INFO gateway.memory_monitor: [MEMORY] rss=451MB gc=(655, 3, 22) threads=13 uptime=425400s
2026-06-01 10:15:42,558 INFO gateway.memory_monitor: [MEMORY] rss=451MB gc=(282, 5, 22) threads=13 uptime=425700s
2026-06-01 10:20:42,559 INFO gateway.memory_monitor: [MEMORY] rss=451MB gc=(139, 7, 22) threads=13 uptime=426000s
2026-06-01 10:25:42,559 INFO gateway.memory_monitor: [MEMORY] rss=451MB gc=(389, 8, 22) threads=13 uptime=426300s
2026-06-01 10:30:42,560 INFO gateway.memory_monitor: [MEMORY] rss=451MB gc=(655, 9, 22) threads=13 uptime=426600s
2026-06-01 10:35:42,560 INFO gateway.memory_monitor: [MEMORY] rss=451MB gc=(282, 11, 22) threads=13 uptime=426900s
2026-06-01 10:40:42,561 INFO gateway.memory_monitor: [MEMORY] rss=451MB gc=(108, 1, 23) threads=13 uptime=427200s
2026-06-01 10:45:42,561 INFO gateway.memory_monitor: [MEMORY] rss=451MB gc=(326, 2, 23) threads=13 uptime=427500s
2026-06-01 10:50:42,562 INFO gateway.memory_monitor: [MEMORY] rss=451MB gc=(592, 3, 23) threads=13 uptime=427800s
2026-06-01 10:55:42,562 INFO gateway.memory_monitor: [MEMORY] rss=451MB gc=(252, 5, 23) threads=13 uptime=428100s
2026-06-01 11:00:42,563 INFO gateway.memory_monitor: [MEMORY] rss=451MB gc=(107, 7, 23) threads=13 uptime=428400s
2026-06-01 11:05:42,563 INFO gateway.memory_monitor: [MEMORY] rss=451MB gc=(326, 8, 23) threads=13 uptime=428700s
2026-06-01 11:10:42,564 INFO gateway.memory_monitor: [MEMORY] rss=451MB gc=(595, 9, 23) threads=13 uptime=429000s
2026-06-01 11:15:42,564 INFO gateway.memory_monitor: [MEMORY] rss=451MB gc=(249, 11, 23) threads=13 uptime=429300s
2026-06-01 11:20:42,565 INFO gateway.memory_monitor: [MEMORY] rss=451MB gc=(138, 1, 24) threads=13 uptime=429600s
2026-06-01 11:25:42,565 INFO gateway.memory_monitor: [MEMORY] rss=451MB gc=(387, 2, 24) threads=13 uptime=429900s
2026-06-01 11:30:42,566 INFO gateway.memory_monitor: [MEMORY] rss=451MB gc=(657, 3, 24) threads=13 uptime=430200s
2026-06-01 11:35:42,566 INFO gateway.memory_monitor: [MEMORY] rss=451MB gc=(220, 5, 24) threads=13 uptime=430500s
2026-06-01 11:40:42,567 INFO gateway.memory_monitor: [MEMORY] rss=451MB gc=(654, 6, 24) threads=13 uptime=430800s
2026-06-01 11:45:42,567 INFO gateway.memory_monitor: [MEMORY] rss=451MB gc=(360, 8, 24) threads=13 uptime=431100s
2026-06-01 11:46:33,781 INFO gateway.platforms.telegram: [Telegram] Flushing text batch agent:main:telegram:dm:8174123879 (170 chars)
2026-06-01 11:46:33,782 INFO gateway.run: inbound message: platform=telegram user=T chat=8174123879 msg='From now on Switch PlayStyle to aggressive (defend rarely). Befriending difficul'
2026-06-01 11:46:44,599 INFO gateway.platforms.telegram: [Telegram] Flushing text batch agent:main:telegram:dm:8174123879 (27 chars)
2026-06-01 11:46:56,284 INFO gateway.run: Queued follow-up for session agent:main:telegram:dm:8174123879: final stream delivery not confirmed; sending first response before continuing.
2026-06-01 11:48:14,517 INFO gateway.run: response ready: platform=telegram chat=8174123879 time=100.7s api_calls=13 response=483 chars
2026-06-01 11:48:14,551 INFO gateway.platforms.base: [Telegram] Sending response (483 chars) to 8174123879
2026-06-01 11:49:22,525 INFO gateway.platforms.telegram: [Telegram] Flushing text batch agent:main:telegram:dm:8174123879 (162 chars)
2026-06-01 11:49:22,526 INFO gateway.run: inbound message: platform=telegram user=T chat=8174123879 msg='Also, for your personality, I want you to start aggressively suggesting phase wo'
2026-06-01 11:49:42,809 INFO gateway.run: response ready: platform=telegram chat=8174123879 time=20.3s api_calls=4 response=672 chars
2026-06-01 11:49:42,814 INFO gateway.platforms.base: [Telegram] Sending response (672 chars) to 8174123879
2026-06-01 11:50:42,568 INFO gateway.memory_monitor: [MEMORY] rss=451MB gc=(233, 8, 31) threads=13 uptime=431400s
2026-06-01 11:55:42,568 INFO gateway.memory_monitor: [MEMORY] rss=451MB gc=(1, 10, 31) threads=13 uptime=431700s
2026-06-01 12:00:42,569 INFO gateway.memory_monitor: [MEMORY] rss=451MB gc=(297, 11, 31) threads=13 uptime=432000s
2026-06-01 12:05:42,570 INFO gateway.memory_monitor: [MEMORY] rss=451MB gc=(135, 1, 32) threads=13 uptime=432300s
2026-06-01 12:10:42,570 INFO gateway.memory_monitor: [MEMORY] rss=451MB gc=(326, 2, 32) threads=13 uptime=432600s
2026-06-01 12:15:42,570 INFO gateway.memory_monitor: [MEMORY] rss=451MB gc=(595, 3, 32) threads=13 uptime=432900s
2026-06-01 12:20:42,571 INFO gateway.memory_monitor: [MEMORY] rss=451MB gc=(219, 5, 32) threads=13 uptime=433200s
2026-06-01 12:25:42,571 INFO gateway.memory_monitor: [MEMORY] rss=451MB gc=(653, 6, 32) threads=13 uptime=433500s
2026-06-01 12:30:42,572 INFO gateway.memory_monitor: [MEMORY] rss=451MB gc=(266, 8, 32) threads=13 uptime=433800s
2026-06-01 12:35:42,573 INFO gateway.memory_monitor: [MEMORY] rss=451MB gc=(530, 9, 32) threads=13 uptime=434100s
2026-06-01 12:40:42,573 INFO gateway.memory_monitor: [MEMORY] rss=451MB gc=(218, 11, 32) threads=13 uptime=434400s
2026-06-01 12:45:42,574 INFO gateway.memory_monitor: [MEMORY] rss=451MB gc=(655, 0, 33) threads=13 uptime=434700s
2026-06-01 12:50:42,574 INFO gateway.memory_monitor: [MEMORY] rss=451MB gc=(218, 2, 33) threads=13 uptime=435000s
2026-06-01 12:53:54,524 INFO gateway.run: Agent cache idle-TTL evict: session=agent:main:telegram:dm:8174123879 (idle=3852s)
2026-06-01 12:53:54,525 INFO gateway.run: Agent cache idle sweep: evicted 1 agent(s)
2026-06-01 12:55:42,575 INFO gateway.memory_monitor: [MEMORY] rss=451MB gc=(470, 3, 33) threads=13 uptime=435300s
2026-06-01 13:00:42,575 INFO gateway.memory_monitor: [MEMORY] rss=451MB gc=(139, 5, 33) threads=13 uptime=435600s
2026-06-01 13:05:42,576 INFO gateway.memory_monitor: [MEMORY] rss=451MB gc=(592, 6, 33) threads=13 uptime=435900s
2026-06-01 13:10:42,576 INFO gateway.memory_monitor: [MEMORY] rss=451MB gc=(218, 8, 33) threads=13 uptime=436200s
2026-06-01 13:15:42,577 INFO gateway.memory_monitor: [MEMORY] rss=451MB gc=(470, 9, 33) threads=13 uptime=436500s
2026-06-01 13:20:42,577 INFO gateway.memory_monitor: [MEMORY] rss=451MB gc=(186, 11, 33) threads=13 uptime=436800s
2026-06-01 13:25:42,578 INFO gateway.memory_monitor: [MEMORY] rss=451MB gc=(625, 0, 34) threads=13 uptime=437100s
2026-06-01 13:30:42,578 INFO gateway.memory_monitor: [MEMORY] rss=451MB gc=(217, 2, 34) threads=13 uptime=437400s
2026-06-01 13:35:42,579 INFO gateway.memory_monitor: [MEMORY] rss=451MB gc=(469, 3, 34) threads=13 uptime=437700s
2026-06-01 13:40:42,579 INFO gateway.memory_monitor: [MEMORY] rss=451MB gc=(103, 5, 34) threads=13 uptime=438000s
2026-06-01 13:45:42,580 INFO gateway.memory_monitor: [MEMORY] rss=451MB gc=(532, 6, 34) threads=13 uptime=438300s
2026-06-01 13:50:42,580 INFO gateway.memory_monitor: [MEMORY] rss=451MB gc=(217, 8, 34) threads=13 uptime=438600s
2026-06-01 13:55:42,581 INFO gateway.memory_monitor: [MEMORY] rss=451MB gc=(469, 9, 34) threads=13 uptime=438900s
2026-06-01 14:00:42,582 INFO gateway.memory_monitor: [MEMORY] rss=451MB gc=(163, 3, 36) threads=16 uptime=439200s
2026-06-01 14:05:42,582 INFO gateway.memory_monitor: [MEMORY] rss=451MB gc=(456, 5, 37) threads=13 uptime=439500s
2026-06-01 14:10:42,583 INFO gateway.memory_monitor: [MEMORY] rss=451MB gc=(136, 7, 37) threads=13 uptime=439800s
2026-06-01 14:15:42,584 INFO gateway.memory_monitor: [MEMORY] rss=451MB gc=(401, 8, 37) threads=13 uptime=440100s
2026-06-01 14:20:42,584 INFO gateway.memory_monitor: [MEMORY] rss=451MB gc=(280, 10, 37) threads=13 uptime=440400s
2026-06-01 14:25:42,585 INFO gateway.memory_monitor: [MEMORY] rss=451MB gc=(513, 11, 37) threads=13 uptime=440700s
2026-06-01 14:28:16,316 INFO gateway.platforms.telegram: [Telegram] Flushing text batch agent:main:telegram:dm:8174123879 (138 chars)
2026-06-01 14:28:16,317 INFO gateway.run: inbound message: platform=telegram user=T chat=8174123879 msg='balance failure. I deferred new continent work indefinitely until we have a clea'
2026-06-01 14:30:42,585 INFO gateway.memory_monitor: [MEMORY] rss=451MB gc=(259, 8, 40) threads=14 uptime=441000s
2026-06-01 14:31:27,106 INFO gateway.run: response ready: platform=telegram chat=8174123879 time=190.8s api_calls=13 response=1753 chars
2026-06-01 14:31:27,111 INFO gateway.platforms.base: [Telegram] Sending response (1753 chars) to 8174123879
2026-06-01 14:35:42,586 INFO gateway.memory_monitor: [MEMORY] rss=451MB gc=(246, 4, 41) threads=13 uptime=441300s
2026-06-01 14:40:42,586 INFO gateway.memory_monitor: [MEMORY] rss=451MB gc=(103, 6, 41) threads=13 uptime=441600s
2026-06-01 14:45:42,587 INFO gateway.memory_monitor: [MEMORY] rss=451MB gc=(308, 7, 41) threads=13 uptime=441900s
2026-06-01 14:50:42,588 INFO gateway.memory_monitor: [MEMORY] rss=451MB gc=(545, 8, 41) threads=13 uptime=442200s
2026-06-01 14:55:42,588 INFO gateway.memory_monitor: [MEMORY] rss=451MB gc=(169, 10, 41) threads=13 uptime=442500s
2026-06-01 15:00:42,589 INFO gateway.memory_monitor: [MEMORY] rss=451MB gc=(633, 11, 41) threads=13 uptime=442800s
2026-06-01 15:05:42,589 INFO gateway.memory_monitor: [MEMORY] rss=451MB gc=(280, 2, 45) threads=13 uptime=443100s
2026-06-01 15:10:21,989 INFO gateway.platforms.telegram: [Telegram] Flushing text batch agent:main:telegram:dm:8174123879 (246 chars)
2026-06-01 15:10:21,990 INFO gateway.run: inbound message: platform=telegram user=T chat=8174123879 msg='Hire Glanton, yes. I am worried our conversations and decisions are colliding wi'
2026-06-01 15:10:42,590 INFO gateway.memory_monitor: [MEMORY] rss=451MB gc=(136, 2, 46) threads=14 uptime=443400s
2026-06-01 15:12:02,718 INFO gateway.run: response ready: platform=telegram chat=8174123879 time=100.7s api_calls=7 response=5367 chars
2026-06-01 15:12:02,728 INFO gateway.platforms.base: [Telegram] Sending response (5367 chars) to 8174123879
2026-06-01 15:12:39,349 INFO gateway.platforms.telegram: [Telegram] Flushing text batch agent:main:telegram:dm:8174123879 (3 chars)
2026-06-01 15:12:39,350 INFO gateway.run: inbound message: platform=telegram user=T chat=8174123879 msg='Yes'
2026-06-01 15:13:01,451 INFO gateway.platforms.telegram: [Telegram] Flushing text batch agent:main:telegram:dm:8174123879 (78 chars)
2026-06-01 15:15:42,590 INFO gateway.memory_monitor: [MEMORY] rss=451MB gc=(56, 9, 51) threads=14 uptime=443700s
2026-06-01 15:16:44,862 INFO [20260601_114633_e4a27228] gateway.run: Session split detected: 20260601_114633_e4a27228 → 20260601_151346_b18a2d (compression)
2026-06-01 15:16:44,887 INFO gateway.run: Queued follow-up for session agent:main:telegram:dm:8174123879: final stream delivery not confirmed; sending first response before continuing.
2026-06-01 15:17:15,852 INFO [20260601_151346_b18a2d] gateway.run: Session split detected: 20260601_114633_e4a27228 → 20260601_151346_b18a2d (compression)
2026-06-01 15:17:15,896 INFO gateway.run: response ready: platform=telegram chat=8174123879 time=276.5s api_calls=2 response=4459 chars
2026-06-01 15:17:15,909 INFO gateway.platforms.base: [Telegram] Sending response (4459 chars) to 8174123879
2026-06-01 15:20:42,591 INFO gateway.memory_monitor: [MEMORY] rss=451MB gc=(107, 11, 2) threads=13 uptime=444000s
2026-06-01 15:25:42,591 INFO gateway.memory_monitor: [MEMORY] rss=451MB gc=(450, 0, 3) threads=13 uptime=444300s
2026-06-01 15:30:42,592 INFO gateway.memory_monitor: [MEMORY] rss=451MB gc=(684, 1, 3) threads=13 uptime=444600s
2026-06-01 15:35:42,592 INFO gateway.memory_monitor: [MEMORY] rss=451MB gc=(283, 3, 3) threads=13 uptime=444900s
2026-06-01 15:40:42,593 INFO gateway.memory_monitor: [MEMORY] rss=451MB gc=(107, 5, 3) threads=13 uptime=445200s
2026-06-01 15:45:42,593 INFO gateway.memory_monitor: [MEMORY] rss=451MB gc=(371, 6, 3) threads=13 uptime=445500s
2026-06-01 15:50:42,594 INFO gateway.memory_monitor: [MEMORY] rss=451MB gc=(574, 7, 3) threads=13 uptime=445800s
2026-06-01 15:55:42,594 INFO gateway.memory_monitor: [MEMORY] rss=451MB gc=(220, 9, 3) threads=13 uptime=446100s
2026-06-01 16:00:42,595 INFO gateway.memory_monitor: [MEMORY] rss=451MB gc=(654, 10, 3) threads=13 uptime=446400s
2026-06-01 16:05:42,596 INFO gateway.memory_monitor: [MEMORY] rss=451MB gc=(277, 0, 4) threads=13 uptime=446700s
2026-06-01 16:10:42,596 INFO gateway.memory_monitor: [MEMORY] rss=451MB gc=(512, 1, 4) threads=13 uptime=447000s
2026-06-01 16:15:42,596 INFO gateway.memory_monitor: [MEMORY] rss=451MB gc=(110, 3, 4) threads=13 uptime=447300s
2026-06-01 16:19:08,014 INFO gateway.run: Agent cache idle-TTL evict: session=agent:main:telegram:dm:8174123879 (idle=3712s)
2026-06-01 16:19:08,015 INFO gateway.run: Agent cache idle sweep: evicted 1 agent(s)
2026-06-01 16:20:42,597 INFO gateway.memory_monitor: [MEMORY] rss=451MB gc=(580, 4, 4) threads=13 uptime=447600s
2026-06-01 16:25:42,597 INFO gateway.memory_monitor: [MEMORY] rss=451MB gc=(214, 6, 4) threads=13 uptime=447900s
2026-06-01 16:30:42,598 INFO gateway.memory_monitor: [MEMORY] rss=451MB gc=(452, 7, 4) threads=13 uptime=448200s
2026-06-01 16:35:42,599 INFO gateway.memory_monitor: [MEMORY] rss=451MB gc=(107, 9, 4) threads=13 uptime=448500s
2026-06-01 16:40:42,599 INFO gateway.memory_monitor: [MEMORY] rss=451MB gc=(574, 10, 4) threads=13 uptime=448800s
2026-06-01 16:45:42,600 INFO gateway.memory_monitor: [MEMORY] rss=451MB gc=(214, 0, 5) threads=13 uptime=449100s
2026-06-01 16:50:42,600 INFO gateway.memory_monitor: [MEMORY] rss=451MB gc=(424, 1, 5) threads=13 uptime=449400s
2026-06-01 16:55:42,601 INFO gateway.memory_monitor: [MEMORY] rss=451MB gc=(47, 3, 5) threads=13 uptime=449700s
2026-06-01 17:00:42,601 INFO gateway.memory_monitor: [MEMORY] rss=451MB gc=(512, 4, 5) threads=13 uptime=450000s
2026-06-01 17:05:14,857 INFO gateway.platforms.telegram: [Telegram] Flushing text batch agent:main:telegram:dm:8174123879 (19 chars)
2026-06-01 17:05:14,859 INFO gateway.run: inbound message: platform=telegram user=T chat=8174123879 msg='Yes to all of this!'
2026-06-01 17:05:42,602 INFO gateway.memory_monitor: [MEMORY] rss=451MB gc=(428, 10, 6) threads=14 uptime=450300s
2026-06-01 17:09:50,419 INFO gateway.run: response ready: platform=telegram chat=8174123879 time=275.6s api_calls=21 response=2597 chars
2026-06-01 17:09:50,432 INFO gateway.platforms.base: [Telegram] Sending response (2597 chars) to 8174123879
2026-06-01 17:10:42,602 INFO gateway.memory_monitor: [MEMORY] rss=459MB gc=(219, 1, 11) threads=15 uptime=450600s
2026-06-01 17:15:42,603 INFO gateway.memory_monitor: [MEMORY] rss=459MB gc=(602, 4, 12) threads=13 uptime=450900s
2026-06-01 17:20:42,603 INFO gateway.memory_monitor: [MEMORY] rss=459MB gc=(253, 6, 12) threads=13 uptime=451200s
2026-06-01 17:25:42,604 INFO gateway.memory_monitor: [MEMORY] rss=459MB gc=(0, 8, 12) threads=13 uptime=451500s
2026-06-01 17:30:42,604 INFO gateway.memory_monitor: [MEMORY] rss=459MB gc=(310, 9, 12) threads=13 uptime=451800s
2026-06-01 17:35:42,605 INFO gateway.memory_monitor: [MEMORY] rss=459MB gc=(544, 10, 12) threads=13 uptime=452100s
2026-06-01 17:40:42,605 INFO gateway.memory_monitor: [MEMORY] rss=459MB gc=(190, 0, 13) threads=13 uptime=452400s
2026-06-01 17:45:42,606 INFO gateway.memory_monitor: [MEMORY] rss=459MB gc=(624, 1, 13) threads=13 uptime=452700s
2026-06-01 17:50:42,606 INFO gateway.memory_monitor: [MEMORY] rss=459MB gc=(247, 3, 13) threads=13 uptime=453000s
2026-06-01 17:55:42,607 INFO gateway.memory_monitor: [MEMORY] rss=459MB gc=(481, 4, 13) threads=13 uptime=453300s
2026-06-01 18:00:42,608 INFO gateway.memory_monitor: [MEMORY] rss=459MB gc=(108, 6, 13) threads=13 uptime=453600s
2026-06-01 18:05:42,608 INFO gateway.memory_monitor: [MEMORY] rss=459MB gc=(545, 7, 13) threads=13 uptime=453900s
2026-06-01 18:10:42,609 INFO gateway.memory_monitor: [MEMORY] rss=459MB gc=(216, 9, 13) threads=13 uptime=454200s
2026-06-01 18:14:14,866 INFO gateway.run: Agent cache idle-TTL evict: session=agent:main:telegram:dm:8174123879 (idle=3865s)
2026-06-01 18:14:14,867 INFO gateway.run: Agent cache idle sweep: evicted 1 agent(s)
2026-06-01 18:15:42,609 INFO gateway.memory_monitor: [MEMORY] rss=459MB gc=(420, 10, 13) threads=13 uptime=454500s
2026-06-01 18:20:42,610 INFO gateway.memory_monitor: [MEMORY] rss=459MB gc=(102, 0, 14) threads=13 uptime=454800s
2026-06-01 18:25:42,610 INFO gateway.memory_monitor: [MEMORY] rss=459MB gc=(545, 1, 14) threads=13 uptime=455100s
2026-06-01 18:30:42,611 INFO gateway.memory_monitor: [MEMORY] rss=459MB gc=(215, 3, 14) threads=13 uptime=455400s
2026-06-01 18:35:42,611 INFO gateway.memory_monitor: [MEMORY] rss=459MB gc=(425, 4, 14) threads=13 uptime=455700s
2026-06-01 18:40:42,612 INFO gateway.memory_monitor: [MEMORY] rss=459MB gc=(47, 6, 14) threads=13 uptime=456000s
2026-06-01 18:45:42,612 INFO gateway.memory_monitor: [MEMORY] rss=459MB gc=(543, 7, 14) threads=13 uptime=456300s
2026-06-01 18:50:42,613 INFO gateway.memory_monitor: [MEMORY] rss=459MB gc=(183, 9, 14) threads=13 uptime=456600s
2026-06-01 18:55:42,613 INFO gateway.memory_monitor: [MEMORY] rss=459MB gc=(424, 10, 14) threads=13 uptime=456900s
2026-06-01 19:00:42,614 INFO gateway.memory_monitor: [MEMORY] rss=459MB gc=(248, 0, 15) threads=13 uptime=457200s
2026-06-01 19:05:42,614 INFO gateway.memory_monitor: [MEMORY] rss=459MB gc=(481, 1, 15) threads=13 uptime=457500s
2026-06-01 19:10:42,615 INFO gateway.memory_monitor: [MEMORY] rss=459MB gc=(134, 3, 15) threads=13 uptime=457800s
2026-06-01 19:13:26,459 INFO gateway.platforms.telegram: [Telegram] Flushing text batch agent:main:telegram:dm:8174123879 (34 chars)
2026-06-01 19:13:26,460 INFO gateway.run: inbound message: platform=telegram user=T chat=8174123879 msg="Alright what's next on the agenda?"
2026-06-01 19:15:42,615 INFO gateway.memory_monitor: [MEMORY] rss=459MB gc=(162, 3, 17) threads=14 uptime=458100s
2026-06-01 19:16:24,184 INFO [20260601_151346_b18a2d] gateway.run: Session split detected: 20260601_151346_b18a2d → 20260601_191529_7c5604 (compression)
2026-06-01 19:16:24,187 INFO gateway.run: response ready: platform=telegram chat=8174123879 time=177.7s api_calls=5 response=2104 chars
2026-06-01 19:16:24,191 INFO gateway.platforms.base: [Telegram] Sending response (2104 chars) to 8174123879
2026-06-01 19:20:42,616 INFO gateway.memory_monitor: [MEMORY] rss=459MB gc=(423, 10, 17) threads=13 uptime=458400s
2026-06-01 19:25:42,616 INFO gateway.memory_monitor: [MEMORY] rss=459MB gc=(612, 11, 17) threads=13 uptime=458700s
2026-06-01 19:30:42,617 INFO gateway.memory_monitor: [MEMORY] rss=459MB gc=(251, 1, 18) threads=13 uptime=459000s
2026-06-01 19:35:42,617 INFO gateway.memory_monitor: [MEMORY] rss=459MB gc=(0, 3, 18) threads=13 uptime=459300s
2026-06-01 19:40:42,618 INFO gateway.memory_monitor: [MEMORY] rss=459MB gc=(340, 4, 18) threads=13 uptime=459600s
2026-06-01 19:45:42,618 INFO gateway.memory_monitor: [MEMORY] rss=459MB gc=(517, 5, 18) threads=13 uptime=459900s
2026-06-01 19:50:42,619 INFO gateway.memory_monitor: [MEMORY] rss=459MB gc=(341, 7, 18) threads=13 uptime=460200s
2026-06-01 19:55:42,619 INFO gateway.memory_monitor: [MEMORY] rss=459MB gc=(591, 8, 18) threads=13 uptime=460500s
2026-06-01 20:00:42,620 INFO gateway.memory_monitor: [MEMORY] rss=459MB gc=(244, 10, 18) threads=13 uptime=460800s
2026-06-01 20:05:42,620 INFO gateway.memory_monitor: [MEMORY] rss=459MB gc=(455, 11, 18) threads=13 uptime=461100s
2026-06-01 20:10:42,621 INFO gateway.memory_monitor: [MEMORY] rss=459MB gc=(279, 1, 19) threads=13 uptime=461400s
2026-06-01 20:15:42,621 INFO gateway.memory_monitor: [MEMORY] rss=459MB gc=(543, 2, 19) threads=13 uptime=461700s
2026-06-01 20:19:21,830 INFO gateway.run: Agent cache idle-TTL evict: session=agent:main:telegram:dm:8174123879 (idle=3778s)
2026-06-01 20:19:21,830 INFO gateway.run: Agent cache idle sweep: evicted 1 agent(s)
2026-06-01 20:20:42,622 INFO gateway.memory_monitor: [MEMORY] rss=459MB gc=(107, 4, 19) threads=13 uptime=462000s
2026-06-01 20:25:42,622 INFO gateway.memory_monitor: [MEMORY] rss=459MB gc=(392, 5, 19) threads=13 uptime=462300s
2026-06-01 20:30:42,623 INFO gateway.memory_monitor: [MEMORY] rss=459MB gc=(247, 7, 19) threads=13 uptime=462600s
2026-06-01 20:35:42,623 INFO gateway.memory_monitor: [MEMORY] rss=459MB gc=(480, 8, 19) threads=13 uptime=462900s
2026-06-01 20:40:42,624 INFO gateway.memory_monitor: [MEMORY] rss=459MB gc=(106, 10, 19) threads=13 uptime=463200s
2026-06-01 20:45:42,625 INFO gateway.memory_monitor: [MEMORY] rss=459MB gc=(361, 11, 19) threads=13 uptime=463500s
2026-06-01 20:50:42,625 INFO gateway.memory_monitor: [MEMORY] rss=459MB gc=(217, 1, 20) threads=13 uptime=463800s
2026-06-01 20:55:42,626 INFO gateway.memory_monitor: [MEMORY] rss=459MB gc=(449, 2, 20) threads=13 uptime=464100s
2026-06-01 21:00:42,626 INFO gateway.memory_monitor: [MEMORY] rss=459MB gc=(657, 3, 20) threads=13 uptime=464400s
2026-06-01 21:05:42,627 INFO gateway.memory_monitor: [MEMORY] rss=459MB gc=(313, 5, 20) threads=13 uptime=464700s
2026-06-01 21:10:42,627 INFO gateway.memory_monitor: [MEMORY] rss=459MB gc=(106, 7, 20) threads=13 uptime=465000s
2026-06-01 21:15:42,628 INFO gateway.memory_monitor: [MEMORY] rss=459MB gc=(418, 8, 20) threads=13 uptime=465300s
2026-06-01 21:18:16,836 INFO gateway.platforms.telegram: [Telegram] Flushing text batch agent:main:telegram:dm:8174123879 (132 chars)
2026-06-01 21:18:16,837 INFO gateway.run: inbound message: platform=telegram user=T chat=8174123879 msg='All this work is lined up to be picked up by "/march" right? If so, let\'s talk a'
2026-06-01 21:20:23,194 INFO gateway.run: response ready: platform=telegram chat=8174123879 time=126.4s api_calls=12 response=5027 chars
2026-06-01 21:20:23,200 INFO gateway.platforms.base: [Telegram] Sending response (5027 chars) to 8174123879
2026-06-01 21:20:42,628 INFO gateway.memory_monitor: [MEMORY] rss=460MB gc=(125, 8, 23) threads=13 uptime=465600s
2026-06-01 21:25:42,629 INFO gateway.memory_monitor: [MEMORY] rss=460MB gc=(415, 9, 23) threads=13 uptime=465900s
2026-06-01 21:30:42,629 INFO gateway.memory_monitor: [MEMORY] rss=460MB gc=(250, 11, 23) threads=13 uptime=466200s
2026-06-01 21:35:42,630 INFO gateway.memory_monitor: [MEMORY] rss=460MB gc=(513, 0, 24) threads=13 uptime=466500s
2026-06-01 21:40:42,630 INFO gateway.memory_monitor: [MEMORY] rss=460MB gc=(154, 2, 24) threads=13 uptime=466800s
2026-06-01 21:45:42,631 INFO gateway.memory_monitor: [MEMORY] rss=460MB gc=(420, 3, 24) threads=13 uptime=467100s
2026-06-01 21:50:42,631 INFO gateway.memory_monitor: [MEMORY] rss=460MB gc=(218, 5, 24) threads=13 uptime=467400s
2026-06-01 21:55:42,632 INFO gateway.memory_monitor: [MEMORY] rss=460MB gc=(452, 6, 24) threads=13 uptime=467700s
2026-06-01 22:00:42,632 INFO gateway.memory_monitor: [MEMORY] rss=460MB gc=(106, 8, 24) threads=13 uptime=468000s
2026-06-01 22:05:42,633 INFO gateway.memory_monitor: [MEMORY] rss=460MB gc=(356, 9, 24) threads=13 uptime=468300s
2026-06-01 22:10:42,633 INFO gateway.memory_monitor: [MEMORY] rss=460MB gc=(156, 11, 24) threads=13 uptime=468600s
2026-06-01 22:15:42,634 INFO gateway.memory_monitor: [MEMORY] rss=460MB gc=(420, 0, 25) threads=13 uptime=468900s
2026-06-01 22:20:42,634 INFO gateway.memory_monitor: [MEMORY] rss=460MB gc=(643, 1, 25) threads=13 uptime=469200s
2026-06-01 22:24:29,396 INFO gateway.run: Agent cache idle-TTL evict: session=agent:main:telegram:dm:8174123879 (idle=3846s)
2026-06-01 22:24:29,396 INFO gateway.run: Agent cache idle sweep: evicted 1 agent(s)
2026-06-01 22:25:42,635 INFO gateway.memory_monitor: [MEMORY] rss=460MB gc=(250, 3, 25) threads=13 uptime=469500s
2026-06-01 22:30:42,635 INFO gateway.memory_monitor: [MEMORY] rss=460MB gc=(108, 5, 25) threads=13 uptime=469800s
2026-06-01 22:35:42,636 INFO gateway.memory_monitor: [MEMORY] rss=460MB gc=(357, 6, 25) threads=13 uptime=470100s
2026-06-01 22:40:42,636 INFO gateway.memory_monitor: [MEMORY] rss=460MB gc=(592, 7, 25) threads=13 uptime=470400s
2026-06-01 22:45:42,637 INFO gateway.memory_monitor: [MEMORY] rss=460MB gc=(422, 9, 25) threads=13 uptime=470700s
2026-06-01 22:50:42,637 INFO gateway.memory_monitor: [MEMORY] rss=460MB gc=(107, 11, 25) threads=13 uptime=471000s
2026-06-01 22:55:42,638 INFO gateway.memory_monitor: [MEMORY] rss=460MB gc=(357, 0, 26) threads=13 uptime=471300s
2026-06-01 23:00:42,639 INFO gateway.memory_monitor: [MEMORY] rss=460MB gc=(593, 1, 26) threads=13 uptime=471600s
2026-06-01 23:05:42,639 INFO gateway.memory_monitor: [MEMORY] rss=460MB gc=(422, 3, 26) threads=13 uptime=471900s
2026-06-01 23:10:42,640 INFO gateway.memory_monitor: [MEMORY] rss=460MB gc=(0, 5, 26) threads=13 uptime=472200s
2026-06-01 23:15:42,640 INFO gateway.memory_monitor: [MEMORY] rss=460MB gc=(309, 6, 26) threads=13 uptime=472500s
2026-06-01 23:20:42,641 INFO gateway.memory_monitor: [MEMORY] rss=460MB gc=(513, 7, 26) threads=13 uptime=472800s
2026-06-01 23:25:42,641 INFO gateway.memory_monitor: [MEMORY] rss=460MB gc=(361, 9, 26) threads=13 uptime=473100s
2026-06-01 23:30:42,642 INFO gateway.memory_monitor: [MEMORY] rss=460MB gc=(625, 10, 26) threads=13 uptime=473400s
2026-06-01 23:35:42,642 INFO gateway.memory_monitor: [MEMORY] rss=460MB gc=(277, 0, 27) threads=13 uptime=473700s
2026-06-01 23:40:42,643 INFO gateway.memory_monitor: [MEMORY] rss=460MB gc=(513, 1, 27) threads=13 uptime=474000s
2026-06-01 23:45:42,644 INFO gateway.memory_monitor: [MEMORY] rss=460MB gc=(328, 3, 27) threads=13 uptime=474300s
2026-06-01 23:50:42,644 INFO gateway.memory_monitor: [MEMORY] rss=460MB gc=(562, 4, 27) threads=13 uptime=474600s
2026-06-01 23:55:42,645 INFO gateway.memory_monitor: [MEMORY] rss=460MB gc=(216, 6, 27) threads=13 uptime=474900s
2026-06-02 00:00:42,645 INFO gateway.memory_monitor: [MEMORY] rss=460MB gc=(482, 7, 27) threads=13 uptime=475200s
2026-06-02 00:05:42,646 INFO gateway.memory_monitor: [MEMORY] rss=460MB gc=(329, 9, 27) threads=13 uptime=475500s
2026-06-02 00:10:42,646 INFO gateway.memory_monitor: [MEMORY] rss=460MB gc=(561, 10, 27) threads=13 uptime=475800s
2026-06-02 00:15:42,647 INFO gateway.memory_monitor: [MEMORY] rss=460MB gc=(216, 0, 28) threads=13 uptime=476100s
2026-06-02 00:20:42,647 INFO gateway.memory_monitor: [MEMORY] rss=460MB gc=(482, 1, 28) threads=13 uptime=476400s
2026-06-02 00:25:42,648 INFO gateway.memory_monitor: [MEMORY] rss=460MB gc=(360, 3, 28) threads=13 uptime=476700s
2026-06-02 00:30:42,648 INFO gateway.memory_monitor: [MEMORY] rss=460MB gc=(624, 4, 28) threads=13 uptime=477000s
2026-06-02 00:35:42,649 INFO gateway.memory_monitor: [MEMORY] rss=460MB gc=(260, 6, 28) threads=13 uptime=477300s
2026-06-02 00:40:42,649 INFO gateway.memory_monitor: [MEMORY] rss=460MB gc=(464, 7, 28) threads=13 uptime=477600s
2026-06-02 00:45:42,650 INFO gateway.memory_monitor: [MEMORY] rss=460MB gc=(262, 9, 28) threads=13 uptime=477900s
2026-06-02 00:50:42,650 INFO gateway.memory_monitor: [MEMORY] rss=460MB gc=(512, 10, 28) threads=13 uptime=478200s
2026-06-02 00:55:42,651 INFO gateway.memory_monitor: [MEMORY] rss=460MB gc=(136, 0, 29) threads=13 uptime=478500s
2026-06-02 01:00:42,651 INFO gateway.memory_monitor: [MEMORY] rss=460MB gc=(402, 1, 29) threads=13 uptime=478800s
2026-06-02 01:05:42,652 INFO gateway.memory_monitor: [MEMORY] rss=460MB gc=(201, 3, 29) threads=13 uptime=479100s
2026-06-02 01:10:42,653 INFO gateway.memory_monitor: [MEMORY] rss=460MB gc=(464, 4, 29) threads=13 uptime=479400s
2026-06-02 01:15:42,653 INFO gateway.memory_monitor: [MEMORY] rss=460MB gc=(105, 6, 29) threads=13 uptime=479700s
2026-06-02 01:20:42,654 INFO gateway.memory_monitor: [MEMORY] rss=460MB gc=(340, 7, 29) threads=13 uptime=480000s
2026-06-02 01:25:42,654 INFO gateway.memory_monitor: [MEMORY] rss=460MB gc=(200, 9, 29) threads=13 uptime=480300s
2026-06-02 01:30:42,655 INFO gateway.memory_monitor: [MEMORY] rss=460MB gc=(434, 10, 29) threads=13 uptime=480600s
2026-06-02 01:35:42,655 INFO gateway.memory_monitor: [MEMORY] rss=460MB gc=(105, 0, 30) threads=13 uptime=480900s
2026-06-02 01:40:42,656 INFO gateway.memory_monitor: [MEMORY] rss=460MB gc=(339, 1, 30) threads=13 uptime=481200s
2026-06-02 01:45:42,656 INFO gateway.memory_monitor: [MEMORY] rss=460MB gc=(138, 3, 30) threads=13 uptime=481500s
2026-06-02 01:50:42,657 INFO gateway.memory_monitor: [MEMORY] rss=460MB gc=(402, 4, 30) threads=13 uptime=481800s
2026-06-02 01:55:42,657 INFO gateway.memory_monitor: [MEMORY] rss=460MB gc=(625, 5, 30) threads=13 uptime=482100s
2026-06-02 02:00:42,658 INFO gateway.memory_monitor: [MEMORY] rss=460MB gc=(280, 7, 30) threads=13 uptime=482400s
2026-06-02 02:05:42,658 INFO gateway.memory_monitor: [MEMORY] rss=460MB gc=(107, 9, 30) threads=13 uptime=482700s
2026-06-02 02:10:42,659 INFO gateway.memory_monitor: [MEMORY] rss=460MB gc=(339, 10, 30) threads=13 uptime=483000s
2026-06-02 02:15:42,659 INFO gateway.memory_monitor: [MEMORY] rss=460MB gc=(575, 11, 30) threads=13 uptime=483300s
2026-06-02 02:20:42,660 INFO gateway.memory_monitor: [MEMORY] rss=460MB gc=(231, 1, 31) threads=13 uptime=483600s
2026-06-02 02:25:42,660 INFO gateway.memory_monitor: [MEMORY] rss=460MB gc=(106, 3, 31) threads=13 uptime=483900s
2026-06-02 02:30:42,661 INFO gateway.memory_monitor: [MEMORY] rss=460MB gc=(339, 4, 31) threads=13 uptime=484200s
2026-06-02 02:35:42,661 INFO gateway.memory_monitor: [MEMORY] rss=460MB gc=(575, 5, 31) threads=13 uptime=484500s
2026-06-02 02:40:42,662 INFO gateway.memory_monitor: [MEMORY] rss=460MB gc=(234, 7, 31) threads=13 uptime=484800s
2026-06-02 02:45:42,662 INFO gateway.memory_monitor: [MEMORY] rss=460MB gc=(636, 8, 31) threads=13 uptime=485100s
2026-06-02 02:50:42,663 INFO gateway.memory_monitor: [MEMORY] rss=460MB gc=(276, 10, 31) threads=13 uptime=485400s
2026-06-02 02:55:42,663 INFO gateway.memory_monitor: [MEMORY] rss=460MB gc=(512, 11, 31) threads=13 uptime=485700s
2026-06-02 03:00:42,664 INFO gateway.memory_monitor: [MEMORY] rss=460MB gc=(109, 1, 32) threads=13 uptime=486000s
2026-06-02 03:05:42,664 INFO gateway.memory_monitor: [MEMORY] rss=460MB gc=(543, 2, 32) threads=13 uptime=486300s
2026-06-02 03:10:42,665 INFO gateway.memory_monitor: [MEMORY] rss=460MB gc=(198, 4, 32) threads=13 uptime=486600s
2026-06-02 03:15:42,665 INFO gateway.memory_monitor: [MEMORY] rss=460MB gc=(403, 5, 32) threads=13 uptime=486900s
2026-06-02 03:20:42,666 INFO gateway.memory_monitor: [MEMORY] rss=460MB gc=(278, 7, 32) threads=13 uptime=487200s
2026-06-02 03:25:42,666 INFO gateway.memory_monitor: [MEMORY] rss=460MB gc=(543, 8, 32) threads=13 uptime=487500s
2026-06-02 03:30:42,667 INFO gateway.memory_monitor: [MEMORY] rss=460MB gc=(197, 10, 32) threads=13 uptime=487800s
2026-06-02 03:35:42,667 INFO gateway.memory_monitor: [MEMORY] rss=460MB gc=(403, 11, 32) threads=13 uptime=488100s
2026-06-02 03:40:42,668 INFO gateway.memory_monitor: [MEMORY] rss=460MB gc=(231, 1, 33) threads=13 uptime=488400s
2026-06-02 03:45:42,668 INFO gateway.memory_monitor: [MEMORY] rss=460MB gc=(480, 2, 33) threads=13 uptime=488700s
2026-06-02 03:50:42,669 INFO gateway.memory_monitor: [MEMORY] rss=460MB gc=(135, 4, 33) threads=13 uptime=489000s
2026-06-02 03:55:42,669 INFO gateway.memory_monitor: [MEMORY] rss=460MB gc=(375, 5, 33) threads=13 uptime=489300s
2026-06-02 04:00:42,670 INFO gateway.memory_monitor: [MEMORY] rss=460MB gc=(199, 7, 33) threads=13 uptime=489600s
2026-06-02 04:04:51,387 INFO gateway.run: Session expiry: 1 sessions to finalize (telegram:1)
2026-06-02 04:04:51,388 INFO gateway.run: Session expiry done: 1 finalized
2026-06-02 04:05:42,671 INFO gateway.memory_monitor: [MEMORY] rss=460MB gc=(462, 8, 33) threads=13 uptime=489900s
2026-06-02 04:10:42,671 INFO gateway.memory_monitor: [MEMORY] rss=460MB gc=(104, 10, 33) threads=13 uptime=490200s
2026-06-02 04:15:42,672 INFO gateway.memory_monitor: [MEMORY] rss=460MB gc=(341, 11, 33) threads=13 uptime=490500s
2026-06-02 04:20:42,672 INFO gateway.memory_monitor: [MEMORY] rss=460MB gc=(199, 1, 34) threads=13 uptime=490800s
2026-06-02 04:25:42,673 INFO gateway.memory_monitor: [MEMORY] rss=460MB gc=(542, 2, 34) threads=13 uptime=491100s
2026-06-02 04:30:42,673 INFO gateway.memory_monitor: [MEMORY] rss=460MB gc=(196, 4, 34) threads=13 uptime=491400s
2026-06-02 04:35:42,674 INFO gateway.memory_monitor: [MEMORY] rss=460MB gc=(405, 5, 34) threads=13 uptime=491700s
2026-06-02 04:40:42,674 INFO gateway.memory_monitor: [MEMORY] rss=460MB gc=(199, 7, 34) threads=13 uptime=492000s
2026-06-02 04:45:42,675 INFO gateway.memory_monitor: [MEMORY] rss=460MB gc=(432, 8, 34) threads=13 uptime=492300s
2026-06-02 04:50:42,675 INFO gateway.memory_monitor: [MEMORY] rss=460MB gc=(612, 9, 34) threads=13 uptime=492600s
2026-06-02 04:55:42,676 INFO gateway.memory_monitor: [MEMORY] rss=460MB gc=(278, 11, 34) threads=13 uptime=492900s
2026-06-02 05:00:42,676 INFO gateway.memory_monitor: [MEMORY] rss=460MB gc=(104, 1, 35) threads=13 uptime=493200s
2026-06-02 05:05:42,677 INFO gateway.memory_monitor: [MEMORY] rss=460MB gc=(430, 2, 35) threads=13 uptime=493500s
2026-06-02 05:10:42,677 INFO gateway.memory_monitor: [MEMORY] rss=460MB gc=(639, 3, 35) threads=13 uptime=493800s
2026-06-02 05:15:42,678 INFO gateway.memory_monitor: [MEMORY] rss=460MB gc=(280, 5, 35) threads=13 uptime=494100s
2026-06-02 05:20:42,678 INFO gateway.memory_monitor: [MEMORY] rss=460MB gc=(104, 7, 35) threads=13 uptime=494400s
2026-06-02 05:25:42,679 INFO gateway.memory_monitor: [MEMORY] rss=460MB gc=(401, 8, 35) threads=13 uptime=494700s
2026-06-02 05:30:42,679 INFO gateway.memory_monitor: [MEMORY] rss=460MB gc=(609, 9, 35) threads=13 uptime=495000s
2026-06-02 05:35:42,680 INFO gateway.memory_monitor: [MEMORY] rss=460MB gc=(248, 11, 35) threads=13 uptime=495300s
2026-06-02 05:40:42,680 INFO gateway.memory_monitor: [MEMORY] rss=460MB gc=(683, 0, 36) threads=13 uptime=495600s
2026-06-02 05:45:42,681 INFO gateway.memory_monitor: [MEMORY] rss=460MB gc=(337, 2, 36) threads=13 uptime=495900s
2026-06-02 05:50:42,681 INFO gateway.memory_monitor: [MEMORY] rss=460MB gc=(547, 3, 36) threads=13 uptime=496200s
2026-06-02 05:55:42,682 INFO gateway.memory_monitor: [MEMORY] rss=460MB gc=(201, 5, 36) threads=13 uptime=496500s
2026-06-02 06:00:42,682 INFO gateway.memory_monitor: [MEMORY] rss=460MB gc=(652, 6, 36) threads=13 uptime=496800s
2026-06-02 06:05:42,683 INFO gateway.memory_monitor: [MEMORY] rss=460MB gc=(338, 8, 36) threads=13 uptime=497100s
2026-06-02 06:10:42,684 INFO gateway.memory_monitor: [MEMORY] rss=460MB gc=(546, 9, 36) threads=13 uptime=497400s
2026-06-02 06:15:42,684 INFO gateway.memory_monitor: [MEMORY] rss=460MB gc=(201, 11, 36) threads=13 uptime=497700s
2026-06-02 06:20:42,685 INFO gateway.memory_monitor: [MEMORY] rss=460MB gc=(652, 0, 37) threads=13 uptime=498000s
2026-06-02 06:25:42,685 INFO gateway.memory_monitor: [MEMORY] rss=460MB gc=(370, 2, 37) threads=13 uptime=498300s
2026-06-02 06:30:42,686 INFO gateway.memory_monitor: [MEMORY] rss=460MB gc=(577, 3, 37) threads=13 uptime=498600s
2026-06-02 06:35:42,686 INFO gateway.memory_monitor: [MEMORY] rss=460MB gc=(249, 5, 37) threads=13 uptime=498900s
2026-06-02 06:40:42,687 INFO gateway.memory_monitor: [MEMORY] rss=460MB gc=(0, 7, 37) threads=13 uptime=499200s
2026-06-02 06:45:42,687 INFO gateway.memory_monitor: [MEMORY] rss=460MB gc=(280, 8, 37) threads=13 uptime=499500s
2026-06-02 06:50:42,688 INFO gateway.memory_monitor: [MEMORY] rss=460MB gc=(515, 9, 37) threads=13 uptime=499800s
2026-06-02 06:55:42,688 INFO gateway.memory_monitor: [MEMORY] rss=460MB gc=(138, 11, 37) threads=13 uptime=500100s
2026-06-02 07:00:42,689 INFO gateway.memory_monitor: [MEMORY] rss=460MB gc=(603, 0, 38) threads=13 uptime=500400s
2026-06-02 07:05:42,689 INFO gateway.memory_monitor: [MEMORY] rss=460MB gc=(246, 2, 38) threads=13 uptime=500700s
2026-06-02 07:10:42,690 INFO gateway.memory_monitor: [MEMORY] rss=460MB gc=(484, 3, 38) threads=13 uptime=501000s
2026-06-02 07:15:42,690 INFO gateway.memory_monitor: [MEMORY] rss=460MB gc=(136, 5, 38) threads=13 uptime=501300s
2026-06-02 07:20:42,691 INFO gateway.memory_monitor: [MEMORY] rss=460MB gc=(604, 6, 38) threads=13 uptime=501600s
2026-06-02 07:25:42,692 INFO gateway.memory_monitor: [MEMORY] rss=460MB gc=(248, 8, 38) threads=13 uptime=501900s
2026-06-02 07:30:42,692 INFO gateway.memory_monitor: [MEMORY] rss=460MB gc=(483, 9, 38) threads=13 uptime=502200s
2026-06-02 07:35:42,693 INFO gateway.memory_monitor: [MEMORY] rss=460MB gc=(107, 11, 38) threads=13 uptime=502500s
2026-06-02 07:40:42,693 INFO gateway.memory_monitor: [MEMORY] rss=460MB gc=(541, 0, 39) threads=13 uptime=502800s
2026-06-02 07:45:42,694 INFO gateway.memory_monitor: [MEMORY] rss=460MB gc=(169, 2, 39) threads=13 uptime=503100s
2026-06-02 07:50:42,694 INFO gateway.memory_monitor: [MEMORY] rss=460MB gc=(422, 3, 39) threads=13 uptime=503400s
2026-06-02 07:55:42,695 INFO gateway.memory_monitor: [MEMORY] rss=460MB gc=(45, 5, 39) threads=13 uptime=503700s
2026-06-02 08:00:42,695 INFO gateway.memory_monitor: [MEMORY] rss=460MB gc=(377, 2, 41) threads=16 uptime=504000s
2026-06-02 08:05:42,696 INFO gateway.memory_monitor: [MEMORY] rss=460MB gc=(574, 1, 43) threads=13 uptime=504300s
2026-06-02 08:10:42,697 INFO gateway.memory_monitor: [MEMORY] rss=460MB gc=(168, 3, 43) threads=13 uptime=504600s
2026-06-02 08:15:42,697 INFO gateway.memory_monitor: [MEMORY] rss=460MB gc=(603, 4, 43) threads=13 uptime=504900s
2026-06-02 08:20:42,697 INFO gateway.memory_monitor: [MEMORY] rss=460MB gc=(264, 6, 43) threads=13 uptime=505200s
2026-06-02 08:25:42,698 INFO gateway.memory_monitor: [MEMORY] rss=460MB gc=(513, 7, 43) threads=13 uptime=505500s
2026-06-02 08:30:42,698 INFO gateway.memory_monitor: [MEMORY] rss=460MB gc=(168, 9, 43) threads=13 uptime=505800s
2026-06-02 08:35:42,699 INFO gateway.memory_monitor: [MEMORY] rss=460MB gc=(603, 10, 43) threads=13 uptime=506100s
2026-06-02 08:40:42,700 INFO gateway.memory_monitor: [MEMORY] rss=460MB gc=(263, 0, 44) threads=13 uptime=506400s
2026-06-02 08:45:42,700 INFO gateway.memory_monitor: [MEMORY] rss=460MB gc=(481, 1, 44) threads=13 uptime=506700s
2026-06-02 08:50:42,701 INFO gateway.memory_monitor: [MEMORY] rss=460MB gc=(105, 3, 44) threads=13 uptime=507000s
2026-06-02 08:55:42,701 INFO gateway.memory_monitor: [MEMORY] rss=460MB gc=(541, 4, 44) threads=13 uptime=507300s
2026-06-02 09:00:42,702 INFO gateway.memory_monitor: [MEMORY] rss=460MB gc=(167, 6, 44) threads=13 uptime=507600s
2026-06-02 09:05:42,702 INFO gateway.memory_monitor: [MEMORY] rss=460MB gc=(402, 7, 44) threads=13 uptime=507900s
2026-06-02 09:10:42,703 INFO gateway.memory_monitor: [MEMORY] rss=460MB gc=(654, 8, 44) threads=13 uptime=508200s
2026-06-02 09:15:42,703 INFO gateway.memory_monitor: [MEMORY] rss=460MB gc=(477, 10, 44) threads=13 uptime=508500s
2026-06-02 09:20:42,704 INFO gateway.memory_monitor: [MEMORY] rss=460MB gc=(1, 0, 45) threads=13 uptime=508800s
2026-06-02 09:25:42,704 INFO gateway.memory_monitor: [MEMORY] rss=460MB gc=(339, 1, 45) threads=13 uptime=509100s
2026-06-02 09:30:42,705 INFO gateway.memory_monitor: [MEMORY] rss=460MB gc=(605, 2, 45) threads=13 uptime=509400s
2026-06-02 09:35:42,705 INFO gateway.memory_monitor: [MEMORY] rss=460MB gc=(478, 4, 45) threads=13 uptime=509700s
2026-06-02 09:40:42,706 INFO gateway.memory_monitor: [MEMORY] rss=460MB gc=(1, 6, 45) threads=13 uptime=510000s
2026-06-02 09:45:42,706 INFO gateway.memory_monitor: [MEMORY] rss=460MB gc=(308, 7, 45) threads=13 uptime=510300s
2026-06-02 09:50:42,707 INFO gateway.memory_monitor: [MEMORY] rss=460MB gc=(543, 8, 45) threads=13 uptime=510600s
2026-06-02 09:55:42,707 INFO gateway.memory_monitor: [MEMORY] rss=460MB gc=(398, 10, 45) threads=13 uptime=510900s
2026-06-02 10:00:42,708 INFO gateway.memory_monitor: [MEMORY] rss=460MB gc=(622, 11, 45) threads=13 uptime=511200s
2026-06-02 10:05:42,708 INFO gateway.memory_monitor: [MEMORY] rss=460MB gc=(266, 1, 46) threads=13 uptime=511500s
2026-06-02 10:10:42,709 INFO gateway.memory_monitor: [MEMORY] rss=460MB gc=(512, 2, 46) threads=13 uptime=511800s
2026-06-02 10:15:42,709 INFO gateway.memory_monitor: [MEMORY] rss=460MB gc=(337, 4, 46) threads=13 uptime=512100s
2026-06-02 10:20:42,710 INFO gateway.memory_monitor: [MEMORY] rss=460MB gc=(575, 5, 46) threads=13 uptime=512400s
2026-06-02 10:25:42,710 INFO gateway.memory_monitor: [MEMORY] rss=460MB gc=(266, 7, 46) threads=13 uptime=512700s
2026-06-02 10:30:42,711 INFO gateway.memory_monitor: [MEMORY] rss=460MB gc=(511, 8, 46) threads=13 uptime=513000s
2026-06-02 10:35:42,711 INFO gateway.memory_monitor: [MEMORY] rss=460MB gc=(307, 10, 46) threads=13 uptime=513300s
2026-06-02 10:40:42,712 INFO gateway.memory_monitor: [MEMORY] rss=460MB gc=(574, 11, 46) threads=13 uptime=513600s
2026-06-02 10:45:42,713 INFO gateway.memory_monitor: [MEMORY] rss=460MB gc=(215, 1, 47) threads=13 uptime=513900s
2026-06-02 10:50:42,713 INFO gateway.memory_monitor: [MEMORY] rss=460MB gc=(480, 2, 47) threads=13 uptime=514200s
2026-06-02 10:55:42,713 INFO gateway.memory_monitor: [MEMORY] rss=460MB gc=(279, 4, 47) threads=13 uptime=514500s
2026-06-02 11:00:42,714 INFO gateway.memory_monitor: [MEMORY] rss=460MB gc=(512, 5, 47) threads=13 uptime=514800s
2026-06-02 11:05:42,714 INFO gateway.memory_monitor: [MEMORY] rss=460MB gc=(135, 7, 47) threads=13 uptime=515100s
2026-06-02 11:10:42,715 INFO gateway.memory_monitor: [MEMORY] rss=460MB gc=(401, 8, 47) threads=13 uptime=515400s
2026-06-02 11:15:42,716 INFO gateway.memory_monitor: [MEMORY] rss=460MB gc=(236, 10, 47) threads=13 uptime=515700s
2026-06-02 11:20:42,716 INFO gateway.memory_monitor: [MEMORY] rss=460MB gc=(480, 11, 47) threads=13 uptime=516000s
2026-06-02 11:25:42,717 INFO gateway.memory_monitor: [MEMORY] rss=460MB gc=(136, 1, 48) threads=13 uptime=516300s
2026-06-02 11:30:42,717 INFO gateway.memory_monitor: [MEMORY] rss=460MB gc=(370, 2, 48) threads=13 uptime=516600s
2026-06-02 11:35:42,718 INFO gateway.memory_monitor: [MEMORY] rss=460MB gc=(137, 4, 48) threads=13 uptime=516900s
2026-06-02 11:40:42,718 INFO gateway.memory_monitor: [MEMORY] rss=460MB gc=(371, 5, 48) threads=13 uptime=517200s
2026-06-02 11:45:42,719 INFO gateway.memory_monitor: [MEMORY] rss=460MB gc=(622, 6, 48) threads=13 uptime=517500s
2026-06-02 11:50:42,719 INFO gateway.memory_monitor: [MEMORY] rss=460MB gc=(276, 8, 48) threads=13 uptime=517800s
2026-06-02 11:55:42,720 INFO gateway.memory_monitor: [MEMORY] rss=460MB gc=(2, 10, 48) threads=13 uptime=518100s
2026-06-02 12:00:42,720 INFO gateway.memory_monitor: [MEMORY] rss=460MB gc=(308, 11, 48) threads=13 uptime=518400s
2026-06-02 12:05:42,721 INFO gateway.memory_monitor: [MEMORY] rss=460MB gc=(574, 0, 49) threads=13 uptime=518700s
2026-06-02 12:10:42,721 INFO gateway.memory_monitor: [MEMORY] rss=460MB gc=(215, 2, 49) threads=13 uptime=519000s
2026-06-02 12:15:42,722 INFO gateway.memory_monitor: [MEMORY] rss=460MB gc=(651, 3, 49) threads=13 uptime=519300s
2026-06-02 12:20:42,723 INFO gateway.memory_monitor: [MEMORY] rss=460MB gc=(266, 5, 49) threads=13 uptime=519600s
2026-06-02 12:25:42,723 INFO gateway.memory_monitor: [MEMORY] rss=460MB gc=(547, 6, 49) threads=13 uptime=519900s
2026-06-02 12:30:42,724 INFO gateway.memory_monitor: [MEMORY] rss=460MB gc=(166, 8, 49) threads=13 uptime=520200s
2026-06-02 12:35:42,724 INFO gateway.memory_monitor: [MEMORY] rss=460MB gc=(591, 9, 49) threads=13 uptime=520500s
2026-06-02 12:40:42,725 INFO gateway.memory_monitor: [MEMORY] rss=460MB gc=(266, 11, 49) threads=13 uptime=520800s
2026-06-02 12:45:42,725 INFO gateway.memory_monitor: [MEMORY] rss=460MB gc=(512, 0, 50) threads=13 uptime=521100s
2026-06-02 12:50:42,726 INFO gateway.memory_monitor: [MEMORY] rss=460MB gc=(338, 2, 50) threads=13 uptime=521400s
2026-06-02 12:55:42,726 INFO gateway.memory_monitor: [MEMORY] rss=460MB gc=(590, 3, 50) threads=13 uptime=521700s
2026-06-02 13:00:42,727 INFO gateway.memory_monitor: [MEMORY] rss=460MB gc=(215, 5, 50) threads=13 uptime=522000s
2026-06-02 13:05:42,727 INFO gateway.memory_monitor: [MEMORY] rss=460MB gc=(480, 6, 50) threads=13 uptime=522300s
2026-06-02 13:10:42,728 INFO gateway.memory_monitor: [MEMORY] rss=460MB gc=(340, 8, 50) threads=13 uptime=522600s
2026-06-02 13:15:42,728 INFO gateway.memory_monitor: [MEMORY] rss=460MB gc=(590, 9, 50) threads=13 uptime=522900s
2026-06-02 13:20:42,729 INFO gateway.memory_monitor: [MEMORY] rss=460MB gc=(215, 11, 50) threads=13 uptime=523200s
2026-06-02 13:25:42,729 INFO gateway.memory_monitor: [MEMORY] rss=460MB gc=(480, 0, 51) threads=13 uptime=523500s
2026-06-02 13:30:42,730 INFO gateway.memory_monitor: [MEMORY] rss=460MB gc=(278, 2, 51) threads=13 uptime=523800s
2026-06-02 13:35:42,731 INFO gateway.memory_monitor: [MEMORY] rss=460MB gc=(542, 3, 51) threads=13 uptime=524100s
2026-06-02 13:40:42,731 INFO gateway.memory_monitor: [MEMORY] rss=460MB gc=(135, 5, 51) threads=13 uptime=524400s
2026-06-02 13:45:42,732 INFO gateway.memory_monitor: [MEMORY] rss=460MB gc=(340, 6, 51) threads=13 uptime=524700s
2026-06-02 13:50:42,732 INFO gateway.memory_monitor: [MEMORY] rss=460MB gc=(186, 8, 51) threads=13 uptime=525000s
2026-06-02 13:55:42,733 INFO gateway.memory_monitor: [MEMORY] rss=460MB gc=(418, 9, 51) threads=13 uptime=525300s
2026-06-02 14:00:42,733 INFO gateway.memory_monitor: [MEMORY] rss=460MB gc=(135, 11, 51) threads=13 uptime=525600s
2026-06-02 14:05:42,734 INFO gateway.memory_monitor: [MEMORY] rss=464MB gc=(106, 0, 55) threads=16 uptime=525900s
2026-06-02 14:10:42,734 INFO gateway.memory_monitor: [MEMORY] rss=465MB gc=(124, 10, 57) threads=15 uptime=526200s
2026-06-02 14:15:42,735 INFO gateway.memory_monitor: [MEMORY] rss=465MB gc=(418, 0, 58) threads=13 uptime=526500s
2026-06-02 14:20:42,735 INFO gateway.memory_monitor: [MEMORY] rss=465MB gc=(104, 2, 58) threads=13 uptime=526800s
2026-06-02 14:25:42,736 INFO gateway.memory_monitor: [MEMORY] rss=465MB gc=(345, 3, 58) threads=13 uptime=527100s
2026-06-02 14:30:42,737 INFO gateway.memory_monitor: [MEMORY] rss=465MB gc=(191, 5, 58) threads=13 uptime=527400s
2026-06-02 14:35:42,737 INFO gateway.memory_monitor: [MEMORY] rss=465MB gc=(424, 6, 58) threads=13 uptime=527700s
2026-06-02 14:40:42,738 INFO gateway.memory_monitor: [MEMORY] rss=465MB gc=(0, 8, 58) threads=13 uptime=528000s
2026-06-02 14:45:42,738 INFO gateway.memory_monitor: [MEMORY] rss=465MB gc=(303, 9, 58) threads=13 uptime=528300s
2026-06-02 14:50:42,739 INFO gateway.memory_monitor: [MEMORY] rss=465MB gc=(159, 11, 58) threads=13 uptime=528600s
2026-06-02 14:55:42,739 INFO gateway.memory_monitor: [MEMORY] rss=465MB gc=(393, 0, 59) threads=13 uptime=528900s
2026-06-02 15:00:42,740 INFO gateway.memory_monitor: [MEMORY] rss=465MB gc=(627, 1, 59) threads=13 uptime=529200s
2026-06-02 15:05:42,741 INFO gateway.memory_monitor: [MEMORY] rss=465MB gc=(275, 3, 59) threads=13 uptime=529500s
2026-06-02 15:10:42,741 INFO gateway.memory_monitor: [MEMORY] rss=465MB gc=(112, 5, 59) threads=13 uptime=529800s
2026-06-02 15:15:42,742 INFO gateway.memory_monitor: [MEMORY] rss=465MB gc=(362, 6, 59) threads=13 uptime=530100s
2026-06-02 15:20:42,742 INFO gateway.memory_monitor: [MEMORY] rss=465MB gc=(620, 7, 59) threads=13 uptime=530400s
2026-06-02 15:25:42,743 INFO gateway.memory_monitor: [MEMORY] rss=465MB gc=(224, 9, 59) threads=13 uptime=530700s
2026-06-02 15:30:42,743 INFO gateway.memory_monitor: [MEMORY] rss=465MB gc=(0, 11, 59) threads=13 uptime=531000s
2026-06-02 15:35:42,744 INFO gateway.memory_monitor: [MEMORY] rss=465MB gc=(313, 0, 60) threads=13 uptime=531300s
2026-06-02 15:40:42,744 INFO gateway.memory_monitor: [MEMORY] rss=465MB gc=(588, 1, 60) threads=13 uptime=531600s
2026-06-02 15:40:50,856 INFO gateway.platforms.telegram: [Telegram] Flushing text batch agent:main:telegram:dm:8174123879 (41 chars)
2026-06-02 15:40:50,857 INFO gateway.run: inbound message: platform=telegram user=T chat=8174123879 msg='What are the differences between the two?'
2026-06-02 15:40:54,798 INFO gateway.run: response ready: platform=telegram chat=8174123879 time=3.9s api_calls=1 response=95 chars
2026-06-02 15:40:54,803 INFO gateway.platforms.base: [Telegram] Sending response (95 chars) to 8174123879
2026-06-02 15:41:30,599 INFO gateway.platforms.telegram: [Telegram] Flushing text batch agent:main:telegram:dm:8174123879 (52 chars)
2026-06-02 15:41:30,599 INFO gateway.run: inbound message: platform=telegram user=T chat=8174123879 msg='You asked me this question regarding what to promote'
2026-06-02 15:41:49,818 INFO gateway.run: response ready: platform=telegram chat=8174123879 time=19.2s api_calls=4 response=2439 chars
2026-06-02 15:41:49,823 INFO gateway.platforms.base: [Telegram] Sending response (2439 chars) to 8174123879
2026-06-02 15:45:42,745 INFO gateway.memory_monitor: [MEMORY] rss=465MB gc=(103, 3, 63) threads=13 uptime=531900s
2026-06-02 15:50:31,274 INFO gateway.platforms.telegram: [Telegram] Flushing text batch agent:main:telegram:dm:8174123879 (942 chars)
2026-06-02 15:50:31,275 INFO gateway.run: inbound message: platform=telegram user=T chat=8174123879 msg="Let's promote the roster wide difficulty first before we set doctrine. Let's fix"
2026-06-02 15:50:42,745 INFO gateway.memory_monitor: [MEMORY] rss=465MB gc=(104, 3, 64) threads=14 uptime=532200s
2026-06-02 15:54:41,459 INFO gateway.run: response ready: platform=telegram chat=8174123879 time=250.2s api_calls=23 response=2034 chars
2026-06-02 15:54:41,477 INFO gateway.platforms.base: [Telegram] Sending response (2034 chars) to 8174123879
2026-06-02 15:55:42,746 INFO gateway.memory_monitor: [MEMORY] rss=465MB gc=(161, 9, 68) threads=13 uptime=532500s
2026-06-02 15:57:47,492 INFO gateway.platforms.telegram: [Telegram] Flushing text batch agent:main:telegram:dm:8174123879 (260 chars)
2026-06-02 15:57:47,493 INFO gateway.run: inbound message: platform=telegram user=T chat=8174123879 msg='Perfect, let\'s also put a "marker" here and when they deem the mechanics sound, '
2026-06-02 15:59:02,433 INFO gateway.platforms.telegram: [Telegram] Flushing text batch agent:main:telegram:dm:8174123879 (70 chars)
2026-06-02 15:59:44,947 INFO gateway.run: Queued follow-up for session agent:main:telegram:dm:8174123879: final stream delivery not confirmed; sending first response before continuing.
2026-06-02 16:00:42,747 INFO gateway.memory_monitor: [MEMORY] rss=465MB gc=(157, 6, 3) threads=14 uptime=532800s
2026-06-02 16:01:30,981 INFO [20260602_154050_c0996ed5] gateway.run: Session split detected: 20260602_154050_c0996ed5 → 20260602_160122_cad681 (compression)
2026-06-02 16:01:31,007 INFO gateway.run: response ready: platform=telegram chat=8174123879 time=223.5s api_calls=2 response=1227 chars
2026-06-02 16:01:31,013 INFO gateway.platforms.base: [Telegram] Sending response (1227 chars) to 8174123879
2026-06-02 16:05:42,747 INFO gateway.memory_monitor: [MEMORY] rss=465MB gc=(190, 4, 5) threads=13 uptime=533100s
2026-06-02 16:10:27,086 INFO gateway.platforms.telegram: [Telegram] Flushing text batch agent:main:telegram:dm:8174123879 (576 chars)
2026-06-02 16:10:27,087 INFO gateway.run: inbound message: platform=telegram user=T chat=8174123879 msg='Make sure 2 things are true:  1) I want the skill to be "finished" once they acq'
2026-06-02 16:10:42,748 INFO gateway.memory_monitor: [MEMORY] rss=465MB gc=(164, 4, 6) threads=14 uptime=533400s
2026-06-02 16:15:42,748 INFO gateway.memory_monitor: [MEMORY] rss=465MB gc=(287, 7, 23) threads=13 uptime=533700s
2026-06-02 16:16:49,310 INFO gateway.run: response ready: platform=telegram chat=8174123879 time=382.2s api_calls=46 response=2062 chars
2026-06-02 16:16:49,316 INFO gateway.platforms.base: [Telegram] Sending response (2062 chars) to 8174123879
2026-06-02 16:20:42,752 INFO gateway.memory_monitor: [MEMORY] rss=465MB gc=(103, 2, 29) threads=13 uptime=534000s
2026-06-02 16:25:42,752 INFO gateway.memory_monitor: [MEMORY] rss=465MB gc=(332, 3, 29) threads=13 uptime=534300s
2026-06-02 16:30:42,753 INFO gateway.memory_monitor: [MEMORY] rss=465MB gc=(159, 5, 29) threads=13 uptime=534600s
2026-06-02 16:35:42,753 INFO gateway.memory_monitor: [MEMORY] rss=465MB gc=(423, 6, 29) threads=13 uptime=534900s
2026-06-02 16:40:42,754 INFO gateway.memory_monitor: [MEMORY] rss=465MB gc=(104, 8, 29) threads=13 uptime=535200s
2026-06-02 16:45:42,754 INFO gateway.memory_monitor: [MEMORY] rss=465MB gc=(306, 9, 29) threads=13 uptime=535500s
2026-06-02 16:50:42,755 INFO gateway.memory_monitor: [MEMORY] rss=465MB gc=(128, 11, 29) threads=13 uptime=535800s
2026-06-02 16:55:42,756 INFO gateway.memory_monitor: [MEMORY] rss=465MB gc=(423, 0, 30) threads=13 uptime=536100s
2026-06-02 17:00:42,756 INFO gateway.memory_monitor: [MEMORY] rss=465MB gc=(103, 2, 30) threads=13 uptime=536400s
2026-06-02 17:05:42,756 INFO gateway.memory_monitor: [MEMORY] rss=465MB gc=(306, 3, 30) threads=13 uptime=536700s
2026-06-02 17:10:42,757 INFO gateway.memory_monitor: [MEMORY] rss=465MB gc=(159, 5, 30) threads=13 uptime=537000s
2026-06-02 17:15:42,758 INFO gateway.memory_monitor: [MEMORY] rss=465MB gc=(392, 6, 30) threads=13 uptime=537300s
2026-06-02 17:17:53,487 INFO gateway.platforms.telegram: [Telegram] Flushing text batch agent:main:telegram:dm:8174123879 (955 chars)
2026-06-02 17:17:53,488 INFO gateway.run: inbound message: platform=telegram user=T chat=8174123879 msg="Fantastic, yeah, my one concern about balancing the coastal tyrant is that we'll"
2026-06-02 17:18:42,613 INFO gateway.run: response ready: platform=telegram chat=8174123879 time=49.1s api_calls=2 response=7229 chars
2026-06-02 17:18:42,618 INFO gateway.platforms.base: [Telegram] Sending response (7229 chars) to 8174123879
2026-06-02 17:20:42,758 INFO gateway.memory_monitor: [MEMORY] rss=465MB gc=(492, 8, 31) threads=13 uptime=537600s
2026-06-02 17:25:42,759 INFO gateway.memory_monitor: [MEMORY] rss=465MB gc=(156, 10, 31) threads=13 uptime=537900s
2026-06-02 17:30:42,759 INFO gateway.memory_monitor: [MEMORY] rss=465MB gc=(391, 11, 31) threads=13 uptime=538200s
2026-06-02 17:33:08,878 INFO gateway.platforms.telegram: [Telegram] Flushing text batch agent:main:telegram:dm:8174123879 (554 chars)
2026-06-02 17:33:08,878 INFO gateway.run: inbound message: platform=telegram user=T chat=8174123879 msg="Okay, take note of all this in our company docs, firstly.   Secondly, here's my "
2026-06-02 17:35:42,760 INFO gateway.memory_monitor: [MEMORY] rss=465MB gc=(1, 10, 36) threads=14 uptime=538500s
2026-06-02 17:36:46,698 INFO gateway.run: response ready: platform=telegram chat=8174123879 time=217.8s api_calls=21 response=4679 chars
2026-06-02 17:36:46,713 INFO gateway.platforms.base: [Telegram] Sending response (4679 chars) to 8174123879
2026-06-02 17:40:42,760 INFO gateway.memory_monitor: [MEMORY] rss=465MB gc=(385, 2, 41) threads=13 uptime=538800s
2026-06-02 17:45:42,761 INFO gateway.memory_monitor: [MEMORY] rss=465MB gc=(282, 4, 41) threads=13 uptime=539100s
2026-06-02 17:50:42,761 INFO gateway.memory_monitor: [MEMORY] rss=465MB gc=(501, 5, 41) threads=13 uptime=539400s
2026-06-02 17:54:15,738 INFO gateway.platforms.telegram: [Telegram] Flushing text batch agent:main:telegram:dm:8174123879 (1233 chars)
2026-06-02 17:54:15,739 INFO gateway.run: inbound message: platform=telegram user=T chat=8174123879 msg="So, let's do this to prevent exploiting it for damage:  1) If you befriend to cr"
2026-06-02 17:55:42,762 INFO gateway.memory_monitor: [MEMORY] rss=465MB gc=(509, 4, 42) threads=14 uptime=539700s
2026-06-02 18:00:41,252 INFO [20260602_160122_cad681] gateway.run: Session split detected: 20260602_160122_cad681 → 20260602_175548_9759b4 (compression)
2026-06-02 18:00:41,259 INFO gateway.run: response ready: platform=telegram chat=8174123879 time=385.5s api_calls=20 response=4085 chars
2026-06-02 18:00:41,264 INFO gateway.platforms.base: [Telegram] Sending response (4085 chars) to 8174123879
2026-06-02 18:00:42,762 INFO gateway.memory_monitor: [MEMORY] rss=465MB gc=(83, 10, 48) threads=13 uptime=540000s
2026-06-02 18:05:42,763 INFO gateway.memory_monitor: [MEMORY] rss=465MB gc=(431, 11, 48) threads=13 uptime=540300s
2026-06-02 18:10:42,763 INFO gateway.memory_monitor: [MEMORY] rss=465MB gc=(285, 1, 49) threads=13 uptime=540600s
2026-06-02 18:15:42,764 INFO gateway.memory_monitor: [MEMORY] rss=465MB gc=(111, 3, 49) threads=13 uptime=540900s
2026-06-02 18:20:42,764 INFO gateway.memory_monitor: [MEMORY] rss=465MB gc=(406, 4, 49) threads=13 uptime=541200s
2026-06-02 18:25:42,765 INFO gateway.memory_monitor: [MEMORY] rss=465MB gc=(664, 5, 49) threads=13 uptime=541500s
2026-06-02 18:30:42,765 INFO gateway.memory_monitor: [MEMORY] rss=465MB gc=(284, 7, 49) threads=13 uptime=541800s
2026-06-02 18:35:42,766 INFO gateway.memory_monitor: [MEMORY] rss=465MB gc=(110, 9, 49) threads=13 uptime=542100s
2026-06-02 18:40:42,767 INFO gateway.memory_monitor: [MEMORY] rss=465MB gc=(374, 10, 49) threads=13 uptime=542400s
2026-06-02 18:45:42,767 INFO gateway.memory_monitor: [MEMORY] rss=465MB gc=(609, 11, 49) threads=13 uptime=542700s
2026-06-02 18:50:42,768 INFO gateway.memory_monitor: [MEMORY] rss=465MB gc=(238, 1, 50) threads=13 uptime=543000s
2026-06-02 18:55:42,768 INFO gateway.memory_monitor: [MEMORY] rss=465MB gc=(110, 3, 50) threads=13 uptime=543300s
2026-06-02 19:00:42,255 INFO gateway.run: Agent cache idle-TTL evict: session=agent:main:telegram:dm:8174123879 (idle=3601s)
2026-06-02 19:00:42,256 INFO gateway.run: Agent cache idle sweep: evicted 1 agent(s)
2026-06-02 19:00:42,769 INFO gateway.memory_monitor: [MEMORY] rss=465MB gc=(313, 4, 50) threads=13 uptime=543600s
2026-06-02 19:05:42,769 INFO gateway.memory_monitor: [MEMORY] rss=465MB gc=(580, 5, 50) threads=13 uptime=543900s
2026-06-02 19:10:42,770 INFO gateway.memory_monitor: [MEMORY] rss=465MB gc=(237, 7, 50) threads=13 uptime=544200s
2026-06-02 19:15:42,770 INFO gateway.memory_monitor: [MEMORY] rss=465MB gc=(110, 9, 50) threads=13 uptime=544500s
2026-06-02 19:20:42,771 INFO gateway.memory_monitor: [MEMORY] rss=465MB gc=(338, 10, 50) threads=13 uptime=544800s
2026-06-02 19:25:42,771 INFO gateway.memory_monitor: [MEMORY] rss=465MB gc=(580, 11, 50) threads=13 uptime=545100s
2026-06-02 19:30:42,772 INFO gateway.memory_monitor: [MEMORY] rss=465MB gc=(205, 1, 51) threads=13 uptime=545400s
2026-06-02 19:35:42,772 INFO gateway.memory_monitor: [MEMORY] rss=465MB gc=(638, 2, 51) threads=13 uptime=545700s
2026-06-02 19:40:42,773 INFO gateway.memory_monitor: [MEMORY] rss=465MB gc=(285, 4, 51) threads=13 uptime=546000s
2026-06-02 19:45:42,773 INFO gateway.memory_monitor: [MEMORY] rss=465MB gc=(548, 5, 51) threads=13 uptime=546300s
2026-06-02 19:50:42,774 INFO gateway.memory_monitor: [MEMORY] rss=465MB gc=(174, 7, 51) threads=13 uptime=546600s
2026-06-02 19:55:42,774 INFO gateway.memory_monitor: [MEMORY] rss=465MB gc=(602, 8, 51) threads=13 uptime=546900s
2026-06-02 20:00:42,775 INFO gateway.memory_monitor: [MEMORY] rss=465MB gc=(285, 10, 51) threads=13 uptime=547200s
2026-06-02 20:05:42,775 INFO gateway.memory_monitor: [MEMORY] rss=465MB gc=(547, 11, 51) threads=13 uptime=547500s
2026-06-02 20:10:42,776 INFO gateway.memory_monitor: [MEMORY] rss=465MB gc=(235, 1, 52) threads=13 uptime=547800s
2026-06-02 20:15:42,776 INFO gateway.memory_monitor: [MEMORY] rss=465MB gc=(0, 3, 52) threads=13 uptime=548100s
2026-06-02 20:20:42,777 INFO gateway.memory_monitor: [MEMORY] rss=465MB gc=(315, 4, 52) threads=13 uptime=548400s
2026-06-02 20:25:42,778 INFO gateway.memory_monitor: [MEMORY] rss=465MB gc=(549, 5, 52) threads=13 uptime=548700s
2026-06-02 20:30:42,778 INFO gateway.memory_monitor: [MEMORY] rss=465MB gc=(173, 7, 52) threads=13 uptime=549000s
2026-06-02 20:35:42,779 INFO gateway.memory_monitor: [MEMORY] rss=465MB gc=(578, 8, 52) threads=13 uptime=549300s
2026-06-02 20:40:42,779 INFO gateway.memory_monitor: [MEMORY] rss=465MB gc=(236, 10, 52) threads=13 uptime=549600s
2026-06-02 20:45:42,780 INFO gateway.memory_monitor: [MEMORY] rss=465MB gc=(469, 11, 52) threads=13 uptime=549900s
2026-06-02 20:50:42,780 INFO gateway.memory_monitor: [MEMORY] rss=465MB gc=(111, 1, 53) threads=13 uptime=550200s
2026-06-02 20:55:42,781 INFO gateway.memory_monitor: [MEMORY] rss=465MB gc=(504, 2, 53) threads=13 uptime=550500s
2026-06-02 21:00:42,782 INFO gateway.memory_monitor: [MEMORY] rss=465MB gc=(236, 4, 53) threads=13 uptime=550800s
2026-06-02 21:05:42,782 INFO gateway.memory_monitor: [MEMORY] rss=465MB gc=(470, 5, 53) threads=13 uptime=551100s
2026-06-02 21:10:42,783 INFO gateway.memory_monitor: [MEMORY] rss=465MB gc=(142, 7, 53) threads=13 uptime=551400s
2026-06-02 21:15:42,783 INFO gateway.memory_monitor: [MEMORY] rss=465MB gc=(548, 8, 53) threads=13 uptime=551700s
2026-06-02 21:20:42,784 INFO gateway.memory_monitor: [MEMORY] rss=465MB gc=(173, 10, 53) threads=13 uptime=552000s
2026-06-02 21:25:42,784 INFO gateway.memory_monitor: [MEMORY] rss=465MB gc=(412, 11, 53) threads=13 uptime=552300s
2026-06-02 21:30:42,785 INFO gateway.memory_monitor: [MEMORY] rss=465MB gc=(276, 1, 54) threads=13 uptime=552600s
2026-06-02 21:32:20,489 INFO gateway.platforms.telegram: [Telegram] Flushing text batch agent:main:telegram:dm:8174123879 (216 chars)
2026-06-02 21:32:20,490 INFO gateway.run: inbound message: platform=telegram user=T chat=8174123879 msg='Do you need anything from me to make sure these are implemented?   Also, double '
2026-06-02 21:35:42,785 INFO gateway.memory_monitor: [MEMORY] rss=465MB gc=(1, 6, 59) threads=14 uptime=552900s
2026-06-02 21:36:50,779 INFO [20260602_175548_9759b4] gateway.run: Session split detected: 20260602_175548_9759b4 → 20260602_213421_e6d046 (compression)
2026-06-02 21:36:50,829 INFO gateway.run: response ready: platform=telegram chat=8174123879 time=270.3s api_calls=18 response=1535 chars
2026-06-02 21:36:50,841 INFO gateway.platforms.base: [Telegram] Sending response (1535 chars) to 8174123879
2026-06-02 21:39:08,349 INFO gateway.platforms.telegram: [Telegram] Flushing text batch agent:main:telegram:dm:8174123879 (78 chars)
2026-06-02 21:39:08,350 INFO gateway.run: inbound message: platform=telegram user=T chat=8174123879 msg='Can you explain to me how the scheduled cron works w/ March and the idle gate?'
2026-06-02 21:40:42,786 INFO gateway.memory_monitor: [MEMORY] rss=465MB gc=(196, 8, 68) threads=16 uptime=553200s
2026-06-02 21:41:38,939 INFO [20260602_213421_e6d046] gateway.run: Session split detected: 20260602_213421_e6d046 → 20260602_214108_a1a975 (compression)
2026-06-02 21:41:38,989 INFO gateway.run: response ready: platform=telegram chat=8174123879 time=150.6s api_calls=1 response=4231 chars
2026-06-02 21:41:38,996 INFO gateway.platforms.base: [Telegram] Sending response (4231 chars) to 8174123879
2026-06-02 21:45:42,786 INFO gateway.memory_monitor: [MEMORY] rss=465MB gc=(104, 7, 69) threads=15 uptime=553500s
2026-06-02 21:47:20,663 INFO gateway.platforms.telegram: [Telegram] Flushing text batch agent:main:telegram:dm:8174123879 (198 chars)
2026-06-02 21:47:20,663 INFO gateway.run: inbound message: platform=telegram user=T chat=8174123879 msg='Yes, can you update mechanics so it works like mobile?   Furthermore, is this su'
2026-06-02 21:48:54,283 INFO gateway.run: response ready: platform=telegram chat=8174123879 time=93.6s api_calls=7 response=1547 chars
2026-06-02 21:48:54,315 INFO gateway.platforms.base: [Telegram] Sending response (1547 chars) to 8174123879
2026-06-02 21:50:42,787 INFO gateway.memory_monitor: [MEMORY] rss=465MB gc=(500, 7, 3) threads=15 uptime=553800s
2026-06-02 21:53:41,585 INFO gateway.platforms.telegram: [Telegram] Flushing text batch agent:main:telegram:dm:8174123879 (48 chars)
2026-06-02 21:53:41,586 INFO gateway.run: inbound message: platform=telegram user=T chat=8174123879 msg="This is great! Alright, what's next on the menu?"
2026-06-02 21:54:29,997 INFO gateway.run: response ready: platform=telegram chat=8174123879 time=48.4s api_calls=4 response=2809 chars
2026-06-02 21:54:30,001 INFO gateway.platforms.base: [Telegram] Sending response (2809 chars) to 8174123879
2026-06-02 21:55:42,787 INFO gateway.memory_monitor: [MEMORY] rss=465MB gc=(288, 7, 5) threads=15 uptime=554100s
2026-06-02 22:00:42,788 INFO gateway.memory_monitor: [MEMORY] rss=465MB gc=(0, 9, 5) threads=15 uptime=554400s
2026-06-02 22:05:42,788 INFO gateway.memory_monitor: [MEMORY] rss=465MB gc=(304, 10, 5) threads=15 uptime=554700s
2026-06-02 22:10:42,789 INFO gateway.memory_monitor: [MEMORY] rss=465MB gc=(233, 0, 6) threads=15 uptime=555000s
2026-06-02 22:15:42,790 INFO gateway.memory_monitor: [MEMORY] rss=465MB gc=(406, 1, 6) threads=15 uptime=555300s
2026-06-02 22:20:42,790 INFO gateway.memory_monitor: [MEMORY] rss=465MB gc=(643, 2, 6) threads=15 uptime=555600s
2026-06-02 22:25:42,791 INFO gateway.memory_monitor: [MEMORY] rss=465MB gc=(304, 4, 6) threads=15 uptime=555900s
2026-06-02 22:30:42,791 INFO gateway.memory_monitor: [MEMORY] rss=465MB gc=(140, 6, 6) threads=15 uptime=556200s
2026-06-02 22:35:42,792 INFO gateway.memory_monitor: [MEMORY] rss=465MB gc=(344, 7, 6) threads=15 uptime=556500s
2026-06-02 22:40:42,792 INFO gateway.memory_monitor: [MEMORY] rss=465MB gc=(581, 8, 6) threads=15 uptime=556800s
2026-06-02 22:45:42,793 INFO gateway.memory_monitor: [MEMORY] rss=465MB gc=(251, 10, 6) threads=15 uptime=557100s
2026-06-02 22:50:42,793 INFO gateway.memory_monitor: [MEMORY] rss=465MB gc=(109, 0, 7) threads=15 uptime=557400s
2026-06-02 22:55:42,794 INFO gateway.memory_monitor: [MEMORY] rss=465MB gc=(313, 1, 7) threads=15 uptime=557700s
2026-06-02 22:55:55,744 INFO gateway.run: Agent cache idle-TTL evict: session=agent:main:telegram:dm:8174123879 (idle=3686s)
2026-06-02 22:55:55,744 INFO gateway.run: Agent cache idle sweep: evicted 1 agent(s)
2026-06-02 23:00:42,794 INFO gateway.memory_monitor: [MEMORY] rss=465MB gc=(579, 2, 7) threads=15 uptime=558000s
2026-06-02 23:05:42,795 INFO gateway.memory_monitor: [MEMORY] rss=465MB gc=(206, 4, 7) threads=15 uptime=558300s
2026-06-02 23:10:42,795 INFO gateway.memory_monitor: [MEMORY] rss=465MB gc=(135, 6, 7) threads=15 uptime=558600s
2026-06-02 23:15:42,796 INFO gateway.memory_monitor: [MEMORY] rss=465MB gc=(346, 7, 7) threads=15 uptime=558900s
2026-06-02 23:20:42,796 INFO gateway.memory_monitor: [MEMORY] rss=465MB gc=(580, 8, 7) threads=15 uptime=559200s
2026-06-02 23:25:42,797 INFO gateway.memory_monitor: [MEMORY] rss=465MB gc=(205, 10, 7) threads=15 uptime=559500s
2026-06-02 23:30:42,798 INFO gateway.memory_monitor: [MEMORY] rss=465MB gc=(633, 11, 7) threads=15 uptime=559800s
2026-06-02 23:35:42,798 INFO gateway.memory_monitor: [MEMORY] rss=465MB gc=(285, 1, 8) threads=15 uptime=560100s
2026-06-02 23:40:42,799 INFO gateway.memory_monitor: [MEMORY] rss=465MB gc=(519, 2, 8) threads=15 uptime=560400s
2026-06-02 23:45:42,799 INFO gateway.memory_monitor: [MEMORY] rss=465MB gc=(172, 4, 8) threads=15 uptime=560700s
2026-06-02 23:50:42,800 INFO gateway.memory_monitor: [MEMORY] rss=465MB gc=(639, 5, 8) threads=15 uptime=561000s
2026-06-02 23:52:41,596 INFO gateway.platforms.telegram: [Telegram] Flushing text batch agent:main:telegram:dm:8174123879 (91 chars)
2026-06-02 23:52:41,597 INFO gateway.run: inbound message: platform=telegram user=T chat=8174123879 msg='Fantastic! I see the workers (aka "/march") are doing their thing.  How\'s everyt'
2026-06-02 23:54:54,880 INFO [20260602_214108_a1a975] gateway.run: Session split detected: 20260602_214108_a1a975 → 20260602_235315_efc77b (compression)
2026-06-02 23:54:54,894 INFO gateway.run: response ready: platform=telegram chat=8174123879 time=133.3s api_calls=7 response=3143 chars
2026-06-02 23:54:54,898 INFO gateway.platforms.base: [Telegram] Sending response (3143 chars) to 8174123879
2026-06-02 23:55:42,800 INFO gateway.memory_monitor: [MEMORY] rss=465MB gc=(194, 3, 12) threads=15 uptime=561300s
2026-06-03 00:00:42,801 INFO gateway.memory_monitor: [MEMORY] rss=465MB gc=(403, 4, 12) threads=15 uptime=561600s
2026-06-03 00:05:42,801 INFO gateway.memory_monitor: [MEMORY] rss=465MB gc=(642, 5, 12) threads=15 uptime=561900s
2026-06-03 00:10:42,802 INFO gateway.memory_monitor: [MEMORY] rss=465MB gc=(590, 7, 12) threads=15 uptime=562200s
2026-06-03 00:15:42,802 INFO gateway.memory_monitor: [MEMORY] rss=465MB gc=(220, 9, 12) threads=15 uptime=562500s
2026-06-03 00:20:42,803 INFO gateway.memory_monitor: [MEMORY] rss=465MB gc=(456, 10, 12) threads=15 uptime=562800s
2026-06-03 00:25:42,803 INFO gateway.memory_monitor: [MEMORY] rss=465MB gc=(110, 0, 13) threads=15 uptime=563100s
2026-06-03 00:30:42,804 INFO gateway.memory_monitor: [MEMORY] rss=465MB gc=(545, 1, 13) threads=15 uptime=563400s
2026-06-03 00:35:42,805 INFO gateway.memory_monitor: [MEMORY] rss=465MB gc=(174, 3, 13) threads=15 uptime=563700s
2026-06-03 00:40:42,805 INFO gateway.memory_monitor: [MEMORY] rss=465MB gc=(376, 4, 13) threads=15 uptime=564000s
2026-06-03 00:45:42,806 INFO gateway.memory_monitor: [MEMORY] rss=465MB gc=(643, 5, 13) threads=15 uptime=564300s
2026-06-03 00:50:42,806 INFO gateway.memory_monitor: [MEMORY] rss=465MB gc=(498, 7, 13) threads=15 uptime=564600s
2026-06-03 00:55:42,807 INFO gateway.memory_monitor: [MEMORY] rss=465MB gc=(112, 9, 13) threads=15 uptime=564900s
2026-06-03 00:56:02,446 INFO gateway.run: Agent cache idle-TTL evict: session=agent:main:telegram:dm:8174123879 (idle=3668s)
2026-06-03 00:56:02,447 INFO gateway.run: Agent cache idle sweep: evicted 1 agent(s)
2026-06-03 01:00:42,807 INFO gateway.memory_monitor: [MEMORY] rss=465MB gc=(314, 10, 13) threads=15 uptime=565200s
2026-06-03 01:05:42,808 INFO gateway.memory_monitor: [MEMORY] rss=465MB gc=(548, 11, 13) threads=15 uptime=565500s
2026-06-03 01:10:42,808 INFO gateway.memory_monitor: [MEMORY] rss=465MB gc=(380, 1, 14) threads=15 uptime=565800s
2026-06-03 01:15:42,809 INFO gateway.memory_monitor: [MEMORY] rss=465MB gc=(610, 2, 14) threads=15 uptime=566100s
2026-06-03 01:19:20,131 INFO gateway.platforms.telegram: [Telegram] Flushing text batch agent:main:telegram:dm:8174123879 (95 chars)
2026-06-03 01:19:20,132 INFO gateway.run: inbound message: platform=telegram user=T chat=8174123879 msg='Do me a favor and test Claude code in the terminal and tell me what subscription'
2026-06-03 01:20:42,809 INFO gateway.memory_monitor: [MEMORY] rss=465MB gc=(4, 5, 16) threads=16 uptime=566400s
2026-06-03 01:21:19,113 INFO [20260602_235315_efc77b] gateway.run: Session split detected: 20260602_235315_efc77b → 20260603_012035_430373 (compression)
2026-06-03 01:21:19,154 INFO gateway.run: response ready: platform=telegram chat=8174123879 time=119.0s api_calls=4 response=618 chars
2026-06-03 01:21:19,159 INFO gateway.platforms.base: [Telegram] Sending response (618 chars) to 8174123879
2026-06-03 01:25:42,810 INFO gateway.memory_monitor: [MEMORY] rss=465MB gc=(222, 1, 17) threads=15 uptime=566700s
2026-06-03 01:25:45,750 INFO gateway.platforms.telegram: [Telegram] Flushing text batch agent:main:telegram:dm:8174123879 (217 chars)
2026-06-03 01:25:45,752 INFO gateway.run: inbound message: platform=telegram user=T chat=8174123879 msg='Perfect! Just wanted to make sure everything was right. I made a few changes to '
2026-06-03 01:27:11,165 INFO gateway.run: response ready: platform=telegram chat=8174123879 time=85.4s api_calls=4 response=10407 chars
2026-06-03 01:27:11,176 INFO gateway.platforms.base: [Telegram] Sending response (10407 chars) to 8174123879
2026-06-03 01:30:42,811 INFO gateway.memory_monitor: [MEMORY] rss=465MB gc=(302, 11, 20) threads=15 uptime=567000s
2026-06-03 01:35:42,811 INFO gateway.memory_monitor: [MEMORY] rss=465MB gc=(202, 1, 21) threads=15 uptime=567300s
2026-06-03 01:40:42,812 INFO gateway.memory_monitor: [MEMORY] rss=465MB gc=(378, 2, 21) threads=15 uptime=567600s
2026-06-03 01:45:42,812 INFO gateway.memory_monitor: [MEMORY] rss=465MB gc=(0, 4, 21) threads=15 uptime=567900s
2026-06-03 01:50:42,813 INFO gateway.memory_monitor: [MEMORY] rss=465MB gc=(304, 5, 21) threads=15 uptime=568200s
2026-06-03 01:55:42,813 INFO gateway.memory_monitor: [MEMORY] rss=465MB gc=(134, 7, 21) threads=15 uptime=568500s
2026-06-03 02:00:42,814 INFO gateway.memory_monitor: [MEMORY] rss=465MB gc=(377, 8, 21) threads=15 uptime=568800s
2026-06-03 02:04:26,065 INFO gateway.platforms.telegram: [Telegram] Flushing text batch agent:main:telegram:dm:8174123879 (157 chars)
2026-06-03 02:04:26,066 INFO gateway.run: inbound message: platform=telegram user=T chat=8174123879 msg="Alright, this is overwhelming. Let's talk about these 1 at a time. Try to keep i"
2026-06-03 02:05:42,814 INFO gateway.memory_monitor: [MEMORY] rss=465MB gc=(506, 6, 22) threads=16 uptime=569100s
2026-06-03 02:06:35,256 INFO [20260603_012035_430373] gateway.run: Session split detected: 20260603_012035_430373 → 20260603_020626_7fb41b (compression)
2026-06-03 02:06:35,289 INFO gateway.run: response ready: platform=telegram chat=8174123879 time=129.2s api_calls=1 response=1284 chars
2026-06-03 02:06:35,294 INFO gateway.platforms.base: [Telegram] Sending response (1284 chars) to 8174123879
2026-06-03 02:10:42,815 INFO gateway.memory_monitor: [MEMORY] rss=465MB gc=(208, 4, 23) threads=15 uptime=569400s
2026-06-03 02:15:42,815 INFO gateway.memory_monitor: [MEMORY] rss=465MB gc=(449, 5, 23) threads=15 uptime=569700s
2026-06-03 02:20:42,816 INFO gateway.memory_monitor: [MEMORY] rss=465MB gc=(284, 7, 23) threads=15 uptime=570000s
2026-06-03 02:25:42,816 INFO gateway.memory_monitor: [MEMORY] rss=465MB gc=(506, 8, 23) threads=15 uptime=570300s
2026-06-03 02:30:42,817 INFO gateway.memory_monitor: [MEMORY] rss=465MB gc=(171, 10, 23) threads=15 uptime=570600s
2026-06-03 02:35:42,817 INFO gateway.memory_monitor: [MEMORY] rss=465MB gc=(401, 11, 23) threads=15 uptime=570900s
2026-06-03 02:40:42,818 INFO gateway.memory_monitor: [MEMORY] rss=465MB gc=(222, 1, 24) threads=15 uptime=571200s
2026-06-03 02:45:42,818 INFO gateway.memory_monitor: [MEMORY] rss=465MB gc=(456, 2, 24) threads=15 uptime=571500s
2026-06-03 02:50:42,819 INFO gateway.memory_monitor: [MEMORY] rss=465MB gc=(110, 4, 24) threads=15 uptime=571800s
2026-06-03 02:55:42,819 INFO gateway.memory_monitor: [MEMORY] rss=465MB gc=(339, 5, 24) threads=15 uptime=572100s
2026-06-03 03:00:42,820 INFO gateway.memory_monitor: [MEMORY] rss=465MB gc=(174, 7, 24) threads=15 uptime=572400s
2026-06-03 03:05:42,820 INFO gateway.memory_monitor: [MEMORY] rss=465MB gc=(376, 8, 24) threads=15 uptime=572700s
2026-06-03 03:10:42,821 INFO gateway.memory_monitor: [MEMORY] rss=465MB gc=(645, 9, 24) threads=15 uptime=573000s
2026-06-03 03:11:10,389 INFO gateway.run: Agent cache idle-TTL evict: session=agent:main:telegram:dm:8174123879 (idle=3875s)
2026-06-03 03:11:10,390 INFO gateway.run: Agent cache idle sweep: evicted 1 agent(s)
2026-06-03 03:15:42,822 INFO gateway.memory_monitor: [MEMORY] rss=465MB gc=(222, 11, 24) threads=15 uptime=573300s
2026-06-03 03:20:42,822 INFO gateway.memory_monitor: [MEMORY] rss=465MB gc=(0, 1, 25) threads=15 uptime=573600s
2026-06-03 03:25:42,823 INFO gateway.memory_monitor: [MEMORY] rss=465MB gc=(315, 2, 25) threads=15 uptime=573900s
2026-06-03 03:30:42,823 INFO gateway.memory_monitor: [MEMORY] rss=465MB gc=(548, 3, 25) threads=15 uptime=574201s
2026-06-03 03:35:42,824 INFO gateway.memory_monitor: [MEMORY] rss=465MB gc=(143, 5, 25) threads=15 uptime=574501s
2026-06-03 03:39:19,929 INFO gateway.platforms.telegram: [Telegram] Flushing text batch agent:main:telegram:dm:8174123879 (268 chars)
2026-06-03 03:39:19,930 INFO gateway.run: inbound message: platform=telegram user=T chat=8174123879 msg='I would love an automated kanban board to see what phases are being worked on an'
2026-06-03 03:39:45,026 INFO gateway.run: response ready: platform=telegram chat=8174123879 time=25.1s api_calls=5 response=501 chars
2026-06-03 03:39:45,029 INFO gateway.platforms.base: [Telegram] Sending response (501 chars) to 8174123879
2026-06-03 03:40:42,824 INFO gateway.memory_monitor: [MEMORY] rss=465MB gc=(141, 9, 27) threads=15 uptime=574801s
2026-06-03 03:45:42,825 INFO gateway.memory_monitor: [MEMORY] rss=465MB gc=(0, 11, 27) threads=15 uptime=575101s
2026-06-03 03:50:12,193 INFO gateway.platforms.telegram: [Telegram] Flushing text batch agent:main:telegram:dm:8174123879 (381 chars)
2026-06-03 03:50:12,194 INFO gateway.run: inbound message: platform=telegram user=T chat=8174123879 msg='Perfect! The workers have MCP access, as well as, the Claude code instance on yo'
2026-06-03 03:50:40,103 INFO gateway.run: response ready: platform=telegram chat=8174123879 time=27.9s api_calls=3 response=3524 chars
2026-06-03 03:50:40,107 INFO gateway.platforms.base: [Telegram] Sending response (3524 chars) to 8174123879
2026-06-03 03:50:42,825 INFO gateway.memory_monitor: [MEMORY] rss=465MB gc=(105, 7, 29) threads=15 uptime=575401s
2026-06-03 03:55:42,826 INFO gateway.memory_monitor: [MEMORY] rss=465MB gc=(285, 8, 29) threads=15 uptime=575701s
2026-06-03 03:56:42,115 INFO gateway.platforms.telegram: [Telegram] Flushing text batch agent:main:telegram:dm:8174123879 (966 chars)
2026-06-03 03:56:42,116 INFO gateway.run: inbound message: platform=telegram user=T chat=8174123879 msg="Perfect, let's take note that that needs to be done. Let's have our own SomberSo"
2026-06-03 03:57:42,697 INFO gateway.run: response ready: platform=telegram chat=8174123879 time=60.6s api_calls=5 response=4697 chars
2026-06-03 03:57:42,702 INFO gateway.platforms.base: [Telegram] Sending response (4697 chars) to 8174123879
2026-06-03 04:00:42,826 INFO gateway.memory_monitor: [MEMORY] rss=467MB gc=(112, 1, 32) threads=15 uptime=576001s
2026-06-03 04:01:13,510 INFO gateway.run: Session expiry: 1 sessions to finalize (telegram:1)
2026-06-03 04:01:13,513 INFO gateway.run: Session expiry done: 1 finalized
2026-06-03 04:05:42,827 INFO gateway.memory_monitor: [MEMORY] rss=467MB gc=(472, 2, 32) threads=15 uptime=576301s
2026-06-03 04:10:42,827 INFO gateway.memory_monitor: [MEMORY] rss=467MB gc=(144, 4, 32) threads=15 uptime=576601s
2026-06-03 04:15:42,828 INFO gateway.memory_monitor: [MEMORY] rss=467MB gc=(607, 5, 32) threads=15 uptime=576901s
2026-06-03 04:20:42,828 INFO gateway.memory_monitor: [MEMORY] rss=467MB gc=(223, 7, 32) threads=15 uptime=577201s
2026-06-03 04:25:42,829 INFO gateway.memory_monitor: [MEMORY] rss=467MB gc=(457, 8, 32) threads=15 uptime=577501s
2026-06-03 04:30:42,830 INFO gateway.memory_monitor: [MEMORY] rss=467MB gc=(344, 10, 32) threads=15 uptime=577801s
2026-06-03 04:31:44,246 INFO gateway.platforms.telegram: [Telegram] Flushing text batch agent:main:telegram:dm:8174123879 (58 chars)
2026-06-03 04:31:44,247 INFO gateway.run: inbound message: platform=telegram user=T chat=8174123879 msg='One last question, how can we make that flow EVEN BETTER??'
2026-06-03 04:32:26,646 INFO gateway.run: response ready: platform=telegram chat=8174123879 time=42.4s api_calls=6 response=4668 chars
2026-06-03 04:32:26,652 INFO gateway.platforms.base: [Telegram] Sending response (4668 chars) to 8174123879
2026-06-03 04:32:59,663 INFO gateway.platforms.telegram: [Telegram] Flushing text batch agent:main:telegram:dm:8174123879 (17 chars)
2026-06-03 04:32:59,663 INFO gateway.run: inbound message: platform=telegram user=T chat=8174123879 msg='PERFECT!!! Do it!'
2026-06-03 04:35:42,681 INFO gateway.run: response ready: platform=telegram chat=8174123879 time=163.0s api_calls=19 response=1673 chars
2026-06-03 04:35:42,686 INFO gateway.platforms.base: [Telegram] Sending response (1673 chars) to 8174123879
2026-06-03 04:35:42,830 INFO gateway.memory_monitor: [MEMORY] rss=467MB gc=(132, 11, 38) threads=15 uptime=578101s
2026-06-03 04:40:42,831 INFO gateway.memory_monitor: [MEMORY] rss=467MB gc=(581, 0, 39) threads=15 uptime=578401s
2026-06-03 04:45:42,831 INFO gateway.memory_monitor: [MEMORY] rss=467MB gc=(223, 2, 39) threads=15 uptime=578701s
2026-06-03 04:50:42,832 INFO gateway.memory_monitor: [MEMORY] rss=467MB gc=(456, 3, 39) threads=15 uptime=579001s
2026-06-03 04:55:42,832 INFO gateway.memory_monitor: [MEMORY] rss=467MB gc=(343, 5, 39) threads=15 uptime=579301s
2026-06-03 05:00:42,833 INFO gateway.memory_monitor: [MEMORY] rss=467MB gc=(580, 6, 39) threads=15 uptime=579601s
2026-06-03 05:05:42,834 INFO gateway.memory_monitor: [MEMORY] rss=467MB gc=(222, 8, 39) threads=15 uptime=579901s
2026-06-03 05:10:42,834 INFO gateway.memory_monitor: [MEMORY] rss=467MB gc=(456, 9, 39) threads=15 uptime=580201s
2026-06-03 05:15:42,835 INFO gateway.memory_monitor: [MEMORY] rss=467MB gc=(343, 11, 39) threads=15 uptime=580501s
2026-06-03 05:20:42,835 INFO gateway.memory_monitor: [MEMORY] rss=467MB gc=(579, 0, 40) threads=15 uptime=580801s
2026-06-03 05:25:42,836 INFO gateway.memory_monitor: [MEMORY] rss=467MB gc=(222, 2, 40) threads=15 uptime=581101s
2026-06-03 05:30:42,836 INFO gateway.memory_monitor: [MEMORY] rss=467MB gc=(456, 3, 40) threads=15 uptime=581401s
2026-06-03 05:35:42,837 INFO gateway.memory_monitor: [MEMORY] rss=467MB gc=(338, 5, 40) threads=15 uptime=581701s
2026-06-03 05:36:19,525 INFO gateway.run: Agent cache idle-TTL evict: session=agent:main:telegram:dm:8174123879 (idle=3637s)
2026-06-03 05:36:19,526 INFO gateway.run: Agent cache idle sweep: evicted 1 agent(s)
2026-06-03 05:40:42,837 INFO gateway.memory_monitor: [MEMORY] rss=467MB gc=(549, 6, 40) threads=15 uptime=582001s
2026-06-03 05:45:42,838 INFO gateway.memory_monitor: [MEMORY] rss=467MB gc=(190, 8, 40) threads=15 uptime=582301s
2026-06-03 05:50:42,838 INFO gateway.memory_monitor: [MEMORY] rss=467MB gc=(424, 9, 40) threads=15 uptime=582601s
2026-06-03 05:55:42,839 INFO gateway.memory_monitor: [MEMORY] rss=467MB gc=(251, 11, 40) threads=15 uptime=582901s
2026-06-03 06:00:42,839 INFO gateway.memory_monitor: [MEMORY] rss=467MB gc=(507, 0, 41) threads=15 uptime=583201s
2026-06-03 06:05:42,840 INFO gateway.memory_monitor: [MEMORY] rss=467MB gc=(191, 2, 41) threads=15 uptime=583501s
2026-06-03 06:10:42,841 INFO gateway.memory_monitor: [MEMORY] rss=467MB gc=(425, 3, 41) threads=15 uptime=583801s
2026-06-03 06:15:42,841 INFO gateway.memory_monitor: [MEMORY] rss=467MB gc=(313, 5, 41) threads=15 uptime=584101s
2026-06-03 06:20:42,842 INFO gateway.memory_monitor: [MEMORY] rss=467MB gc=(549, 6, 41) threads=15 uptime=584401s
2026-06-03 06:25:42,842 INFO gateway.memory_monitor: [MEMORY] rss=467MB gc=(190, 8, 41) threads=15 uptime=584701s
2026-06-03 06:30:42,843 INFO gateway.memory_monitor: [MEMORY] rss=467MB gc=(425, 9, 41) threads=15 uptime=585001s
2026-06-03 06:35:42,843 INFO gateway.memory_monitor: [MEMORY] rss=467MB gc=(251, 11, 41) threads=15 uptime=585301s
2026-06-03 06:40:42,844 INFO gateway.memory_monitor: [MEMORY] rss=467MB gc=(507, 0, 42) threads=15 uptime=585601s
2026-06-03 06:45:42,844 INFO gateway.memory_monitor: [MEMORY] rss=467MB gc=(160, 2, 42) threads=15 uptime=585901s
2026-06-03 06:50:42,845 INFO gateway.memory_monitor: [MEMORY] rss=467MB gc=(377, 3, 42) threads=15 uptime=586201s
2026-06-03 06:55:42,845 INFO gateway.memory_monitor: [MEMORY] rss=467MB gc=(219, 5, 42) threads=15 uptime=586501s
2026-06-03 07:00:42,846 INFO gateway.memory_monitor: [MEMORY] rss=467MB gc=(426, 6, 42) threads=15 uptime=586801s
2026-06-03 07:05:42,846 INFO gateway.memory_monitor: [MEMORY] rss=467MB gc=(0, 8, 42) threads=15 uptime=587101s
2026-06-03 07:10:42,847 INFO gateway.memory_monitor: [MEMORY] rss=467MB gc=(345, 9, 42) threads=15 uptime=587401s
2026-06-03 07:15:42,847 INFO gateway.memory_monitor: [MEMORY] rss=467MB gc=(219, 11, 42) threads=15 uptime=587701s
2026-06-03 07:20:42,848 INFO gateway.memory_monitor: [MEMORY] rss=467MB gc=(427, 0, 43) threads=15 uptime=588001s
2026-06-03 07:25:42,848 INFO gateway.memory_monitor: [MEMORY] rss=467MB gc=(0, 2, 43) threads=15 uptime=588301s
2026-06-03 07:30:42,849 INFO gateway.memory_monitor: [MEMORY] rss=467MB gc=(345, 3, 43) threads=15 uptime=588601s
2026-06-03 07:35:42,849 INFO gateway.memory_monitor: [MEMORY] rss=467MB gc=(188, 5, 43) threads=15 uptime=588901s
2026-06-03 07:40:42,850 INFO gateway.memory_monitor: [MEMORY] rss=467MB gc=(395, 6, 43) threads=15 uptime=589201s
2026-06-03 07:45:42,851 INFO gateway.memory_monitor: [MEMORY] rss=467MB gc=(629, 7, 43) threads=15 uptime=589501s
2026-06-03 07:50:42,851 INFO gateway.memory_monitor: [MEMORY] rss=467MB gc=(455, 9, 43) threads=15 uptime=589801s
2026-06-03 07:55:42,852 INFO gateway.memory_monitor: [MEMORY] rss=467MB gc=(140, 11, 43) threads=15 uptime=590101s
2026-06-03 08:00:42,860 INFO gateway.memory_monitor: [MEMORY] rss=467MB gc=(17, 10, 44) threads=16 uptime=590401s
2026-06-03 08:05:42,866 INFO gateway.memory_monitor: [MEMORY] rss=467MB gc=(388, 11, 46) threads=15 uptime=590701s
2026-06-03 08:10:42,866 INFO gateway.memory_monitor: [MEMORY] rss=467MB gc=(307, 1, 47) threads=15 uptime=591001s
2026-06-03 08:15:42,867 INFO gateway.memory_monitor: [MEMORY] rss=467MB gc=(588, 2, 47) threads=15 uptime=591301s
2026-06-03 08:20:42,868 INFO gateway.memory_monitor: [MEMORY] rss=467MB gc=(217, 4, 47) threads=15 uptime=591601s
2026-06-03 08:25:42,868 INFO gateway.memory_monitor: [MEMORY] rss=467MB gc=(452, 5, 47) threads=15 uptime=591901s
2026-06-03 08:30:42,869 INFO gateway.memory_monitor: [MEMORY] rss=467MB gc=(307, 7, 47) threads=15 uptime=592201s
2026-06-03 08:35:42,869 INFO gateway.memory_monitor: [MEMORY] rss=467MB gc=(532, 8, 47) threads=15 uptime=592501s
2026-06-03 08:40:42,870 INFO gateway.memory_monitor: [MEMORY] rss=467MB gc=(186, 10, 47) threads=15 uptime=592801s
2026-06-03 08:45:42,870 INFO gateway.memory_monitor: [MEMORY] rss=467MB gc=(420, 11, 47) threads=15 uptime=593101s
2026-06-03 08:50:42,871 INFO gateway.memory_monitor: [MEMORY] rss=467MB gc=(244, 1, 48) threads=15 uptime=593401s
2026-06-03 08:55:42,871 INFO gateway.memory_monitor: [MEMORY] rss=467MB gc=(484, 2, 48) threads=15 uptime=593701s
2026-06-03 09:00:42,872 INFO gateway.memory_monitor: [MEMORY] rss=467MB gc=(106, 4, 48) threads=15 uptime=594001s
2026-06-03 09:05:42,872 INFO gateway.memory_monitor: [MEMORY] rss=467MB gc=(358, 5, 48) threads=15 uptime=594301s
2026-06-03 09:10:42,873 INFO gateway.memory_monitor: [MEMORY] rss=467MB gc=(183, 7, 48) threads=15 uptime=594601s
2026-06-03 09:15:42,873 INFO gateway.memory_monitor: [MEMORY] rss=467MB gc=(422, 8, 48) threads=15 uptime=594901s
2026-06-03 09:20:42,874 INFO gateway.memory_monitor: [MEMORY] rss=467MB gc=(105, 10, 48) threads=15 uptime=595201s
2026-06-03 09:25:42,874 INFO gateway.memory_monitor: [MEMORY] rss=467MB gc=(357, 11, 48) threads=15 uptime=595501s
2026-06-03 09:30:42,875 INFO gateway.memory_monitor: [MEMORY] rss=467MB gc=(182, 1, 49) threads=15 uptime=595801s
2026-06-03 09:35:42,875 INFO gateway.memory_monitor: [MEMORY] rss=467MB gc=(390, 2, 49) threads=15 uptime=596101s
2026-06-03 09:40:42,876 INFO gateway.memory_monitor: [MEMORY] rss=467MB gc=(625, 3, 49) threads=15 uptime=596401s
2026-06-03 09:45:42,876 INFO gateway.memory_monitor: [MEMORY] rss=467MB gc=(277, 5, 49) threads=15 uptime=596701s
2026-06-03 09:50:42,877 INFO gateway.memory_monitor: [MEMORY] rss=467MB gc=(14, 7, 49) threads=15 uptime=597001s
2026-06-03 09:55:42,877 INFO gateway.memory_monitor: [MEMORY] rss=467MB gc=(328, 8, 49) threads=15 uptime=597301s
2026-06-03 10:00:42,878 INFO gateway.memory_monitor: [MEMORY] rss=467MB gc=(594, 9, 49) threads=15 uptime=597601s
2026-06-03 10:05:42,878 INFO gateway.memory_monitor: [MEMORY] rss=467MB gc=(245, 11, 49) threads=15 uptime=597901s
2026-06-03 10:10:42,879 INFO gateway.memory_monitor: [MEMORY] rss=467MB gc=(13, 1, 50) threads=15 uptime=598201s
2026-06-03 10:15:42,879 INFO gateway.memory_monitor: [MEMORY] rss=467MB gc=(390, 2, 50) threads=15 uptime=598501s
2026-06-03 10:20:42,880 INFO gateway.memory_monitor: [MEMORY] rss=467MB gc=(625, 3, 50) threads=15 uptime=598801s
2026-06-03 10:25:42,880 INFO gateway.memory_monitor: [MEMORY] rss=467MB gc=(247, 5, 50) threads=15 uptime=599101s
2026-06-03 10:30:42,881 INFO gateway.memory_monitor: [MEMORY] rss=467MB gc=(16, 7, 50) threads=15 uptime=599401s
2026-06-03 10:35:42,881 INFO gateway.memory_monitor: [MEMORY] rss=467MB gc=(327, 8, 50) threads=15 uptime=599701s
2026-06-03 10:40:42,882 INFO gateway.memory_monitor: [MEMORY] rss=467MB gc=(593, 9, 50) threads=15 uptime=600001s
2026-06-03 10:45:42,883 INFO gateway.memory_monitor: [MEMORY] rss=467MB gc=(216, 11, 50) threads=15 uptime=600301s
2026-06-03 10:50:42,883 INFO gateway.memory_monitor: [MEMORY] rss=467MB gc=(625, 0, 51) threads=15 uptime=600601s
2026-06-03 10:55:42,884 INFO gateway.memory_monitor: [MEMORY] rss=467MB gc=(279, 2, 51) threads=15 uptime=600901s
2026-06-03 11:00:42,884 INFO gateway.memory_monitor: [MEMORY] rss=467MB gc=(531, 3, 51) threads=15 uptime=601201s
2026-06-03 11:05:42,885 INFO gateway.memory_monitor: [MEMORY] rss=467MB gc=(185, 5, 51) threads=15 uptime=601501s
2026-06-03 11:10:42,885 INFO gateway.memory_monitor: [MEMORY] rss=467MB gc=(575, 6, 51) threads=15 uptime=601801s
2026-06-03 11:15:42,886 INFO gateway.memory_monitor: [MEMORY] rss=467MB gc=(260, 8, 51) threads=15 uptime=602101s
2026-06-03 11:20:42,886 INFO gateway.memory_monitor: [MEMORY] rss=467MB gc=(513, 9, 51) threads=15 uptime=602401s
2026-06-03 11:25:42,887 INFO gateway.memory_monitor: [MEMORY] rss=467MB gc=(138, 11, 51) threads=15 uptime=602701s
2026-06-03 11:30:42,888 INFO gateway.memory_monitor: [MEMORY] rss=467MB gc=(580, 0, 52) threads=15 uptime=603001s
2026-06-03 11:35:14,852 INFO gateway.platforms.telegram: [Telegram] Flushing text batch agent:main:telegram:dm:8174123879 (152 chars)
2026-06-03 11:35:14,853 INFO gateway.run: inbound message: platform=telegram user=T chat=8174123879 msg='So I was thinking %70 win rate would mean win rate + friendship rate. But every '
2026-06-03 11:35:42,888 INFO gateway.memory_monitor: [MEMORY] rss=467MB gc=(475, 10, 53) threads=15 uptime=603301s
2026-06-03 11:37:20,432 INFO gateway.run: response ready: platform=telegram chat=8174123879 time=125.6s api_calls=13 response=3494 chars
2026-06-03 11:37:20,437 INFO gateway.platforms.base: [Telegram] Sending response (3494 chars) to 8174123879
2026-06-03 11:40:42,889 INFO gateway.memory_monitor: [MEMORY] rss=467MB gc=(514, 6, 55) threads=15 uptime=603601s
2026-06-03 11:45:42,889 INFO gateway.memory_monitor: [MEMORY] rss=467MB gc=(370, 8, 55) threads=15 uptime=603901s
2026-06-03 11:50:42,890 INFO gateway.memory_monitor: [MEMORY] rss=467MB gc=(602, 9, 55) threads=15 uptime=604201s
2026-06-03 11:55:42,890 INFO gateway.memory_monitor: [MEMORY] rss=467MB gc=(231, 11, 55) threads=15 uptime=604501s
2026-06-03 12:00:42,891 INFO gateway.memory_monitor: [MEMORY] rss=467MB gc=(466, 0, 56) threads=15 uptime=604801s
2026-06-03 12:05:42,891 INFO gateway.memory_monitor: [MEMORY] rss=467MB gc=(259, 2, 56) threads=15 uptime=605101s
2026-06-03 12:10:42,892 INFO gateway.memory_monitor: [MEMORY] rss=467MB gc=(480, 3, 56) threads=15 uptime=605401s
2026-06-03 12:13:47,727 INFO gateway.platforms.telegram: [Telegram] Flushing text batch agent:main:telegram:dm:8174123879 (102 chars)
2026-06-03 12:13:47,727 INFO gateway.run: inbound message: platform=telegram user=T chat=8174123879 msg='How about this, what if we said the win rate had to be 65%-75%? Anything higher '
2026-06-03 12:14:28,370 INFO gateway.run: response ready: platform=telegram chat=8174123879 time=40.6s api_calls=5 response=2022 chars
2026-06-03 12:14:28,375 INFO gateway.platforms.base: [Telegram] Sending response (2022 chars) to 8174123879
2026-06-03 12:15:42,892 INFO gateway.memory_monitor: [MEMORY] rss=467MB gc=(281, 11, 57) threads=15 uptime=605701s
2026-06-03 12:16:18,726 INFO gateway.platforms.telegram: [Telegram] Flushing text batch agent:main:telegram:dm:8174123879 (108 chars)
2026-06-03 12:16:18,727 INFO gateway.run: inbound message: platform=telegram user=T chat=8174123879 msg='Sounds great! Alright, we were talking about Hermes upgrades before we got into '
2026-06-03 12:18:36,859 INFO [20260603_043144_3207b9f2] gateway.run: Session split detected: 20260603_043144_3207b9f2 → 20260603_121819_e1029e (compression)
2026-06-03 12:18:36,908 INFO gateway.run: response ready: platform=telegram chat=8174123879 time=138.2s api_calls=4 response=1357 chars
2026-06-03 12:18:36,913 INFO gateway.platforms.base: [Telegram] Sending response (1357 chars) to 8174123879
2026-06-03 12:20:42,893 INFO gateway.memory_monitor: [MEMORY] rss=467MB gc=(355, 8, 0) threads=15 uptime=606001s
2026-06-03 12:25:42,894 INFO gateway.memory_monitor: [MEMORY] rss=467MB gc=(231, 10, 0) threads=15 uptime=606301s
2026-06-03 12:30:42,894 INFO gateway.memory_monitor: [MEMORY] rss=467MB gc=(482, 11, 0) threads=15 uptime=606601s
2026-06-03 12:35:42,895 INFO gateway.memory_monitor: [MEMORY] rss=467MB gc=(105, 1, 1) threads=15 uptime=606901s
2026-06-03 12:35:46,942 INFO gateway.platforms.telegram: [Telegram] Flushing text batch agent:main:telegram:dm:8174123879 (111 chars)
2026-06-03 12:35:46,942 INFO gateway.run: inbound message: platform=telegram user=T chat=8174123879 msg='Can you handle adding those 2 MCP servers? And there are definitely no "RPG Know'
2026-06-03 12:40:42,895 INFO gateway.memory_monitor: [MEMORY] rss=467MB gc=(606, 6, 5) threads=15 uptime=607201s
2026-06-03 12:41:20,664 INFO gateway.platforms.telegram: Telegram button resolved 1 approval(s) for session agent:main:telegram:dm:8174123879 (choice=always, user=T)
2026-06-03 12:41:21,269 INFO gateway.run: Stopping gateway for restart...
2026-06-03 12:41:21,804 INFO gateway.run: Sent shutdown notification to active chat telegram:8174123879
2026-06-03 12:41:21,805 INFO gateway.run: Shutdown phase: notify_active_sessions done at +0.54s
2026-06-03 12:44:21,872 INFO gateway.run: Shutdown phase: drain done at +180.60s (drain took 180.06s, timed_out=True, active_at_start=1, active_now=1)
2026-06-03 12:44:21,872 WARNING gateway.run: Gateway drain timed out after 180.0s with 1 active agent(s); interrupting remaining work.
2026-06-03 12:44:22,192 INFO gateway.run: Ignoring control interrupt message for session agent:main:telegram:dm:8174123879: Gateway restarting
2026-06-03 12:44:22,208 INFO gateway.run: response ready: platform=telegram chat=8174123879 time=515.3s api_calls=22 response=65 chars
2026-06-03 12:44:22,212 INFO gateway.platforms.base: [Telegram] Sending response (65 chars) to 8174123879
2026-06-03 12:44:22,282 INFO gateway.run: Shutdown phase: post-interrupt tool kill done at +181.01s
2026-06-03 12:44:25,532 INFO gateway.platforms.telegram: [Telegram] Disconnected from Telegram
2026-06-03 12:44:25,532 INFO gateway.run: ✓ telegram disconnected (3.25s)
2026-06-03 12:44:25,533 INFO gateway.run: Shutdown phase: all adapters disconnected at +184.26s
2026-06-03 12:44:25,533 INFO gateway.run: Shutdown phase: final-cleanup tool kill done at +184.26s
2026-06-03 12:44:25,537 INFO gateway.run: Shutdown phase: SessionDB close done at +184.27s
2026-06-03 12:44:25,537 INFO gateway.run: Skipping .clean_shutdown marker — drain timed out with interrupted agents; next startup will suspend recently active sessions.
2026-06-03 12:44:25,539 INFO gateway.run: Gateway stopped (total teardown 184.27s)
2026-06-03 12:44:25,539 INFO gateway.run: Cron ticker stopped
2026-06-03 12:44:25,540 INFO gateway.memory_monitor: [MEMORY] shutdown rss=467MB gc=(1, 11, 7) threads=14 uptime=607423s
2026-06-03 12:44:25,540 INFO gateway.memory_monitor: [MEMORY] Periodic memory monitoring stopped
2026-06-03 12:44:42,570 INFO gateway.memory_monitor: [MEMORY] baseline rss=100MB gc=(106, 3, 7) threads=4 uptime=0s
2026-06-03 12:44:42,571 INFO gateway.memory_monitor: [MEMORY] Periodic memory monitoring started (interval: 300s)
2026-06-03 12:44:42,743 INFO gateway.run: Starting Hermes Gateway...
2026-06-03 12:44:42,743 INFO gateway.run: Session storage: /root/.hermes/sessions
2026-06-03 12:44:42,766 INFO gateway.run: Agent budget: max_iterations=90 (agent.max_turns from config.yaml, or HERMES_MAX_ITERATIONS from .env, or default 90)
2026-06-03 12:44:42,767 INFO gateway.run: Secret redaction: ENABLED (tool output, logs, and chat responses are scrubbed before delivery)
2026-06-03 12:44:43,148 INFO gateway.run: Connecting to telegram...
2026-06-03 12:44:43,301 INFO gateway.platforms.telegram: [Telegram] Auto-discovered Telegram fallback IPs: 149.154.166.110
2026-06-03 12:44:43,301 INFO gateway.platforms.telegram: [Telegram] Telegram fallback IPs active: 149.154.166.110
2026-06-03 12:44:44,133 INFO gateway.platforms.telegram: [Telegram] set_my_commands OK for scope BotCommandScopeDefault (30 cmds)
2026-06-03 12:44:44,354 INFO gateway.platforms.telegram: [Telegram] set_my_commands OK for scope BotCommandScopeAllPrivateChats (30 cmds)
2026-06-03 12:44:44,582 INFO gateway.platforms.telegram: [Telegram] set_my_commands OK for scope BotCommandScopeAllGroupChats (30 cmds)
2026-06-03 12:44:44,582 INFO gateway.platforms.telegram: [Telegram] Telegram menu: 30 commands registered, 105 hidden (over 30 limit). Use /commands for full list.
2026-06-03 12:44:44,584 INFO gateway.platforms.telegram: [Telegram] Connected to Telegram (polling mode)
2026-06-03 12:44:44,586 INFO gateway.run: ✓ telegram connected
2026-06-03 12:44:44,587 INFO gateway.run: Gateway running with 1 platform(s)
2026-06-03 12:44:44,593 INFO gateway.run: Channel directory built: 1 target(s)
2026-06-03 12:44:45,595 INFO gateway.run: Scheduled auto-resume for 1 restart-interrupted session(s)
2026-06-03 12:44:45,595 INFO gateway.run: Press Ctrl+C to stop
2026-06-03 12:44:45,614 INFO gateway.run: inbound message: platform=telegram user=T chat=8174123879 msg=''
2026-06-03 12:44:45,773 INFO gateway.run: Cron ticker started (interval=60s)
2026-06-03 12:44:50,600 INFO gateway.run: kanban dispatcher: embedded in gateway (interval=60.0s)
2026-06-03 12:45:31,736 INFO gateway.run: response ready: platform=telegram chat=8174123879 time=46.1s api_calls=5 response=1627 chars
2026-06-03 12:45:31,750 INFO gateway.platforms.base: [Telegram] Sending response (1627 chars) to 8174123879
2026-06-03 12:49:42,571 INFO gateway.memory_monitor: [MEMORY] rss=237MB gc=(318, 3, 8) threads=11 uptime=300s
2026-06-03 12:54:42,572 INFO gateway.memory_monitor: [MEMORY] rss=237MB gc=(279, 5, 8) threads=11 uptime=600s
2026-06-03 12:59:42,572 INFO gateway.memory_monitor: [MEMORY] rss=237MB gc=(103, 7, 8) threads=11 uptime=900s
2026-06-03 13:04:42,573 INFO gateway.memory_monitor: [MEMORY] rss=237MB gc=(478, 8, 8) threads=11 uptime=1200s
2026-06-03 13:09:42,573 INFO gateway.memory_monitor: [MEMORY] rss=237MB gc=(137, 10, 8) threads=11 uptime=1500s
2026-06-03 13:14:42,574 INFO gateway.memory_monitor: [MEMORY] rss=237MB gc=(7, 0, 9) threads=11 uptime=1800s
2026-06-03 13:19:42,574 INFO gateway.memory_monitor: [MEMORY] rss=237MB gc=(479, 1, 9) threads=11 uptime=2100s
2026-06-03 13:24:42,575 INFO gateway.memory_monitor: [MEMORY] rss=237MB gc=(291, 3, 9) threads=11 uptime=2400s
2026-06-03 13:29:42,575 INFO gateway.memory_monitor: [MEMORY] rss=237MB gc=(6, 5, 9) threads=11 uptime=2700s
2026-06-03 13:34:42,576 INFO gateway.memory_monitor: [MEMORY] rss=237MB gc=(475, 6, 9) threads=11 uptime=3000s
2026-06-03 13:39:42,577 INFO gateway.memory_monitor: [MEMORY] rss=237MB gc=(290, 8, 9) threads=11 uptime=3300s
2026-06-03 13:44:42,577 INFO gateway.memory_monitor: [MEMORY] rss=239MB gc=(6, 11, 9) threads=11 uptime=3600s
2026-06-03 13:45:49,544 INFO gateway.run: Agent cache idle-TTL evict: session=agent:main:telegram:dm:8174123879 (idle=3618s)
2026-06-03 13:45:49,545 INFO gateway.run: Agent cache idle sweep: evicted 1 agent(s)
2026-06-03 13:49:42,578 INFO gateway.memory_monitor: [MEMORY] rss=239MB gc=(275, 0, 10) threads=11 uptime=3900s
2026-06-03 13:54:42,578 INFO gateway.memory_monitor: [MEMORY] rss=239MB gc=(277, 2, 10) threads=11 uptime=4200s
2026-06-03 13:59:42,579 INFO gateway.memory_monitor: [MEMORY] rss=239MB gc=(6, 4, 10) threads=11 uptime=4500s
2026-06-03 14:04:42,579 INFO gateway.memory_monitor: [MEMORY] rss=262MB gc=(129, 8, 13) threads=12 uptime=4800s
2026-06-03 14:09:42,580 INFO gateway.memory_monitor: [MEMORY] rss=262MB gc=(59, 11, 13) threads=12 uptime=5100s
2026-06-03 14:14:42,581 INFO gateway.memory_monitor: [MEMORY] rss=262MB gc=(661, 0, 14) threads=12 uptime=5400s
2026-06-03 14:19:42,581 INFO gateway.memory_monitor: [MEMORY] rss=262MB gc=(449, 2, 14) threads=12 uptime=5700s
2026-06-03 14:24:42,582 INFO gateway.memory_monitor: [MEMORY] rss=262MB gc=(261, 4, 14) threads=12 uptime=6000s
2026-06-03 14:29:42,582 INFO gateway.memory_monitor: [MEMORY] rss=262MB gc=(0, 6, 14) threads=12 uptime=6300s
2026-06-03 14:34:42,583 INFO gateway.memory_monitor: [MEMORY] rss=262MB gc=(445, 7, 14) threads=12 uptime=6600s
2026-06-03 14:39:42,583 INFO gateway.memory_monitor: [MEMORY] rss=262MB gc=(262, 9, 14) threads=12 uptime=6900s
2026-06-03 14:44:42,584 INFO gateway.memory_monitor: [MEMORY] rss=262MB gc=(463, 10, 14) threads=12 uptime=7200s
2026-06-03 14:49:42,584 INFO gateway.memory_monitor: [MEMORY] rss=262MB gc=(446, 1, 15) threads=12 uptime=7500s
2026-06-03 14:54:42,585 INFO gateway.memory_monitor: [MEMORY] rss=262MB gc=(259, 3, 15) threads=12 uptime=7800s
2026-06-03 14:59:42,585 INFO gateway.memory_monitor: [MEMORY] rss=262MB gc=(633, 4, 15) threads=12 uptime=8100s
2026-06-03 15:04:42,586 INFO gateway.memory_monitor: [MEMORY] rss=262MB gc=(323, 6, 15) threads=12 uptime=8400s
2026-06-03 15:09:42,586 INFO gateway.memory_monitor: [MEMORY] rss=262MB gc=(259, 8, 15) threads=12 uptime=8700s
2026-06-03 15:14:42,587 INFO gateway.memory_monitor: [MEMORY] rss=262MB gc=(661, 9, 15) threads=12 uptime=9000s
2026-06-03 15:19:42,587 INFO gateway.memory_monitor: [MEMORY] rss=262MB gc=(417, 11, 15) threads=12 uptime=9300s
2026-06-03 15:24:42,588 INFO gateway.memory_monitor: [MEMORY] rss=262MB gc=(261, 1, 16) threads=12 uptime=9600s
2026-06-03 15:29:42,588 INFO gateway.memory_monitor: [MEMORY] rss=262MB gc=(1, 3, 16) threads=12 uptime=9900s
2026-06-03 15:34:42,589 INFO gateway.memory_monitor: [MEMORY] rss=262MB gc=(415, 4, 16) threads=12 uptime=10200s
2026-06-03 15:39:42,589 INFO gateway.memory_monitor: [MEMORY] rss=262MB gc=(262, 6, 16) threads=12 uptime=10500s
2026-06-03 15:44:42,590 INFO gateway.memory_monitor: [MEMORY] rss=262MB gc=(462, 7, 16) threads=12 uptime=10800s
2026-06-03 15:49:42,590 INFO gateway.memory_monitor: [MEMORY] rss=262MB gc=(446, 10, 16) threads=12 uptime=11100s
2026-06-03 15:54:42,591 INFO gateway.memory_monitor: [MEMORY] rss=262MB gc=(229, 0, 17) threads=12 uptime=11400s
2026-06-03 15:59:42,592 INFO gateway.memory_monitor: [MEMORY] rss=262MB gc=(603, 1, 17) threads=12 uptime=11700s
2026-06-03 16:04:42,592 INFO gateway.memory_monitor: [MEMORY] rss=262MB gc=(260, 3, 17) threads=12 uptime=12000s
2026-06-03 16:09:42,593 INFO gateway.memory_monitor: [MEMORY] rss=262MB gc=(259, 6, 17) threads=12 uptime=12300s
2026-06-03 16:14:42,593 INFO gateway.memory_monitor: [MEMORY] rss=262MB gc=(631, 7, 17) threads=12 uptime=12600s
2026-06-03 16:19:42,594 INFO gateway.memory_monitor: [MEMORY] rss=262MB gc=(417, 9, 17) threads=12 uptime=12900s
2026-06-03 16:24:42,594 INFO gateway.memory_monitor: [MEMORY] rss=262MB gc=(230, 11, 17) threads=12 uptime=13200s
2026-06-03 16:29:42,595 INFO gateway.memory_monitor: [MEMORY] rss=262MB gc=(1, 1, 18) threads=12 uptime=13500s
2026-06-03 16:34:42,595 INFO gateway.memory_monitor: [MEMORY] rss=262MB gc=(445, 2, 18) threads=12 uptime=13800s
2026-06-03 16:39:42,596 INFO gateway.memory_monitor: [MEMORY] rss=262MB gc=(231, 4, 18) threads=12 uptime=14100s
2026-06-03 16:44:42,596 INFO gateway.memory_monitor: [MEMORY] rss=262MB gc=(462, 5, 18) threads=12 uptime=14400s
2026-06-03 16:49:42,597 INFO gateway.memory_monitor: [MEMORY] rss=262MB gc=(446, 8, 18) threads=12 uptime=14700s
2026-06-03 16:54:42,598 INFO gateway.memory_monitor: [MEMORY] rss=262MB gc=(229, 10, 18) threads=12 uptime=15000s
2026-06-03 16:57:24,483 INFO gateway.platforms.telegram: [Telegram] Flushing text batch agent:main:telegram:dm:8174123879 (234 chars)
2026-06-03 16:57:24,484 INFO gateway.run: inbound message: platform=telegram user=T chat=8174123879 msg="Yeah, that sounds good, but let's also publish the latest mechanics release so m"
2026-06-03 16:59:42,598 INFO gateway.memory_monitor: [MEMORY] rss=265MB gc=(216, 5, 22) threads=12 uptime=15300s
2026-06-03 17:00:41,596 INFO gateway.platforms.telegram: Telegram button resolved 1 approval(s) for session agent:main:telegram:dm:8174123879 (choice=always, user=T)
2026-06-03 17:04:42,599 INFO gateway.memory_monitor: [MEMORY] rss=276MB gc=(142, 8, 4) threads=13 uptime=15600s
2026-06-03 17:09:16,954 INFO [20260603_121819_e1029e] gateway.run: Session split detected: 20260603_121819_e1029e → 20260603_170453_99b3f3 (compression)
2026-06-03 17:09:16,984 INFO gateway.run: response ready: platform=telegram chat=8174123879 time=712.5s api_calls=45 response=2298 chars
2026-06-03 17:09:16,992 WARNING gateway.platforms.base: Skipping unsafe local file path: /root/Workspace/axiomancer-both/axiomancer-mechanics/CHANGELOG.md
2026-06-03 17:09:16,993 INFO gateway.platforms.base: [Telegram] Sending response (2233 chars) to 8174123879
2026-06-03 17:09:42,599 INFO gateway.memory_monitor: [MEMORY] rss=291MB gc=(319, 1, 16) threads=14 uptime=15900s
2026-06-03 17:14:42,600 INFO gateway.memory_monitor: [MEMORY] rss=300MB gc=(105, 8, 23) threads=12 uptime=16200s
2026-06-03 17:19:42,600 INFO gateway.memory_monitor: [MEMORY] rss=300MB gc=(382, 11, 23) threads=12 uptime=16500s
2026-06-03 17:24:42,601 INFO gateway.memory_monitor: [MEMORY] rss=300MB gc=(231, 1, 24) threads=12 uptime=16800s
2026-06-03 17:29:42,601 INFO gateway.memory_monitor: [MEMORY] rss=300MB gc=(632, 2, 24) threads=12 uptime=17100s
2026-06-03 17:34:42,602 INFO gateway.memory_monitor: [MEMORY] rss=300MB gc=(445, 4, 24) threads=12 uptime=17400s
2026-06-03 17:39:42,602 INFO gateway.memory_monitor: [MEMORY] rss=300MB gc=(232, 6, 24) threads=12 uptime=17700s
2026-06-03 17:42:00,020 INFO gateway.platforms.telegram: [Telegram] Flushing text batch agent:main:telegram:dm:8174123879 (218 chars)
2026-06-03 17:42:00,021 INFO gateway.run: inbound message: platform=telegram user=T chat=8174123879 msg="Alright, scrap the release, I'll handle it manually. We need to fix that though."
2026-06-03 17:42:43,254 INFO gateway.run: response ready: platform=telegram chat=8174123879 time=43.2s api_calls=3 response=1635 chars
2026-06-03 17:42:43,259 INFO gateway.platforms.base: [Telegram] Sending response (1635 chars) to 8174123879
2026-06-03 17:44:42,603 INFO gateway.memory_monitor: [MEMORY] rss=309MB gc=(321, 5, 26) threads=12 uptime=18000s
2026-06-03 17:49:42,603 INFO gateway.memory_monitor: [MEMORY] rss=309MB gc=(413, 8, 26) threads=12 uptime=18300s
2026-06-03 17:54:42,604 INFO gateway.memory_monitor: [MEMORY] rss=309MB gc=(231, 10, 26) threads=12 uptime=18600s
2026-06-03 17:59:42,604 INFO gateway.memory_monitor: [MEMORY] rss=309MB gc=(631, 11, 26) threads=12 uptime=18900s
2026-06-03 18:04:42,605 INFO gateway.memory_monitor: [MEMORY] rss=309MB gc=(290, 1, 27) threads=12 uptime=19200s
2026-06-03 18:09:42,606 INFO gateway.memory_monitor: [MEMORY] rss=309MB gc=(231, 3, 27) threads=12 uptime=19500s
2026-06-03 18:14:42,606 INFO gateway.memory_monitor: [MEMORY] rss=309MB gc=(633, 4, 27) threads=12 uptime=19800s
2026-06-03 18:19:42,607 INFO gateway.memory_monitor: [MEMORY] rss=309MB gc=(446, 6, 27) threads=12 uptime=20100s
2026-06-03 18:23:15,987 INFO gateway.platforms.telegram: [Telegram] Flushing text batch agent:main:telegram:dm:8174123879 (84 chars)
2026-06-03 18:23:15,988 INFO gateway.run: inbound message: platform=telegram user=T chat=8174123879 msg="Okay cool, so let's get back to the hermes tools we could add. Something about U"
2026-06-03 18:24:42,607 INFO gateway.memory_monitor: [MEMORY] rss=313MB gc=(275, 3, 1) threads=12 uptime=20400s
2026-06-03 18:25:15,564 INFO [20260603_170453_99b3f3] gateway.run: Session split detected: 20260603_170453_99b3f3 → 20260603_182433_7681f6 (compression)
2026-06-03 18:25:15,583 INFO gateway.run: response ready: platform=telegram chat=8174123879 time=119.6s api_calls=3 response=1590 chars
2026-06-03 18:25:15,588 INFO gateway.platforms.base: [Telegram] Sending response (1590 chars) to 8174123879
2026-06-03 18:26:59,930 INFO gateway.platforms.telegram: [Telegram] Flushing text batch agent:main:telegram:dm:8174123879 (91 chars)
2026-06-03 18:26:59,931 INFO gateway.run: inbound message: platform=telegram user=T chat=8174123879 msg="Nah, don't add XURL, we have no need for Twitter.   Alright, what's next on the "
2026-06-03 18:27:20,117 INFO gateway.run: response ready: platform=telegram chat=8174123879 time=20.2s api_calls=2 response=2670 chars
2026-06-03 18:27:20,121 INFO gateway.platforms.base: [Telegram] Sending response (2670 chars) to 8174123879
2026-06-03 18:27:35,068 INFO gateway.platforms.telegram: [Telegram] Flushing text batch agent:main:telegram:dm:8174123879 (45 chars)
2026-06-03 18:27:35,069 INFO gateway.run: inbound message: platform=telegram user=T chat=8174123879 msg='Noo, not xurls, I was talking about this list'
2026-06-03 18:27:57,846 INFO gateway.run: response ready: platform=telegram chat=8174123879 time=22.8s api_calls=3 response=1239 chars
2026-06-03 18:27:57,852 INFO gateway.platforms.base: [Telegram] Sending response (1239 chars) to 8174123879
2026-06-03 18:28:40,468 INFO gateway.platforms.telegram: [Telegram] Flushing text batch agent:main:telegram:dm:8174123879 (72 chars)
2026-06-03 18:28:40,469 INFO gateway.run: inbound message: platform=telegram user=T chat=8174123879 msg="No, the one before that one. We're on the 4th item of that original list"
2026-06-03 18:28:54,807 INFO gateway.run: response ready: platform=telegram chat=8174123879 time=14.3s api_calls=2 response=1404 chars
2026-06-03 18:28:54,811 INFO gateway.platforms.base: [Telegram] Sending response (1404 chars) to 8174123879
2026-06-03 18:29:42,608 INFO gateway.memory_monitor: [MEMORY] rss=318MB gc=(228, 5, 7) threads=12 uptime=20700s
2026-06-03 18:31:21,516 INFO gateway.run: Invalidated run generation for agent:main:telegram:dm:8174123879 → 8 (session_reset)
2026-06-03 18:31:59,678 INFO gateway.platforms.telegram: [Telegram] Flushing text batch agent:main:telegram:dm:8174123879 (167 chars)
2026-06-03 18:31:59,678 INFO gateway.run: inbound message: platform=telegram user=T chat=8174123879 msg="Alright, what Hermes tools do we have available that I'm not currently using? Fu"
2026-06-03 18:33:07,002 INFO gateway.run: response ready: platform=telegram chat=8174123879 time=67.3s api_calls=6 response=7429 chars
2026-06-03 18:33:07,009 INFO gateway.platforms.base: [Telegram] Sending response (7429 chars) to 8174123879
2026-06-03 18:34:42,608 INFO gateway.memory_monitor: [MEMORY] rss=322MB gc=(409, 4, 11) threads=12 uptime=21000s
2026-06-03 18:37:15,205 INFO gateway.platforms.telegram: [Telegram] Flushing text batch agent:main:telegram:dm:8174123879 (103 chars)
2026-06-03 18:37:15,205 INFO gateway.run: inbound message: platform=telegram user=T chat=8174123879 msg="Great list! Let's take these one at a time. Create a document for hermes upgrade"
2026-06-03 18:38:07,614 INFO gateway.run: response ready: platform=telegram chat=8174123879 time=52.4s api_calls=5 response=282 chars
2026-06-03 18:38:07,618 INFO gateway.platforms.base: [Telegram] Sending response (282 chars) to 8174123879
2026-06-03 18:38:57,447 INFO gateway.platforms.telegram: [Telegram] Flushing text batch agent:main:telegram:dm:8174123879 (3 chars)
2026-06-03 18:38:57,449 INFO gateway.run: inbound message: platform=telegram user=T chat=8174123879 msg='yes'
2026-06-03 18:39:26,627 INFO gateway.run: response ready: platform=telegram chat=8174123879 time=29.2s api_calls=5 response=548 chars
2026-06-03 18:39:26,642 INFO gateway.platforms.base: [Telegram] Sending response (548 chars) to 8174123879
2026-06-03 18:39:42,609 INFO gateway.memory_monitor: [MEMORY] rss=339MB gc=(9, 5, 23) threads=14 uptime=21300s
2026-06-03 18:40:48,078 INFO gateway.platforms.telegram: [Telegram] Flushing text batch agent:main:telegram:dm:8174123879 (11 chars)
2026-06-03 18:40:48,079 INFO gateway.run: inbound message: platform=telegram user=T chat=8174123879 msg="Let's do it"
2026-06-03 18:41:12,447 INFO gateway.run: response ready: platform=telegram chat=8174123879 time=24.4s api_calls=5 response=416 chars
2026-06-03 18:41:12,452 INFO gateway.platforms.base: [Telegram] Sending response (416 chars) to 8174123879
2026-06-03 18:41:19,735 INFO gateway.platforms.telegram: [Telegram] Flushing text batch agent:main:telegram:dm:8174123879 (5 chars)
2026-06-03 18:41:19,736 INFO gateway.run: inbound message: platform=telegram user=T chat=8174123879 msg='do it'
2026-06-03 18:41:44,398 INFO gateway.run: response ready: platform=telegram chat=8174123879 time=24.7s api_calls=5 response=360 chars
2026-06-03 18:41:44,403 INFO gateway.platforms.base: [Telegram] Sending response (360 chars) to 8174123879
2026-06-03 18:42:00,845 INFO gateway.platforms.telegram: [Telegram] Flushing text batch agent:main:telegram:dm:8174123879 (21 chars)
2026-06-03 18:42:00,846 INFO gateway.run: inbound message: platform=telegram user=T chat=8174123879 msg='What is that exactly?'
2026-06-03 18:42:08,525 INFO gateway.run: response ready: platform=telegram chat=8174123879 time=7.7s api_calls=1 response=1361 chars
2026-06-03 18:42:08,530 INFO gateway.platforms.base: [Telegram] Sending response (1361 chars) to 8174123879
2026-06-03 18:43:23,626 INFO gateway.platforms.telegram: [Telegram] Flushing text batch agent:main:telegram:dm:8174123879 (45 chars)
2026-06-03 18:43:23,627 INFO gateway.run: inbound message: platform=telegram user=T chat=8174123879 msg="Eh, let's defer it. We'll leave it as a maybe"
2026-06-03 18:43:38,942 INFO gateway.run: response ready: platform=telegram chat=8174123879 time=15.3s api_calls=3 response=292 chars
2026-06-03 18:43:38,947 INFO gateway.platforms.base: [Telegram] Sending response (292 chars) to 8174123879
2026-06-03 18:44:42,610 INFO gateway.memory_monitor: [MEMORY] rss=339MB gc=(210, 1, 7) threads=12 uptime=21600s
2026-06-03 18:46:15,782 INFO gateway.platforms.telegram: [Telegram] Flushing text batch agent:main:telegram:dm:8174123879 (20 chars)
2026-06-03 18:46:15,783 INFO gateway.run: inbound message: platform=telegram user=T chat=8174123879 msg='Can you handle that?'
2026-06-03 18:48:53,935 INFO gateway.run: response ready: platform=telegram chat=8174123879 time=158.2s api_calls=30 response=1151 chars
2026-06-03 18:48:53,953 WARNING gateway.platforms.base: Skipping unsafe local file path: /root/.hermes/config.yaml
2026-06-03 18:48:53,954 INFO gateway.platforms.base: [Telegram] Sending response (1101 chars) to 8174123879
2026-06-03 18:49:42,610 INFO gateway.memory_monitor: [MEMORY] rss=340MB gc=(1, 1, 23) threads=12 uptime=21900s
2026-06-03 18:54:42,611 INFO gateway.memory_monitor: [MEMORY] rss=340MB gc=(254, 3, 23) threads=12 uptime=22200s
2026-06-03 18:59:42,611 INFO gateway.memory_monitor: [MEMORY] rss=340MB gc=(460, 4, 23) threads=12 uptime=22500s
2026-06-03 19:04:21,695 INFO gateway.platforms.telegram: [Telegram] Flushing text batch agent:main:telegram:dm:8174123879 (122 chars)
2026-06-03 19:04:21,696 INFO gateway.run: inbound message: platform=telegram user=T chat=8174123879 msg='Yeeeah, that was the problem I had before when I tried to wire in my anthropic k'
2026-06-03 19:04:28,524 INFO gateway.run: response ready: platform=telegram chat=8174123879 time=6.8s api_calls=1 response=1043 chars
2026-06-03 19:04:28,528 INFO gateway.platforms.base: [Telegram] Sending response (1043 chars) to 8174123879
2026-06-03 19:04:42,612 INFO gateway.memory_monitor: [MEMORY] rss=340MB gc=(163, 6, 24) threads=12 uptime=22800s
2026-06-03 19:09:42,612 INFO gateway.memory_monitor: [MEMORY] rss=340MB gc=(232, 9, 24) threads=12 uptime=23100s
2026-06-03 19:14:42,613 INFO gateway.memory_monitor: [MEMORY] rss=340MB gc=(528, 10, 24) threads=12 uptime=23400s
2026-06-03 19:19:42,613 INFO gateway.memory_monitor: [MEMORY] rss=340MB gc=(214, 0, 25) threads=12 uptime=23700s
2026-06-03 19:24:42,614 INFO gateway.memory_monitor: [MEMORY] rss=340MB gc=(258, 2, 25) threads=12 uptime=24000s
2026-06-03 19:29:42,614 INFO gateway.memory_monitor: [MEMORY] rss=340MB gc=(634, 3, 25) threads=12 uptime=24300s
2026-06-03 19:34:42,615 INFO gateway.memory_monitor: [MEMORY] rss=340MB gc=(416, 5, 25) threads=12 uptime=24600s
2026-06-03 19:39:42,615 INFO gateway.memory_monitor: [MEMORY] rss=340MB gc=(167, 7, 25) threads=12 uptime=24900s
2026-06-03 19:44:42,616 INFO gateway.memory_monitor: [MEMORY] rss=340MB gc=(661, 8, 25) threads=12 uptime=25200s
2026-06-03 19:49:42,616 INFO gateway.memory_monitor: [MEMORY] rss=340MB gc=(417, 10, 25) threads=12 uptime=25500s
2026-06-03 19:54:42,617 INFO gateway.memory_monitor: [MEMORY] rss=340MB gc=(229, 0, 26) threads=12 uptime=25800s
2026-06-03 19:59:42,617 INFO gateway.memory_monitor: [MEMORY] rss=340MB gc=(430, 1, 26) threads=12 uptime=26100s
2026-06-03 20:04:42,618 INFO gateway.memory_monitor: [MEMORY] rss=340MB gc=(415, 4, 26) threads=12 uptime=26400s
2026-06-03 20:06:12,872 INFO gateway.run: Agent cache idle-TTL evict: session=agent:main:telegram:dm:8174123879 (idle=3704s)
2026-06-03 20:06:12,872 INFO gateway.run: Agent cache idle sweep: evicted 1 agent(s)
2026-06-03 20:09:42,618 INFO gateway.memory_monitor: [MEMORY] rss=340MB gc=(231, 6, 26) threads=12 uptime=26700s
2026-06-03 20:14:42,619 INFO gateway.memory_monitor: [MEMORY] rss=340MB gc=(460, 7, 26) threads=12 uptime=27000s
2026-06-03 20:19:42,620 INFO gateway.memory_monitor: [MEMORY] rss=340MB gc=(213, 9, 26) threads=12 uptime=27300s
2026-06-03 20:24:42,620 INFO gateway.memory_monitor: [MEMORY] rss=340MB gc=(231, 11, 26) threads=12 uptime=27600s
2026-06-03 20:29:42,621 INFO gateway.memory_monitor: [MEMORY] rss=340MB gc=(633, 0, 27) threads=12 uptime=27900s
2026-06-03 20:34:42,621 INFO gateway.memory_monitor: [MEMORY] rss=340MB gc=(415, 2, 27) threads=12 uptime=28200s
2026-06-03 20:39:42,622 INFO gateway.memory_monitor: [MEMORY] rss=340MB gc=(104, 4, 27) threads=12 uptime=28500s
2026-06-03 20:44:42,622 INFO gateway.memory_monitor: [MEMORY] rss=340MB gc=(634, 5, 27) threads=12 uptime=28800s
2026-06-03 20:49:42,623 INFO gateway.memory_monitor: [MEMORY] rss=340MB gc=(417, 7, 27) threads=12 uptime=29100s
2026-06-03 20:54:42,623 INFO gateway.memory_monitor: [MEMORY] rss=340MB gc=(228, 9, 27) threads=12 uptime=29400s
2026-06-03 20:59:42,624 INFO gateway.memory_monitor: [MEMORY] rss=340MB gc=(630, 10, 27) threads=12 uptime=29700s
2026-06-03 20:59:59,792 INFO gateway.platforms.telegram: [Telegram] Flushing text batch agent:main:telegram:dm:8174123879 (20 chars)
2026-06-03 20:59:59,793 INFO gateway.run: inbound message: platform=telegram user=T chat=8174123879 msg='Defer this for later'
2026-06-03 21:00:17,551 INFO gateway.run: response ready: platform=telegram chat=8174123879 time=17.8s api_calls=3 response=686 chars
2026-06-03 21:00:17,574 INFO gateway.platforms.base: [Telegram] Sending response (686 chars) to 8174123879
2026-06-03 21:04:42,624 INFO gateway.memory_monitor: [MEMORY] rss=342MB gc=(414, 4, 31) threads=12 uptime=30000s
2026-06-03 21:09:42,625 INFO gateway.memory_monitor: [MEMORY] rss=342MB gc=(231, 6, 31) threads=12 uptime=30300s
2026-06-03 21:14:42,625 INFO gateway.memory_monitor: [MEMORY] rss=342MB gc=(633, 7, 31) threads=12 uptime=30600s
2026-06-03 21:19:42,626 INFO gateway.memory_monitor: [MEMORY] rss=342MB gc=(291, 9, 31) threads=12 uptime=30900s
2026-06-03 21:24:42,626 INFO gateway.memory_monitor: [MEMORY] rss=342MB gc=(258, 11, 31) threads=12 uptime=31200s
2026-06-03 21:29:42,627 INFO gateway.memory_monitor: [MEMORY] rss=342MB gc=(633, 0, 32) threads=12 uptime=31500s
2026-06-03 21:34:42,627 INFO gateway.memory_monitor: [MEMORY] rss=342MB gc=(416, 2, 32) threads=12 uptime=31800s
2026-06-03 21:39:42,628 INFO gateway.memory_monitor: [MEMORY] rss=342MB gc=(228, 4, 32) threads=12 uptime=32100s
2026-06-03 21:44:42,629 INFO gateway.memory_monitor: [MEMORY] rss=342MB gc=(601, 5, 32) threads=12 uptime=32400s
2026-06-03 21:49:42,629 INFO gateway.memory_monitor: [MEMORY] rss=342MB gc=(417, 7, 32) threads=12 uptime=32700s
2026-06-03 21:54:42,630 INFO gateway.memory_monitor: [MEMORY] rss=342MB gc=(230, 9, 32) threads=12 uptime=33000s
2026-06-03 21:59:42,630 INFO gateway.memory_monitor: [MEMORY] rss=342MB gc=(429, 10, 32) threads=12 uptime=33300s
2026-06-03 22:01:19,969 INFO gateway.run: Agent cache idle-TTL evict: session=agent:main:telegram:dm:8174123879 (idle=3662s)
2026-06-03 22:01:19,970 INFO gateway.run: Agent cache idle sweep: evicted 1 agent(s)
2026-06-03 22:04:42,631 INFO gateway.memory_monitor: [MEMORY] rss=342MB gc=(384, 0, 33) threads=12 uptime=33600s
2026-06-03 22:09:42,631 INFO gateway.memory_monitor: [MEMORY] rss=342MB gc=(231, 2, 33) threads=12 uptime=33900s
2026-06-03 22:14:42,632 INFO gateway.memory_monitor: [MEMORY] rss=342MB gc=(570, 3, 33) threads=12 uptime=34200s
2026-06-03 22:19:42,632 INFO gateway.memory_monitor: [MEMORY] rss=342MB gc=(228, 5, 33) threads=12 uptime=34500s
2026-06-03 22:24:42,633 INFO gateway.memory_monitor: [MEMORY] rss=342MB gc=(198, 7, 33) threads=12 uptime=34800s
2026-06-03 22:29:42,633 INFO gateway.memory_monitor: [MEMORY] rss=342MB gc=(633, 8, 33) threads=12 uptime=35100s
2026-06-03 22:32:51,764 INFO gateway.platforms.telegram: [Telegram] Flushing text batch agent:main:telegram:dm:8174123879 (379 chars)
2026-06-03 22:32:51,765 INFO gateway.run: inbound message: platform=telegram user=T chat=8174123879 msg='Okay, upgrade 7 I LOVE, especially when we plan on creating that research specia'
2026-06-03 22:33:16,409 INFO gateway.run: response ready: platform=telegram chat=8174123879 time=24.6s api_calls=3 response=2448 chars
2026-06-03 22:33:16,414 INFO gateway.platforms.base: [Telegram] Sending response (2448 chars) to 8174123879
2026-06-03 22:34:42,634 INFO gateway.memory_monitor: [MEMORY] rss=344MB gc=(316, 0, 36) threads=12 uptime=35400s
2026-06-03 22:39:42,634 INFO gateway.memory_monitor: [MEMORY] rss=344MB gc=(226, 3, 0) threads=12 uptime=35700s
2026-06-03 22:44:42,635 INFO gateway.memory_monitor: [MEMORY] rss=344MB gc=(431, 5, 0) threads=12 uptime=36000s
2026-06-03 22:49:42,636 INFO gateway.memory_monitor: [MEMORY] rss=344MB gc=(415, 8, 0) threads=12 uptime=36300s
2026-06-03 22:54:42,636 INFO gateway.memory_monitor: [MEMORY] rss=344MB gc=(198, 10, 0) threads=12 uptime=36600s
2026-06-03 22:55:59,616 INFO gateway.platforms.telegram: [Telegram] Flushing text batch agent:main:telegram:dm:8174123879 (193 chars)
2026-06-03 22:55:59,617 INFO gateway.run: inbound message: platform=telegram user=T chat=8174123879 msg="Okay, just option A is fine. I can always create the other bots later.   Let's h"
2026-06-03 22:56:34,716 INFO gateway.run: response ready: platform=telegram chat=8174123879 time=35.1s api_calls=5 response=611 chars
2026-06-03 22:56:34,721 INFO gateway.platforms.base: [Telegram] Sending response (611 chars) to 8174123879
2026-06-03 22:59:42,637 INFO gateway.memory_monitor: [MEMORY] rss=345MB gc=(135, 9, 3) threads=12 uptime=36900s
2026-06-03 23:00:34,058 INFO gateway.platforms.telegram: [Telegram] Flushing text batch agent:main:telegram:dm:8174123879 (528 chars)
2026-06-03 23:00:34,058 INFO gateway.run: inbound message: platform=telegram user=T chat=8174123879 msg="Okay cool, The Governor is great 👍. Once we're done talking about Hermes upgrade"
2026-06-03 23:01:34,192 INFO gateway.run: response ready: platform=telegram chat=8174123879 time=60.1s api_calls=5 response=1954 chars
2026-06-03 23:01:34,197 INFO gateway.platforms.base: [Telegram] Sending response (1954 chars) to 8174123879
2026-06-03 23:04:42,637 INFO gateway.memory_monitor: [MEMORY] rss=345MB gc=(384, 8, 6) threads=12 uptime=37200s
2026-06-03 23:09:42,638 INFO gateway.memory_monitor: [MEMORY] rss=345MB gc=(230, 10, 6) threads=12 uptime=37500s
2026-06-03 23:10:23,030 INFO gateway.platforms.telegram: [Telegram] Flushing text batch agent:main:telegram:dm:8174123879 (128 chars)
2026-06-03 23:10:23,030 INFO gateway.run: inbound message: platform=telegram user=T chat=8174123879 msg="Dang you're right BGG doesn't have the game rules for everything. Let's do a tes"
2026-06-03 23:12:50,515 INFO gateway.run: response ready: platform=telegram chat=8174123879 time=147.5s api_calls=19 response=1893 chars
2026-06-03 23:12:50,536 INFO gateway.platforms.base: [Telegram] Sending response (1893 chars) to 8174123879
2026-06-03 23:14:42,638 INFO gateway.memory_monitor: [MEMORY] rss=354MB gc=(218, 4, 16) threads=15 uptime=37800s
2026-06-03 23:15:05,662 INFO gateway.platforms.telegram: [Telegram] Flushing text batch agent:main:telegram:dm:8174123879 (337 chars)
2026-06-03 23:15:05,663 INFO gateway.run: inbound message: platform=telegram user=T chat=8174123879 msg='For the question, yeah, if we can save ourselves the web search and just grab it'
2026-06-03 23:17:39,943 INFO [20260603_183121_f29f192e] gateway.run: Session split detected: 20260603_183121_f29f192e → 20260603_231706_cfdc6f (compression)
2026-06-03 23:17:39,965 INFO gateway.run: response ready: platform=telegram chat=8174123879 time=154.3s api_calls=6 response=1429 chars
2026-06-03 23:17:39,970 INFO gateway.platforms.base: [Telegram] Sending response (1429 chars) to 8174123879
2026-06-03 23:19:21,327 INFO gateway.platforms.telegram: [Telegram] Flushing text batch agent:main:telegram:dm:8174123879 (112 chars)
2026-06-03 23:19:21,328 INFO gateway.run: inbound message: platform=telegram user=T chat=8174123879 msg='QQ before we do anything, when you spin up the other agents/personas, which mode'
2026-06-03 23:19:27,285 INFO gateway.run: response ready: platform=telegram chat=8174123879 time=6.0s api_calls=1 response=1072 chars
2026-06-03 23:19:27,289 INFO gateway.platforms.base: [Telegram] Sending response (1072 chars) to 8174123879
2026-06-03 23:19:42,639 INFO gateway.memory_monitor: [MEMORY] rss=357MB gc=(128, 6, 23) threads=13 uptime=38100s
2026-06-03 23:21:45,897 INFO gateway.platforms.telegram: [Telegram] Flushing text batch agent:main:telegram:dm:8174123879 (110 chars)
2026-06-03 23:21:45,897 INFO gateway.run: inbound message: platform=telegram user=T chat=8174123879 msg="Wait, I thought we already did that? Let's create the Hermes profiles for each p"
2026-08-08 01:17:34,517 INFO gateway.run: Starting Hermes Gateway...
2026-08-08 01:17:34,517 INFO gateway.run: Session storage: /root/.hermes/profiles/mennonite/sessions
2026-08-08 01:17:34,534 INFO gateway.run: Agent budget: max_iterations=65 (agent.max_turns from config.yaml, or HERMES_MAX_ITERATIONS from .env, or default 90)
2026-08-08 01:17:34,534 INFO gateway.run: Secret redaction: ENABLED (tool output, logs, and chat responses are scrubbed before delivery)
2026-08-08 01:17:34,535 INFO gateway.run: Active profile: mennonite
2026-08-08 01:17:34,544 WARNING gateway.run: No messaging platforms enabled.
2026-08-08 01:17:34,544 INFO gateway.run: Gateway will continue running for cron job execution.
2026-08-08 01:17:34,562 INFO gateway.run: Channel directory built: 0 target(s)
2026-08-08 01:17:34,563 INFO gateway.run: Press Ctrl+C to stop
2026-08-08 01:17:34,567 INFO gateway.run: Gateway housekeeping started (interval=60s)
2026-08-08 01:17:34,570 INFO gateway.run: kanban dispatcher: another gateway already holds the dispatcher lock (/root/.hermes/kanban/.dispatcher.lock); this gateway will NOT dispatch.
2026-08-08 01:18:34,567 INFO gateway.run: Session expiry: 1 sessions to finalize (telegram:1)
2026-08-08 01:18:34,570 INFO gateway.run: Session expiry done: 1 finalized
2026-08-08 02:16:34,954 INFO gateway.run: curator: curator: snapshot created (2026-08-08T02-16-34Z)
2026-08-08 02:16:35,249 INFO gateway.run: curator: curator: auto: 1 marked stale; llm: skipped (consolidation off)
