ordinal,source_id,name,slug,category,type,rarity,expansion,color,cost_dex,cost_int,cost_str,cost_holy,cost_neutral,cost_dexint,cost_dexstr,cost_intstr,cost_blood,observed_terms,okf_path
1,541991,Abolish,abolish,Action,Utility,Monster,None,Monster,0,0,0,0,1,0,0,0,0,Armor; Blessing; Dispel,cards/0001-abolish-541991.okf.md
2,284905,Abracardabra,abracardabra,Action,Utility,Common,Metamorphosis,Green,1,0,0,0,0,0,0,0,0,Perform,cards/0002-abracardabra-284905.okf.md
3,347323,Absorb Magic,absorb-magic,Action,Magic,Uncommon,Core Extended,Purple,0,0,0,0,0,0,0,1,0,Blessing; Dispel; INT,cards/0003-absorb-magic-347323.okf.md
4,346159,Abyssal Anchor,abyssal-anchor,Enchantment,Utility,Monster,None,Monster,0,0,0,0,0,0,0,0,0,Anger; HEALTH; Maximum,cards/0004-abyssal-anchor-346159.okf.md
5,182644,Abyssal Bulwark,abyssal-bulwark,Action,Utility,Monster,None,Monster,0,0,0,0,1,0,0,0,0,Inflict Brittle,cards/0005-abyssal-bulwark-182644.okf.md
6,295712,Abyssal Bulwark,abyssal-bulwark,Action,Melee,Monster,None,Monster,0,0,0,0,2,0,0,0,0,Inflict Brittle,cards/0006-abyssal-bulwark-295712.okf.md
7,931847,Abyssal Contempt,abyssal-contempt,Action,Utility,Monster,None,Monster,0,0,0,0,1,0,0,0,0,Affliction; Bane; Blessing; Convert; Inflict,cards/0007-abyssal-contempt-931847.okf.md
8,235476,Abyssal Corruption,abyssal-corruption,Action,Melee,Monster,None,Monster,0,0,0,0,0,0,0,0,0,(areaSpecial)Abyssal Corruption; Abyssal Corruption; Dante; Despair; Increases; Lord,cards/0008-abyssal-corruption-235476.okf.md
9,29031234,Abyssal Corruption Listener,abyssal-corruption-listener,Action,Melee,Monster,None,Monster,0,0,0,0,0,0,0,0,0,(areaSpecial)Abyssal Corruption; Abyssal Corruption; Dante; Despair; Increases; Lord,cards/0009-abyssal-corruption-listener-29031234.okf.md
10,259210,Abyssal Gaze,abyssal-gaze,Action,Utility,Monster,None,Monster,0,0,0,0,1,0,0,0,0,Add; Dark Embrace; Inflict; Weakness,cards/0010-abyssal-gaze-259210.okf.md
11,927174,Acid Breath,acid-breath,Action,Magic,Monster,None,Monster,0,0,0,0,2,0,0,0,0,,cards/0011-acid-breath-927174.okf.md
12,658314,Acquire Target,acquire-target,Action,Utility,Monster,None,Monster,0,0,0,0,0,0,0,0,0,Fades; Improves,cards/0012-acquire-target-658314.okf.md
13,884552,Acquisition,acquisition,Action,Utility,Common,Catalyst,Green,0,0,0,0,1,0,0,0,0,Delve; GOLD; HOLY; Pay; permaValue,cards/0013-acquisition-884552.okf.md
14,946379,Acrobatics,acrobatics,Action,Utility,Monster,None,Monster,0,0,0,0,0,0,0,0,0,Conjure Knife; Dazed; Empower; Evasion; Gain STR; Toss,cards/0014-acrobatics-946379.okf.md
15,667516,ActiveUnnaturalCorrosion,activeunnaturalcorrosion,Enchantment,Utility,Monster,None,Monster,0,0,0,0,0,0,0,0,0,Rust,cards/0015-activeunnaturalcorrosion-667516.okf.md
16,692848,Adaptation,adaptation,Action,Melee,Monster,None,Monster,0,0,0,0,0,0,0,0,1,After; Immunity,cards/0016-adaptation-692848.okf.md
17,29908,Adaptive Edge,adaptive-edge,Action,Melee,Rare,Synthesis,Red,0,0,1,0,0,0,0,0,0,Adapt; On Hit,cards/0017-adaptive-edge-29908.okf.md
18,528712,Adaptive Stance,adaptive-stance,Form,Utility,Common,Synthesis,Red,0,0,0,0,0,0,0,0,0,Adaptation; Cards; Disarmed; Immune,cards/0018-adaptive-stance-528712.okf.md
19,201420,Adrenaline,adrenaline,Action,Utility,Common,Core,Green,1,0,0,0,0,0,0,0,0,DEX; DEX DEX,cards/0019-adrenaline-201420.okf.md
20,256754,Adrenaline Rush,adrenaline-rush,Action,Utility,Rare,Metaprogress,Green,1,0,0,0,0,0,0,0,0,Charges; DEX; Finale; Gain DEX; Performance; performanceStacks,cards/0020-adrenaline-rush-256754.okf.md
21,932954,Advance,advance,Action,Utility,Common,Metamorphosis,Red,0,0,0,0,0,0,0,0,0,Ambush; Critical Hit; Haste; Melee,cards/0021-advance-932954.okf.md
22,323922,Aegis,aegis,Basic Attack,Utility,Common,Metaprogress,Brown,0,0,0,0,1,0,0,0,0,Armor; damageBonus+3; Enable; Equipment; Frenzy; Upgradeable,cards/0022-aegis-323922.okf.md
23,151403,Aeternal Mantle,aeternal-mantle,Equipment,Divine,Uncommon,Synthesis,Gold,0,0,0,1,0,0,0,0,0,Activate; Durability; Hymn,cards/0023-aeternal-mantle-151403.okf.md
24,20988,Aeternal Mitre,aeternal-mitre,Equipment,Divine,Rare,Synthesis,Gold,0,0,0,2,0,0,0,0,0,Activate; Aeternal; Durability; HOLY,cards/0024-aeternal-mitre-20988.okf.md
25,330381,Aeternal Staff,aeternal-staff,Equipment,Divine,Rare,Synthesis,Gold,0,0,0,2,0,0,0,0,0,Activate; Durability; Performance; Reactivate; Turn,cards/0025-aeternal-staff-330381.okf.md
26,861842,Aeternal Summons,aeternal-summons,Action,Divine,Rare,Synthesis,Gold,0,0,0,0,1,0,0,0,0,Acts; Companion; Follower; Grounded; Memorized; Summon,cards/0026-aeternal-summons-861842.okf.md
27,935116,Aeternal Tabard,aeternal-tabard,Equipment,Divine,Rare,Synthesis,Gold,0,0,0,1,0,0,0,0,0,Activate; Durability; HOLY; Perform,cards/0027-aeternal-tabard-935116.okf.md
28,507703,Aethershock,aethershock,Action,Magic,Uncommon,Catalyst,Orange,0,0,0,0,0,0,3,0,0,After; Chain; Lightning; tempValue+1,cards/0028-aethershock-507703.okf.md
29,108985,Afterburn,afterburn,Action,Magic,Uncommon,Core,Blue,0,1,0,0,0,0,0,0,0,Inflict Burning; lastDamage,cards/0029-afterburn-108985.okf.md
30,239170,Aftershock,aftershock,Action,Utility,Rare,Infinitum,Red,0,0,1,0,0,0,0,0,0,Gain Stagger; lastDamage; Stagger,cards/0030-aftershock-239170.okf.md
31,526755,Agenda,agenda,Enchantment,Utility,Monster,None,Monster,0,0,0,0,0,0,0,0,0,Corruption; corruptionCards; Gain HEALTH; Turn,cards/0031-agenda-526755.okf.md
32,908268,Aggressive,aggressive,Affix,Utility,Monster,None,Monster,0,0,0,0,0,0,0,0,0,Anger; Combat; myLevel,cards/0032-aggressive-908268.okf.md
33,814172,Agile,agile,Action,Utility,Common,None,Green,0,0,0,0,0,0,0,0,0,Evasion; Gain DEX,cards/0033-agile-814172.okf.md
34,814178,Agile Mind,agile-mind,Action,Utility,Common,Eclypse,Aqua,0,0,0,0,0,1,0,0,0,Choose; Evasion; Focus; Gain DEX; Gain INT; Memorized,cards/0034-agile-mind-814178.okf.md
35,104681,Agnosiophobia,agnosiophobia,Enchantment,Utility,Monster,None,Monster,0,0,0,0,0,0,0,0,0,(areaSpecial)Agnosiophobia; Add; Agnosiophobia; Combat; Increases; Insanity; Lowered,cards/0035-agnosiophobia-104681.okf.md
36,436515,Agonizing Howl,agonizing-howl,Action,Utility,Monster,None,Monster,0,0,0,0,1,0,0,0,0,Add; Blessing; difficulty; Dispel; Terrors,cards/0036-agonizing-howl-436515.okf.md
37,143011,Agonizing Strike,agonizing-strike,Action,Melee,Monster,None,Monster,0,0,0,0,1,0,0,0,0,Impervious,cards/0037-agonizing-strike-143011.okf.md
38,797625,Agony,agony,Action,Utility,Monster,None,Monster,0,0,0,0,1,0,0,0,0,Anger; opponentLastActions,cards/0038-agony-797625.okf.md
39,3447,Aim and Pray,aim-and-pray,Action,Magic,Monster,None,Monster,0,0,0,0,1,0,0,0,0,Burning; damageBonus; Frozen; HEALTH,cards/0039-aim-and-pray-3447.okf.md
40,477973,Aimed Shot,aimed-shot,Action,Ranged,Uncommon,Core,Green,0,0,0,0,0,0,0,0,0,Ambush; Critical Hit; Increase; Persistent; tempValue; Turn,cards/0040-aimed-shot-477973.okf.md
41,354742,Alchemic Presence,alchemic-presence,Enchantment,Utility,Legendary,None,Gold,0,0,0,0,0,0,0,0,0,Conjure; Potion,cards/0041-alchemic-presence-354742.okf.md
42,810271,Alignment,alignment,Action,Utility,Legendary,Catalyst,Blue,0,0,0,0,0,0,0,0,0,Critical Hit; Magic Action,cards/0042-alignment-810271.okf.md
43,977875,Alone in the Dark,alone-in-the-dark,Action,Melee,Common,Catalyst,Orange,0,0,0,0,0,0,1,0,2,Blessings; Darkness; On Hit,cards/0043-alone-in-the-dark-977875.okf.md
44,277034,Alter Memory,alter-memory,Action,Utility,Rare,Eclypse,Aqua,0,0,0,0,0,1,0,0,0,Charges; Choose; Memorized,cards/0044-alter-memory-277034.okf.md
45,321091,Amber Blast,amber-blast,Action,Magic,Monster,None,Monster,0,0,0,0,1,0,0,0,0,Amber Infusion; Reduce,cards/0045-amber-blast-321091.okf.md
46,980622,Amber Bomb,amber-bomb,Action,Ranged,Monster,None,Monster,0,0,0,0,2,0,0,0,0,difficulty+4; Inflict; Slow,cards/0046-amber-bomb-980622.okf.md
47,41063,Amber Infusion,amber-infusion,Enchantment,Utility,Monster,None,Monster,0,0,0,0,0,0,0,0,0,Cards; enchantmentStacks,cards/0047-amber-infusion-41063.okf.md
48,34076,Amber Shell,amber-shell,Enchantment,Utility,Monster,None,Monster,0,0,0,0,0,0,0,0,0,Armor,cards/0048-amber-shell-34076.okf.md
49,117587,Ambition,ambition,Revelation,Utility,Legendary,Core Extended,Aqua,0,0,0,0,0,0,0,0,0,Consumes; Focus; Upgrade,cards/0049-ambition-117587.okf.md
50,440440,Amp Up,amp-up,Enchantment,Utility,Rare,Catalyst,Blue,0,1,0,0,0,0,0,0,0,Chain; Lightning Action; magicActionsPlayed,cards/0050-amp-up-440440.okf.md
51,2485285,Amphibify,amphibify,Action,Utility,Legendary,Eclypse,Blue,0,1,0,0,1,0,0,0,0,Can; Cursed; HEALTH; Persistent; Set; tempValue,cards/0051-amphibify-2485285.okf.md
52,424973,Amplification,amplification,Action,Utility,Rare,Metaprogress,Blue,0,1,0,0,0,0,0,0,0,Attunement; damageBonus; Upgradeable,cards/0052-amplification-424973.okf.md
53,618846,Ancient Curse,ancient-curse,Action,Utility,Legendary,Eclypse,Orange,0,0,0,0,0,0,1,0,0,After; Deadly Effigy; Heavy; tempValue,cards/0053-ancient-curse-618846.okf.md
54,178258,Ancient Markings,ancient-markings,Action,Utility,Common,Catalyst,Orange,0,0,0,0,0,0,1,0,0,Ancestral; Delve; Summon; Totem; Totems,cards/0054-ancient-markings-178258.okf.md
55,996896,Ancient Stirrings,ancient-stirrings,Action,Utility,Rare,Metamorphosis,Aqua,0,0,0,0,0,2,0,0,0,Dragon; Form; Shift,cards/0055-ancient-stirrings-996896.okf.md
56,813243,Ancient Whetstone,ancient-whetstone,Artifact,Utility,Legendary,Infinitum,Brown,0,0,0,0,1,0,0,0,0,Basic Attack; damageBonus; Grounded; Heavy; On Draw; One Use; Slow,cards/0056-ancient-whetstone-813243.okf.md
57,772211,Angelic Choir,angelic-choir,Enchantment,Divine,Rare,Synthesis,Gold,0,0,0,1,0,0,0,0,0,HEALTH; HOLY; Hymn; Performance,cards/0057-angelic-choir-772211.okf.md
58,518010,Angelic Ward,angelic-ward,Action,Utility,Monster,None,Monster,0,0,0,0,1,0,0,0,0,Impervious; Regain Divinity; Ward,cards/0058-angelic-ward-518010.okf.md
59,575118,Anima,anima,Enchantment,Utility,Monster,None,Monster,0,0,0,0,0,0,0,0,0,(areaSpecial)Anima; Anima; Foes; Increased; Maximum HEALTH; Reaping; Reduced,cards/0059-anima-575118.okf.md
60,165064,Anima Listener,anima-listener,Enchantment,Utility,Monster,None,Monster,0,0,0,0,0,0,0,0,0,(areaSpecial)Anima; Anima; Dealing Reaping; Foes; Maximum HEALTH,cards/0060-anima-listener-165064.okf.md
61,122576,Anneal,anneal,Action,Utility,Monster,None,Monster,0,0,0,0,1,0,0,0,0,Bleeding; Burning; Inflict,cards/0061-anneal-122576.okf.md
62,23680,Annulling Strike,annulling-strike,Action,Divine,Monster,None,Monster,0,0,0,0,2,0,0,0,0,On Hit; Reaping; Remove,cards/0062-annulling-strike-23680.okf.md
63,720652,Another Round,another-round,Action,Utility,Monster,None,Monster,0,0,0,0,1,0,0,0,0,Conjure; Delirious; Inflict; Potion,cards/0063-another-round-720652.okf.md
64,914082,Antimage Bomb,antimage-bomb,Action,Ranged,Legendary,None,Brown,0,0,0,0,3,0,0,0,0,Blessings; Charge; Dispel; Persistent; Ready; Speed,cards/0064-antimage-bomb-914082.okf.md
65,493638,Antimagic Zone,antimagic-zone,Enchantment,Utility,Monster,None,Monster,0,0,0,0,0,0,0,0,0,Affliction,cards/0065-antimagic-zone-493638.okf.md
66,522815,Anyform Claw,anyform-claw,Action,Melee,Common,Metamorphosis,Aqua,0,0,0,0,0,0,0,0,0,Anyform Claw; Transform,cards/0066-anyform-claw-522815.okf.md
67,489871,Apex Maul,apex-maul,Action,Melee,Monster,None,Monster,0,0,0,0,1,0,0,0,0,Gain Ferocity,cards/0067-apex-maul-489871.okf.md
68,777609,Apex Predator,apex-predator,Enchantment,Utility,Monster,None,Monster,0,0,0,0,0,0,0,0,0,Critical Hit; Darkness; Ferocity; While,cards/0068-apex-predator-777609.okf.md
69,883686,Apex Strike,apex-strike,Action,Melee,Uncommon,Catalyst,Orange,0,0,0,0,0,0,1,0,2,Bleeding; Darkness; While,cards/0069-apex-strike-883686.okf.md
70,401376,Apocalypse,apocalypse,Action,Divine,Rare,Catalyst,Gold,0,0,0,2,1,0,0,0,0,Bury; Conjure; Persistent; s; Solar Lance; Synergy; tempValue+1,cards/0070-apocalypse-401376.okf.md
71,112315,Aquarius' Dream,aquarius-dream,Path,Utility,Legendary,Eclypse,Aqua,0,0,0,0,0,1,0,0,0,Advance; After; Tide,cards/0071-aquarius-dream-112315.okf.md
72,112314,Aquarius' Dream II,aquarius-dream-ii,Path,Utility,Legendary,None,Aqua,0,0,0,0,0,1,0,0,0,Advance; After; Tide,cards/0072-aquarius-dream-ii-112314.okf.md
73,412315,Aquarius' Dream III,aquarius-dream-iii,Path,Utility,Legendary,None,Aqua,0,0,0,0,0,1,0,0,0,After; Eternity; Spark; Tide,cards/0073-aquarius-dream-iii-412315.okf.md
74,393137,Aquatic Clone,aquatic-clone,Form,Utility,Common,Catalyst,Aqua,0,0,0,0,0,0,0,0,0,After; Basic Attack; Channel; Clones,cards/0074-aquatic-clone-393137.okf.md
75,898810,Aquatic Phalanx,aquatic-phalanx,Action,Utility,Legendary,Catalyst,Aqua,0,0,0,0,0,3,0,0,0,Barrier; Clones,cards/0075-aquatic-phalanx-898810.okf.md
76,190456,Arachnid Cutters,arachnid-cutters,Action,Melee,Monster,None,Monster,0,0,0,0,1,0,0,0,0,Climb; If Wall,cards/0076-arachnid-cutters-190456.okf.md
77,341808,Arachnid Strike,arachnid-strike,Action,Melee,Monster,None,Monster,0,0,0,0,3,0,0,0,0,,cards/0077-arachnid-strike-341808.okf.md
78,44101,Arachnid Swarm,arachnid-swarm,Action,Utility,Monster,None,Monster,0,0,0,0,1,0,0,0,0,Add; Spider Broodlings,cards/0078-arachnid-swarm-44101.okf.md
79,5158902,Arboreal Claws,arboreal-claws,Basic Attack,Melee,Common,Metaprogress,Brown,0,0,0,0,0,0,0,0,0,Increase; NEUTRAL,cards/0079-arboreal-claws-5158902.okf.md
80,218837,Arcane Alignment,arcane-alignment,Enchantment,Utility,Rare,Catalyst,Blue,0,2,0,0,0,0,0,0,0,Attunement; Critical Hit; Magic Action,cards/0080-arcane-alignment-218837.okf.md
81,253781,Arcane Anvil,arcane-anvil,Item,Utility,Uncommon,Catalyst,Brown,0,0,0,0,1,0,0,0,0,Add; Basic Attack; One Use,cards/0081-arcane-anvil-253781.okf.md
82,353897,Arcane Arrow,arcane-arrow,Action,Ranged,Rare,Core,Aqua,0,0,0,0,0,0,0,0,0,Blessing; Dispel,cards/0082-arcane-arrow-353897.okf.md
83,509021,Arcane Barrage,arcane-barrage,Action,Magic,Common,Catalyst,Blue,0,1,0,0,0,0,0,0,0,(cardvalue); Arcane Barrage; Mergecraft; Repeat,cards/0083-arcane-barrage-509021.okf.md
84,149592,Arcane Blades,arcane-blades,Enchantment,Utility,Legendary,Core,Purple,0,0,0,0,0,0,0,3,0,Magic Action; Melee Action,cards/0084-arcane-blades-149592.okf.md
85,862599,Arcane Bow,arcane-bow,Basic Attack,Ranged,Rare,Metaprogress,Aqua,0,0,0,0,1,0,0,0,0,Focus; Foretold; Repeat; Shoot; Stardart; tempValue,cards/0085-arcane-bow-862599.okf.md
86,837074,Arcane Coil,arcane-coil,Enchantment,Utility,Uncommon,Core,Blue,0,1,0,0,0,0,0,0,0,Lightning Bolt,cards/0086-arcane-coil-837074.okf.md
87,944917,Arcane Inkwell,arcane-inkwell,Item,Utility,Legendary,Infinitum,Blue,0,0,0,0,1,0,0,0,0,Delve; Mergecraft; One Use,cards/0087-arcane-inkwell-944917.okf.md
88,482976,Arcane Lance,arcane-lance,Action,Magic,Common,Infinitum,Blue,0,1,0,0,0,0,0,0,0,Free; Mergecraft,cards/0088-arcane-lance-482976.okf.md
89,944422,Arcane Missiles,arcane-missiles,Action,Magic,Common,Infinitum,Blue,0,1,0,0,0,0,0,0,0,damageBonus; Mergecraft; Upgrades,cards/0089-arcane-missiles-944422.okf.md
90,157102,Arcane Overload,arcane-overload,Action,Magic,Monster,None,Monster,0,0,0,0,1,0,0,0,0,Artifacts; Enchantments; otherEnchantments; Repeat,cards/0090-arcane-overload-157102.okf.md
91,28569,Arcane Quiver,arcane-quiver,Equipment,Utility,Uncommon,Catalyst,Brown,0,0,0,0,2,0,0,0,0,Activate; Arrow; Delve; Durability; Ranged Actions,cards/0091-arcane-quiver-28569.okf.md
92,426088,Arcane Ripple,arcane-ripple,Action,Magic,Rare,Infinitum,Blue,0,2,0,0,0,0,0,0,0,Conjure; Free,cards/0092-arcane-ripple-426088.okf.md
93,953488,Arcane Slice,arcane-slice,Action,Utility,Common,Metaprogress,Purple,0,0,0,0,0,0,0,1,0,actionsPlayed; Basic Attack; Conjure; Flow; Magic Action; Make,cards/0093-arcane-slice-953488.okf.md
94,967014,Arcane Visions,arcane-visions,Action,Utility,Rare,Infinitum,Aqua,0,0,0,0,0,2,0,0,0,Conjure; Foretell; foretell+3; Magic Action; Scholar,cards/0094-arcane-visions-967014.okf.md
95,821566,Arcane Ward,arcane-ward,Enchantment,Utility,Common,None,Green,0,0,0,0,0,0,0,0,0,,cards/0095-arcane-ward-821566.okf.md
96,894141,Arcane Warding,arcane-warding,Action,Magic,Rare,Core,Blue,0,1,0,0,0,0,0,0,0,Barrier; Permanently; permaValue+2,cards/0096-arcane-warding-894141.okf.md
97,261420,Arcane Weaver,arcane-weaver,Basic Attack,Magic,Common,Metaprogress,Brown,0,0,0,0,1,0,0,0,0,Echo; Magic,cards/0097-arcane-weaver-261420.okf.md
98,783723,Arcanist's Locket,arcanist-s-locket,Item,Utility,Uncommon,Catalyst,Brown,0,0,0,0,1,0,0,0,0,Focus; Gain INT; INT; While,cards/0098-arcanist-s-locket-783723.okf.md
99,884508,Ardor,ardor,Action,Divine,Common,Catalyst,Gold,0,0,0,0,0,0,0,0,0,Code; Gain Impervious; Gain Zeal; HOLY,cards/0099-ardor-884508.okf.md
100,612033,Aries' Reflection,aries-reflection,Path,Utility,Rare,Eclypse,Aqua,0,0,0,0,0,1,0,0,0,Advance; After; Foretell; Prophetic Bolts,cards/0100-aries-reflection-612033.okf.md
101,211470,Aries' Reflection II,aries-reflection-ii,Path,Utility,Rare,None,Aqua,0,0,0,0,0,1,0,0,0,Advance; After; Barrier; Foretell,cards/0101-aries-reflection-ii-211470.okf.md
102,992583,Aries' Reflection III,aries-reflection-iii,Path,Utility,Rare,None,Aqua,0,0,0,0,0,1,0,0,0,After; Clear Visions; Foretell,cards/0102-aries-reflection-iii-992583.okf.md
103,337175,Artificer's Insight,artificer-s-insight,Action,Utility,Rare,Catalyst,Purple,0,0,0,0,0,0,0,1,0,Equipment; equipments; Repeat,cards/0103-artificer-s-insight-337175.okf.md
104,154100,Ascension I,ascension-i,Form,Divine,Legendary,None,Gold,0,0,0,0,0,0,0,0,0,Buried; cardsBuried,cards/0104-ascension-i-154100.okf.md
105,398867,Ascension II,ascension-ii,Form,Divine,Legendary,None,Gold,0,0,0,0,0,0,0,0,0,Burning,cards/0105-ascension-ii-398867.okf.md
106,507920,Ascension III,ascension-iii,Form,Divine,Legendary,None,Gold,0,0,0,0,0,0,0,0,0,Ascension; HEALTH; On Death; Solar Lance,cards/0106-ascension-iii-507920.okf.md
107,802340,Ashes to Ashes,ashes-to-ashes,Action,Divine,Rare,Metamorphosis,Gold,0,0,0,2,0,0,0,0,0,cardsBuried; Inflict Burning,cards/0107-ashes-to-ashes-802340.okf.md
108,823805,Aspect of Compassion,aspect-of-compassion,Enchantment,Utility,Legendary,None,Gold,0,0,0,0,0,0,0,0,0,HEALTH; Turn,cards/0108-aspect-of-compassion-823805.okf.md
109,599544,Aspect of Courage,aspect-of-courage,Enchantment,Utility,Legendary,None,Gold,0,0,0,0,0,0,0,0,0,Turn; Ward,cards/0109-aspect-of-courage-599544.okf.md
110,105003,Aspect of Vengeance,aspect-of-vengeance,Enchantment,Utility,Rare,None,Red,0,0,1,0,0,0,0,0,0,HEALTH; myCurrentHealth; Slain,cards/0110-aspect-of-vengeance-105003.okf.md
111,456818,Aspect of Wisdom,aspect-of-wisdom,Enchantment,Utility,Legendary,None,Gold,0,0,0,0,0,0,0,0,0,Conjure; Turn; Virtue,cards/0111-aspect-of-wisdom-456818.okf.md
112,778358,Assassin's Mark,assassin-s-mark,Action,Utility,Rare,Core,Green,1,0,0,0,0,0,0,0,0,Charges; Critical Hit; Melee; Ranged,cards/0112-assassin-s-mark-778358.okf.md
113,600185,Assassinate,assassinate,Action,Melee,Rare,Core,Green,1,0,0,0,0,0,0,0,0,Each; HEALTH; On Hit; sinister; Sinister; Slay,cards/0113-assassinate-600185.okf.md
114,178462,Asteran,asteran,Basic Attack,Divine,Legendary,Infinitum,Brown,0,0,0,0,1,0,0,0,0,Blessings; Firecast; Gain HOLY; HOLY; Increase; myEnergyHOLY,cards/0114-asteran-178462.okf.md
115,761240,Astrakan,astrakan,Basic Attack,Divine,Legendary,None,Brown,0,0,0,0,3,0,0,0,0,Astrakan; Basic Attack; Gain HOLYHOLY; Hex; Inflict; Lifedrain,cards/0115-astrakan-761240.okf.md
116,456437,Astral Visions,astral-visions,Action,Utility,Rare,Infinitum,Aqua,0,0,0,0,0,1,0,0,0,Conjure Stardarts; Foretell; foretell+3,cards/0116-astral-visions-456437.okf.md
117,698510,Asylum,asylum,Action,Utility,Monster,None,Monster,0,0,0,0,1,0,0,0,0,Corruption; corruptionCards; Repeat; Ward,cards/0117-asylum-698510.okf.md
118,617523,Attendant's Presence,attendant-s-presence,Enchantment,Utility,Monster,None,Monster,0,0,0,0,0,0,0,0,0,Court Presence; courtPresence; Decay; Inflict; Turn,cards/0118-attendant-s-presence-617523.okf.md
119,449528,Augury,augury,Action,Utility,Uncommon,Infinitum,Aqua,0,0,0,0,0,1,0,0,0,Foretell; foretell+3; Scholar,cards/0119-augury-449528.okf.md
120,645739,Aura Mastery,aura-mastery,Enchantment,Utility,Uncommon,Synthesis,Aqua,0,0,0,0,0,1,0,0,0,Enchantment; Memorized,cards/0120-aura-mastery-645739.okf.md
121,885764,Aura of Blight,aura-of-blight,Enchantment,Utility,Monster,None,Monster,0,0,0,0,0,0,0,0,0,enchantmentStacks; Poison,cards/0121-aura-of-blight-885764.okf.md
122,824287,Aura of Brilliance,aura-of-brilliance,Enchantment,Utility,Rare,Core,Blue,0,2,0,0,0,0,0,0,0,Focus; INT; Memorized,cards/0122-aura-of-brilliance-824287.okf.md
123,838666,Aura of Conviction,aura-of-conviction,Enchantment,Divine,Uncommon,Synthesis,Gold,0,0,0,1,0,0,0,0,0,Burning; Charmed; Memorized; Turn; Zeal,cards/0123-aura-of-conviction-838666.okf.md
124,417583,Aura of Corruption,aura-of-corruption,Enchantment,Utility,Rare,Infinitum,Purple,0,0,0,0,0,0,0,2,0,Affliction; Memorized,cards/0124-aura-of-corruption-417583.okf.md
125,19871,Aura of Decay,aura-of-decay,Enchantment,Utility,Monster,None,Monster,0,0,0,0,0,0,0,0,0,Afflictions,cards/0125-aura-of-decay-19871.okf.md
126,855541,Aura of Depravity,aura-of-depravity,Enchantment,Corruption,Monster,None,Monster,0,0,0,0,0,0,0,1,0,Add; Memorized; Sin; Turn,cards/0126-aura-of-depravity-855541.okf.md
127,7148,Aura of Despair,aura-of-despair,Enchantment,Utility,Monster,None,Monster,0,0,0,0,0,0,0,0,0,Doom; Terror,cards/0127-aura-of-despair-7148.okf.md
128,111905,Aura of Despair Listener,aura-of-despair-listener,Enchantment,Utility,Monster,None,Monster,0,0,0,0,0,0,0,0,0,Terror,cards/0128-aura-of-despair-listener-111905.okf.md
129,774782,Aura of Divinity,aura-of-divinity,Enchantment,Utility,Rare,Core,Purple,0,1,1,0,0,0,0,0,0,Blessing; Memorized,cards/0129-aura-of-divinity-774782.okf.md
130,649331,Aura of Entropy,aura-of-entropy,Enchantment,Utility,Monster,None,Monster,0,0,0,0,0,0,0,0,0,Anima; difficulty*2; Reap; Turn,cards/0130-aura-of-entropy-649331.okf.md
131,689887,Aura of Fire,aura-of-fire,Enchantment,Utility,Monster,None,Monster,0,0,0,0,0,0,0,0,0,Burning; Burning Unique; Immune,cards/0131-aura-of-fire-689887.okf.md
132,43482,Aura of Frost,aura-of-frost,Enchantment,Utility,Monster,None,Monster,0,0,0,0,0,0,0,0,0,Frozen; Memorized,cards/0132-aura-of-frost-43482.okf.md
133,401179,Aura of Heroism,aura-of-heroism,Enchantment,Utility,Common,None,Purple,0,0,0,0,0,0,0,1,0,Dazed,cards/0133-aura-of-heroism-401179.okf.md
134,691913,Aura of Mantras,aura-of-mantras,Enchantment,Utility,Uncommon,Synthesis,Aqua,0,0,0,0,0,1,0,0,0,Mantra; Memorized,cards/0134-aura-of-mantras-691913.okf.md
135,895231,Aura of Mind,aura-of-mind,Enchantment,Utility,Common,Synthesis,Aqua,0,0,0,0,0,1,0,0,0,Focus; Memorized,cards/0135-aura-of-mind-895231.okf.md
136,636398,Aura of Piety,aura-of-piety,Enchantment,Divine,Rare,Synthesis,Gold,0,0,0,1,0,0,0,0,0,Charmed; HOLY; Increases; Inflict; Memorized; Turn,cards/0136-aura-of-piety-636398.okf.md
137,820364,Aura of Purity,aura-of-purity,Enchantment,Divine,Legendary,Infinitum,Gold,0,0,0,1,0,0,0,0,0,Memorized; Zeal,cards/0137-aura-of-purity-820364.okf.md
138,494571,Aura of Resolve,aura-of-resolve,Enchantment,Utility,Legendary,Synthesis,Purple,0,0,0,0,0,0,0,1,0,Blessing; HOLY; Memorized,cards/0138-aura-of-resolve-494571.okf.md
139,801101,Aura of Rime,aura-of-rime,Enchantment,Utility,Rare,Core Extended,Blue,0,1,0,0,0,0,0,0,0,Frozen; Memorized; Momentum,cards/0139-aura-of-rime-801101.okf.md
140,479399,Aura of Solace,aura-of-solace,Enchantment,Utility,Common,None,Red,0,0,1,0,0,0,0,0,0,Poison,cards/0140-aura-of-solace-479399.okf.md
141,815985,Aura of Undeath,aura-of-undeath,Action,Utility,Monster,None,Monster,0,0,0,0,1,0,0,0,0,Terror,cards/0141-aura-of-undeath-815985.okf.md
142,448711,Aura of Venom,aura-of-venom,Enchantment,Utility,Common,Core,Green,1,0,0,0,0,0,0,0,0,Memorized; Poison,cards/0142-aura-of-venom-448711.okf.md
143,439608,Aura of Winter,aura-of-winter,Enchantment,Utility,Uncommon,Core,Blue,0,1,0,0,0,0,0,0,0,Frozen; Memorized,cards/0143-aura-of-winter-439608.okf.md
144,327485,Aura of Wrath,aura-of-wrath,Enchantment,Utility,Common,None,Gold,0,0,0,1,0,0,0,0,0,Affliction; Convert; Turn; Zeal,cards/0144-aura-of-wrath-327485.okf.md
145,573543,Aura of Zeal,aura-of-zeal,Enchantment,Divine,Uncommon,Core,Purple,0,0,0,0,0,0,0,1,0,HOLY; Memorized; Zeal,cards/0145-aura-of-zeal-573543.okf.md
146,1561,Aurora Prism,aurora-prism,Artifact,Utility,Legendary,None,Brown,0,0,0,0,2,0,0,0,0,The Prism,cards/0146-aurora-prism-1561.okf.md
147,466638,Avalanche,avalanche,Action,Magic,Rare,Infinitum,Blue,0,2,0,0,0,0,0,0,0,Can; Channel; Frozen; Turn,cards/0147-avalanche-466638.okf.md
148,101699,Avatar of Blight,avatar-of-blight,Enchantment,Utility,Legendary,Core,Green,3,0,0,0,0,0,0,0,0,DEX; Poison; Potency,cards/0148-avatar-of-blight-101699.okf.md
149,931491,Avatar of Thunder,avatar-of-thunder,Enchantment,Utility,Legendary,Catalyst,Orange,0,0,0,0,0,0,3,0,0,Chain; Critical Hit,cards/0149-avatar-of-thunder-931491.okf.md
150,724041,Avenger's Choice,avenger-s-choice,Action,Utility,Uncommon,Eclypse,Red,0,0,0,0,1,0,0,0,0,Blood; Charges; Conjure Forged; Fire; Forged; If HOLY,cards/0150-avenger-s-choice-724041.okf.md
151,294533,Avenging Strike,avenging-strike,Action,Utility,Common,Eclypse,Red,0,0,0,0,0,0,0,0,0,Basic Attack; Play; Take,cards/0151-avenging-strike-294533.okf.md
152,951235,Awaken Arsenal,awaken-arsenal,Action,Utility,Rare,Synthesis,Red,0,0,1,0,0,0,0,0,0,Adaptation Slot; Add; Melee,cards/0152-awaken-arsenal-951235.okf.md
153,660263,Awakening,awakening,Action,Divine,Legendary,Core Extended,Gold,0,0,0,2,0,0,0,0,0,Bury; cardsBuried; Gain Zeal; HEALTH,cards/0153-awakening-660263.okf.md
154,595157,Backfire,backfire,Action,Corruption,Monster,None,Monster,0,0,0,0,1,0,0,0,0,Armor; Burning; Inflict; Lose,cards/0154-backfire-595157.okf.md
155,328016,Backswing,backswing,Action,Utility,Common,Core,Red,0,0,1,0,0,0,0,0,0,Basic Attack; Flanking; Haste; Make,cards/0155-backswing-328016.okf.md
156,161743,Bad Apple,bad-apple,Action,Corruption,Uncommon,Core Extended,Green,0,0,0,0,0,0,0,0,1,Add; Corrupted; Forbidden Fruit; Gain DEX; Sinister,cards/0156-bad-apple-161743.okf.md
157,456851,Balanced Shots,balanced-shots,Action,Utility,Uncommon,Metamorphosis,Aqua,0,0,0,0,0,1,0,0,0,Balance; Conjure,cards/0157-balanced-shots-456851.okf.md
158,415261,Baleclaw,baleclaw,Equipment,Corruption,Uncommon,Synthesis,Purple,0,0,0,0,1,0,0,0,0,Activate; Affliction; Armor; Durability; Evil Eye,cards/0158-baleclaw-415261.okf.md
159,536578,Bandage,bandage,Conjuration,Utility,Common,Core,Brown,0,0,0,0,0,0,0,0,0,Bleeding; HEALTH; One Use; Persistent,cards/0159-bandage-536578.okf.md
160,707164,Bandages,bandages,Item,Utility,Common,Synthesis,Brown,0,0,0,0,3,0,0,0,0,HEALTH; One Use; Persistent; Untempered,cards/0160-bandages-707164.okf.md
161,85173,Banish,banish,Enchantment,Utility,Monster,None,Monster,0,0,0,0,1,0,0,0,0,Burning,cards/0161-banish-85173.okf.md
162,825280,Banner of Elsmyr,banner-of-elsmyr,Artifact,Utility,Legendary,Catalyst,Purple,0,0,0,2,0,0,0,0,0,Gain HOLY; Turn; Zeal,cards/0162-banner-of-elsmyr-825280.okf.md
163,544105,Banner of Kaelis,banner-of-kaelis,Artifact,Utility,Legendary,Catalyst,Purple,0,0,0,0,0,0,0,2,0,Gain STR; OR INT; Rally; Turn,cards/0163-banner-of-kaelis-544105.okf.md
164,168982,Banner of Rehdan,banner-of-rehdan,Artifact,Utility,Legendary,Catalyst,Purple,0,0,2,0,0,0,0,0,0,Anger; Gain STR; Turn,cards/0164-banner-of-rehdan-168982.okf.md
165,663780,Banner of Valyn,banner-of-valyn,Artifact,Utility,Legendary,Catalyst,Purple,0,2,0,0,0,0,0,0,0,Focus; Gain INT; Turn,cards/0165-banner-of-valyn-663780.okf.md
166,538345,Barbarism,barbarism,Enchantment,Utility,Uncommon,Core,Red,0,0,2,0,0,0,0,0,0,After; Fury; Rally; Turn,cards/0166-barbarism-538345.okf.md
167,487168,Barbed Bolt,barbed-bolt,Action,Ranged,Monster,None,Monster,0,0,0,0,2,0,0,0,0,Critical Hit; Marked,cards/0167-barbed-bolt-487168.okf.md
168,491688,Barbed Snares,barbed-snares,Enchantment,Utility,Uncommon,Infinitum,Green,1,0,0,0,0,0,0,0,0,Bleeding; Slowed,cards/0168-barbed-snares-491688.okf.md
169,124975,Barfight,barfight,Enchantment,Utility,Common,Eclypse,Green,1,0,0,0,0,0,0,0,0,Basic Attacks; Critical Hit,cards/0169-barfight-124975.okf.md
170,175962,Bargain,bargain,Enchantment,Corruption,Monster,None,Monster,0,0,0,0,0,0,0,0,0,Bargain,cards/0170-bargain-175962.okf.md
171,69252,Barnacled Chitin,barnacled-chitin,Enchantment,Utility,Monster,None,Monster,0,0,0,0,0,0,0,0,0,Impervious,cards/0171-barnacled-chitin-69252.okf.md
172,855184,Barnacled Strike,barnacled-strike,Action,Melee,Monster,None,Monster,0,0,0,0,1,0,0,0,0,Inflict Stagger,cards/0172-barnacled-strike-855184.okf.md
173,673158,Baron's Presence,baron-s-presence,Enchantment,Utility,Monster,None,Monster,0,0,0,0,0,0,0,0,0,Court Presence; courtPresence; Potency,cards/0173-baron-s-presence-673158.okf.md
174,998992,Barricade,barricade,Action,Utility,Common,Core,Red,0,0,1,0,0,0,0,0,0,Gain Armor; lastDamage,cards/0174-barricade-998992.okf.md
175,88951,Bash,bash,Action,Melee,Common,Core,Red,0,0,1,0,0,0,0,0,0,Armor; Critical Hit; Fortified; Interrupt; my(status)Armor,cards/0175-bash-88951.okf.md
176,41020024,Bat Familiar,bat-familiar,Equipment,Utility,Common,Core Extended,Black,0,0,0,0,1,0,0,0,1,Activate; Bleeding; Deplete; Durability; Evasion; Familiar; Return Bat; Vampirism,cards/0176-bat-familiar-41020024.okf.md
177,661847,Bathe in Blood,bathe-in-blood,Action,Divine,Monster,None,Monster,0,0,0,0,0,0,0,0,0,Bleeding; Inflict,cards/0177-bathe-in-blood-661847.okf.md
178,458147,Battle Axe,battle-axe,Basic Attack,Melee,Common,None,Brown,0,0,0,0,2,0,0,0,0,Bloodlust; Critical Hit; Inflict,cards/0178-battle-axe-458147.okf.md
179,460858,Battle Brawler,battle-brawler,Enchantment,Utility,Rare,Infinitum,Red,0,0,2,0,0,0,0,0,0,my(status)Stagger; Stagger,cards/0179-battle-brawler-460858.okf.md
180,126459,Battle Broth,battle-broth,Action,Utility,Common,Eclypse,Red,0,0,0,0,0,0,0,0,0,Charges; Create; Ingredient; Stance,cards/0180-battle-broth-126459.okf.md
181,834532,Battle Command,battle-command,Enchantment,Utility,Rare,Catalyst,Red,0,0,1,0,0,0,0,0,0,Armor; Basic Attacks; Fortified,cards/0181-battle-command-834532.okf.md
182,548213,Battle Hardened,battle-hardened,Action,Utility,Common,Synthesis,Purple,0,0,0,0,0,0,0,1,0,Bolster; Gain Bolster,cards/0182-battle-hardened-548213.okf.md
183,499429,Battle Mending,battle-mending,Action,Utility,Uncommon,Core,Red,0,0,0,0,0,0,0,0,0,damageTaken; HEALTH,cards/0183-battle-mending-499429.okf.md
184,99998,Battle Momentum,battle-momentum,Enchantment,Utility,Monster,None,Monster,0,0,0,0,0,0,0,0,0,areaSpecial; Foes,cards/0184-battle-momentum-99998.okf.md
185,494235,Battle Sense,battle-sense,Action,Utility,Common,Metamorphosis,Red,0,0,0,0,0,0,0,0,0,Armor; Foretell; foretell+3; my(status)Armor,cards/0185-battle-sense-494235.okf.md
186,302018,Battle Station,battle-station,Action,Utility,Legendary,Synthesis,Purple,0,0,0,0,0,0,0,2,0,allDurability; Durability; Equipment; Gain Armor; Restore,cards/0186-battle-station-302018.okf.md
187,116312,Battle Vents,battle-vents,Action,Utility,Rare,Synthesis,Purple,0,0,0,0,0,0,0,1,0,damageTaken; HEALTH; Inflict Burning,cards/0187-battle-vents-116312.okf.md
188,736057,Battle Vigor,battle-vigor,Enchantment,Utility,Uncommon,Core,Red,0,0,1,0,0,0,0,0,0,Take; Turn,cards/0188-battle-vigor-736057.okf.md
189,165764,Battle Vitality,battle-vitality,Action,Utility,Legendary,Eclypse,Red,0,0,2,0,0,0,0,0,0,Grounded; Maximum Health,cards/0189-battle-vitality-165764.okf.md
190,466800,Battleclaw,battleclaw,Equipment,Melee,Common,Synthesis,Brown,0,0,0,0,1,0,0,0,0,Activate; Armor; Conjure; Deplete; Durability; Play; Reconfigure; Starts,cards/0190-battleclaw-466800.okf.md
191,412479,Battlecry,battlecry,Action,Utility,Common,Core,Red,0,0,0,0,0,0,0,0,0,Charges; Frenzy; Gain STR; Rally,cards/0191-battlecry-412479.okf.md
192,696033,Battlerage,battlerage,Action,Utility,Uncommon,Metaprogress,Red,0,0,1,0,0,0,0,0,0,Anger; Conjure; Frenzy; Fury; Your Fury,cards/0192-battlerage-696033.okf.md
193,806146,Battleroar,battleroar,Action,Utility,Monster,None,Monster,0,0,0,0,0,0,0,0,0,Anger; Momentum; Raise Battle; roundNumber,cards/0193-battleroar-806146.okf.md
194,264169,Battlespear,battlespear,Basic Attack,Divine,Rare,Metaprogress,Red,0,0,0,0,1,0,0,0,0,Gains; Untempered,cards/0194-battlespear-264169.okf.md
195,121918,Battlespear C,battlespear-c,Basic Attack,Divine,Rare,None,Red,0,0,0,0,1,0,0,0,0,Crushing; Gain HOLY; Interrupt; Untempered,cards/0195-battlespear-c-121918.okf.md
196,714376,Battlespear D,battlespear-d,Basic Attack,Divine,Rare,None,Red,0,0,0,0,1,0,0,0,0,Add; damageTakenLastTurn; Untempered,cards/0196-battlespear-d-714376.okf.md
197,17997,Battlespear E,battlespear-e,Basic Attack,Divine,Rare,None,Red,0,0,0,0,1,0,0,0,0,Untempered,cards/0197-battlespear-e-17997.okf.md
198,208662,Battlespear H,battlespear-h,Basic Attack,Divine,Rare,None,Red,0,0,0,0,1,0,0,0,0,Critical Hit; HOLY; Untempered,cards/0198-battlespear-h-208662.okf.md
199,725420,Battlespear L,battlespear-l,Basic Attack,Divine,Rare,None,Red,0,0,0,0,1,0,0,0,0,HOLY; Lifedrain; Reaping; Untempered,cards/0199-battlespear-l-725420.okf.md
200,954310,Battlespear U,battlespear-u,Basic Attack,Divine,Rare,None,Red,0,0,0,0,1,0,0,0,0,On Hit; Untempered; Upgrade,cards/0200-battlespear-u-954310.okf.md
201,307839,Battlevisor,battlevisor,Equipment,Utility,Common,Synthesis,Purple,0,0,0,0,1,0,0,0,0,Activate; Durability,cards/0201-battlevisor-307839.okf.md
202,469596,Bear Claws,bear-claws,Basic Attack,Melee,Common,Metaprogress,Brown,0,0,0,0,1,0,0,0,0,Gain Armor,cards/0202-bear-claws-469596.okf.md
203,750475,Beartrap,beartrap,Summon,Utility,Monster,None,Monster,0,0,0,0,0,0,0,0,0,Pinned,cards/0203-beartrap-750475.okf.md
204,474916,Beastform,beastform,Action,Utility,Rare,Metamorphosis,Aqua,0,0,0,0,0,1,0,0,0,Shift,cards/0204-beastform-474916.okf.md
205,41020030,Beastly Weapon Rewards,beastly-weapon-rewards,Enchantment,Utility,Legendary,None,Orange,0,0,0,0,0,0,3,0,0,Companion Cards; Sets,cards/0205-beastly-weapon-rewards-41020030.okf.md
206,504777,Beguile,beguile,Action,Corruption,Monster,None,Monster,0,0,0,0,0,0,0,0,0,Charmed; difficulty+2; Heal,cards/0206-beguile-504777.okf.md
207,176965,Belly Rush,belly-rush,Action,Melee,Monster,None,Monster,0,0,0,0,2,0,0,0,0,Armor,cards/0207-belly-rush-176965.okf.md
208,37509,Bellybump,bellybump,Action,Melee,Uncommon,Eclypse,Red,0,0,1,0,0,0,0,0,0,Inflict Stagger; my(status)Sated; Sated; Your Sated,cards/0208-bellybump-37509.okf.md
209,814187,Berzerk,berzerk,Action,Utility,Rare,Core,Red,0,0,1,0,0,0,0,0,0,Charges; Fury; Shuffle,cards/0209-berzerk-814187.okf.md
210,731998,Beseech,beseech,Action,Divine,Rare,Metamorphosis,Purple,0,0,0,0,0,0,0,1,0,Bury,cards/0210-beseech-731998.okf.md
211,739663,Bestow,bestow,Action,Divine,Rare,Metamorphosis,Purple,0,0,0,0,0,0,0,1,0,Persistent; Synergy; tempValue+1,cards/0211-bestow-739663.okf.md
212,382294,Big Bomb,big-bomb,Action,Ranged,Legendary,None,Brown,0,0,0,0,4,0,0,0,0,Charge; Persistent; Rampage; Ready; Speed,cards/0212-big-bomb-382294.okf.md
213,156895,Big Eater,big-eater,Enchantment,Utility,Rare,Eclypse,Red,0,0,1,0,0,0,0,0,0,Immune; Ingredient; Stunned,cards/0213-big-eater-156895.okf.md
214,158336,Big Hack,big-hack,Action,Melee,Monster,None,Monster,0,0,0,0,3,0,0,0,0,Any; Wagon,cards/0214-big-hack-158336.okf.md
215,722262,Biophobia,biophobia,Enchantment,Utility,Monster,None,Monster,0,0,0,0,0,0,0,0,0,costHand; End; Lose; Maximum HEALTH; Turn,cards/0215-biophobia-722262.okf.md
216,676716,Bite,bite,Action,Melee,Monster,None,Monster,0,0,0,0,1,0,0,0,0,,cards/0216-bite-676716.okf.md
217,767783,Bite (Companion),bite-companion,Action,Melee,Uncommon,Synthesis,Orange,0,0,0,0,1,0,0,0,0,Advantage; Anger; companionlevel; companionlevel*2,cards/0217-bite-companion-767783.okf.md
218,13730,Blast Junkie,blast-junkie,Enchantment,Utility,Uncommon,Synthesis,Green,1,0,0,0,0,0,0,0,0,Bombs; Memorized,cards/0218-blast-junkie-13730.okf.md
219,444903,Blast Zone,blast-zone,Enchantment,Utility,Legendary,Synthesis,Green,0,0,0,0,3,0,0,0,0,Bomb,cards/0219-blast-zone-444903.okf.md
220,238182,Blaster,blaster,Basic Attack,Ranged,Legendary,Synthesis,Brown,0,0,0,0,1,0,0,0,0,Charges; Equipment; equipments; Interrupt; Remove,cards/0220-blaster-238182.okf.md
221,734395,Blastshield,blastshield,Action,Utility,Common,Infinitum,Red,0,0,1,0,0,0,0,0,0,Armor; Stagger,cards/0221-blastshield-734395.okf.md
222,699376,Blazing Chorus,blazing-chorus,Action,Divine,Common,Synthesis,Gold,0,0,0,1,0,0,0,0,0,Charges; Hymn; On Hit; Play,cards/0222-blazing-chorus-699376.okf.md
223,598525,Blazing Weapon,blazing-weapon,Action,Utility,Monster,None,Monster,0,0,0,0,1,0,0,0,0,Burning,cards/0223-blazing-weapon-598525.okf.md
224,31484,Bleeding Immunity,bleeding-immunity,Enchantment,Utility,Monster,None,Monster,0,0,0,0,0,0,0,0,0,Bleeding; Immune; Poison; Stunned,cards/0224-bleeding-immunity-31484.okf.md
225,613179,Blend In,blend-in,Action,Utility,Monster,None,Monster,0,0,0,0,0,0,0,0,0,Evasion,cards/0225-blend-in-613179.okf.md
226,992262,Bless Weapon,bless-weapon,Action,Divine,Common,Core,Purple,0,0,0,0,0,0,0,0,0,Basic Attack; HEALTH; HOLY; Lasting,cards/0226-bless-weapon-992262.okf.md
227,232795,Blessed,blessed,Adaptation,Utility,Common,None,Gold,0,0,0,0,0,0,0,0,0,Gain HOLY; On Hit,cards/0227-blessed-232795.okf.md
228,604930,Blessed,blessed,Enchantment,Utility,Monster,None,Monster,0,0,0,0,0,0,0,0,0,Blessings,cards/0228-blessed-604930.okf.md
229,66969,Blessed Foes,blessed-foes,Enchantment,Utility,Monster,None,Monster,0,0,0,0,0,0,0,0,0,,cards/0229-blessed-foes-66969.okf.md
230,117435,Blessed Strike,blessed-strike,Action,Utility,Common,Core,Purple,0,0,0,0,0,0,0,1,0,Basic Attack; Blessing; Chain; Make,cards/0230-blessed-strike-117435.okf.md
231,911226,Blight's Blessing,blight-s-blessing,Action,Divine,Monster,None,Monster,0,0,0,0,1,0,0,0,0,Affliction; chapter,cards/0231-blight-s-blessing-911226.okf.md
232,470586,Blightbite,blightbite,Action,Melee,Monster,None,Monster,0,0,0,0,1,0,0,0,0,,cards/0232-blightbite-470586.okf.md
233,861551,Blightstrike,blightstrike,Action,Melee,Monster,None,Monster,0,0,0,0,1,0,0,0,0,Inflict; On Hit; Poison,cards/0233-blightstrike-861551.okf.md
234,190630,Blinding Light,blinding-light,Action,Divine,Monster,None,Monster,0,0,0,1,0,0,0,0,0,Blessing; Inflict; Jinxed,cards/0234-blinding-light-190630.okf.md
235,484701,Blinkstrike,blinkstrike,Action,Magic,Uncommon,Core,Purple,0,0,0,0,0,0,0,0,0,Chain; Conjure; Persistent; Turn,cards/0235-blinkstrike-484701.okf.md
236,136525,Blizzard,blizzard,Enchantment,Utility,Monster,None,Monster,0,0,0,0,0,0,0,0,0,areaSpecial; Frozen; Remove Blizzard,cards/0236-blizzard-136525.okf.md
237,988854,Block,block,Action,Utility,Common,Core,Brown,0,0,0,0,1,0,0,0,0,Armor,cards/0237-block-988854.okf.md
238,608098,Blood and Iron,blood-and-iron,Action,Utility,Uncommon,Eclypse,Red,0,0,0,0,1,0,0,0,0,Battlespear; Create; damageTakenLastTurn; If HOLY,cards/0238-blood-and-iron-608098.okf.md
239,33355,Blood Fever,blood-fever,Action,Utility,Common,Core,Orange,0,0,0,0,0,0,1,0,0,Bleeding; Convert; Poison,cards/0239-blood-fever-33355.okf.md
240,118668,Blood for Blood,blood-for-blood,Action,Melee,Uncommon,Core,Red,0,0,1,0,0,0,0,0,0,Bleeding; Blood; Charges; Convert,cards/0240-blood-for-blood-118668.okf.md
241,53153,Blood Levy,blood-levy,Enchantment,Utility,Monster,None,Monster,0,0,0,0,0,0,0,0,0,Bleeding; BLOOD,cards/0241-blood-levy-53153.okf.md
242,229024,Blood Offering,blood-offering,Action,Utility,Monster,None,Monster,0,0,0,0,1,0,0,0,0,Gain HEALTH,cards/0242-blood-offering-229024.okf.md
243,824939,Blood Quench,blood-quench,Action,Utility,Uncommon,Synthesis,Red,0,0,0,0,0,0,0,0,1,Adapted; Draining Adaptation,cards/0243-blood-quench-824939.okf.md
244,318154,Blood Ritual,blood-ritual,Action,Utility,Common,Infinitum,Orange,0,0,0,0,0,0,0,0,1,Ancestral; Bleeding; Charges; Inflict; Return,cards/0244-blood-ritual-318154.okf.md
245,39658,Blood Taunt,blood-taunt,Action,Utility,Monster,None,Monster,0,0,0,0,0,0,0,0,0,Anger; Silenced,cards/0245-blood-taunt-39658.okf.md
246,537884,Blood Taxes,blood-taxes,Enchantment,Utility,Monster,None,Monster,0,0,0,0,0,0,0,0,0,Bleeding; HEALTH,cards/0246-blood-taxes-537884.okf.md
247,813590,Bloodbank,bloodbank,Enchantment,Corruption,Legendary,Eclypse,Blue,0,0,0,0,0,0,0,0,0,BLOOD; Bloodbank; HEALTH; Remove; Turn,cards/0247-bloodbank-813590.okf.md
248,290999,Bloodbite,bloodbite,Action,Melee,Monster,None,Monster,0,0,0,0,2,0,0,0,0,Lifedrain,cards/0248-bloodbite-290999.okf.md
249,745670,Bloodcast,bloodcast,Action,Utility,Rare,Metamorphosis,Blue,0,1,0,0,0,0,0,0,0,Blood,cards/0249-bloodcast-745670.okf.md
250,100485,Bloodcraft,bloodcraft,Action,Utility,Legendary,Metaprogress,Red,0,0,3,0,0,0,0,0,0,Charges; Grounded; Melee Actions,cards/0250-bloodcraft-100485.okf.md
251,168547,Bloodhowl,bloodhowl,Action,Utility,Monster,None,Monster,0,0,0,0,1,0,0,0,0,difficulty+4; Doom; Inflict; Until,cards/0251-bloodhowl-168547.okf.md
252,284817,Bloodhunt,bloodhunt,Action,Melee,Rare,Metaprogress,Orange,0,0,0,0,0,0,2,0,0,Basic Attack; Persistent; tempValue,cards/0252-bloodhunt-284817.okf.md
253,717440,Bloodletting,bloodletting,Enchantment,Utility,Monster,None,Monster,0,0,0,0,1,0,0,0,0,Bleeding,cards/0253-bloodletting-717440.okf.md
254,9845,Bloodmagic,bloodmagic,Action,Corruption,Legendary,Core Extended,Blue,0,0,0,0,0,0,0,0,1,BLOOD; Charges; Convert,cards/0254-bloodmagic-9845.okf.md
255,660926,Bloodmoney,bloodmoney,Enchantment,Corruption,Uncommon,Catalyst,Green,1,0,0,0,0,0,0,0,1,Lucky Coins; sinister; Sinister,cards/0255-bloodmoney-660926.okf.md
256,244124,Bloodmoon,bloodmoon,Enchantment,Utility,Monster,None,Monster,0,0,0,0,0,0,0,0,0,Anger; Enemies; Visit,cards/0256-bloodmoon-244124.okf.md
257,9776689,Bloodscent,bloodscent,Enchantment,Utility,Monster,None,Monster,0,0,0,0,0,0,0,0,0,,cards/0257-bloodscent-9776689.okf.md
258,207608,Bloom,bloom,Enchantment,Utility,Monster,None,Monster,0,0,0,0,0,0,0,0,0,HEALTH; Slay,cards/0258-bloom-207608.okf.md
259,946847,Bloom Listener,bloom-listener,Enchantment,Utility,Monster,None,Monster,0,0,0,0,0,0,0,0,0,HEALTH; Slay,cards/0259-bloom-listener-946847.okf.md
260,728327,Blue Hydra Head,blue-hydra-head,Action,Utility,Monster,None,Monster,0,0,0,0,4,0,0,0,0,Bury; Head,cards/0260-blue-hydra-head-728327.okf.md
261,776844,Blue Ray,blue-ray,Conjuration,Magic,Monster,None,Monster,0,0,0,0,0,0,0,0,0,damageBonus; Frozen; Inflict,cards/0261-blue-ray-776844.okf.md
262,157827,Blunt,blunt,Adaptation,Utility,Common,None,Red,0,0,0,0,0,0,0,0,0,Interrupt; On Hit; Rampage,cards/0262-blunt-157827.okf.md
263,765856,Blunt Arrow,blunt-arrow,Action,Ranged,Rare,Core,Red,0,0,0,0,0,0,0,0,0,Dazed; Inflict; On Hit,cards/0263-blunt-arrow-765856.okf.md
264,967481,Boarding Party,boarding-party,Action,Melee,Uncommon,Eclypse,Green,2,0,0,0,0,0,0,0,0,Ambush; DEX; enemyEnergy; enemyHand,cards/0264-boarding-party-967481.okf.md
265,872511,Body of Steel,body-of-steel,Enchantment,Utility,Uncommon,Core,Red,0,0,1,0,0,0,0,0,0,HEALTH; Reflect,cards/0265-body-of-steel-872511.okf.md
266,867449,Boiling Rage,boiling-rage,Enchantment,Utility,Monster,None,Monster,0,0,0,0,0,0,0,0,0,Anger; difficulty; Piercing,cards/0266-boiling-rage-867449.okf.md
267,114406,Bolgar Blightbane,bolgar-blightbane,Enchantment,Monster,Legendary,None,Monster,0,0,0,0,0,0,0,0,0,Bolgar; Conjure; HEALTH; Poison,cards/0267-bolgar-blightbane-114406.okf.md
268,504518,Bolster Soul,bolster-soul,Action,Utility,Uncommon,Eclypse,Purple,0,0,0,0,0,0,0,0,0,Gain HOLY; Remove VOIDVOIDVOIDVOID,cards/0268-bolster-soul-504518.okf.md
269,680120,Bolstered,bolstered,Affix,Utility,Monster,None,Monster,0,0,0,0,0,0,0,0,0,Affliction; Cleanse; HEALTH,cards/0269-bolstered-680120.okf.md
270,88985,Bolstered Strike,bolstered-strike,Action,Melee,Common,Core,Purple,0,0,0,0,0,0,0,1,0,Bash; Conjure; On Hit,cards/0270-bolstered-strike-88985.okf.md
271,392837,Bolstering Presence,bolstering-presence,Enchantment,Utility,Legendary,None,Gold,0,0,0,0,0,0,0,0,0,Basic Attacks; Gain Armor; HEALTH; myCurrentHealth,cards/0271-bolstering-presence-392837.okf.md
272,612554,Bolter,bolter,Basic Attack,Ranged,Common,Metaprogress,Brown,0,0,0,0,2,0,0,0,0,Bolter; Critical Hits; Interrupts,cards/0272-bolter-612554.okf.md
273,653623,Bomb,bomb,Action,Ranged,Uncommon,Infinitum,Brown,0,0,0,0,3,0,0,0,0,Charge; costThisCard; Interrupt; Persistent; Ready,cards/0273-bomb-653623.okf.md
274,396232,Bombardment,bombardment,Action,Ranged,Monster,None,Monster,0,0,0,0,0,0,0,0,0,areaSpecial; Momentum; Raise; Turn,cards/0274-bombardment-396232.okf.md
275,157752,Bone Armor,bone-armor,Action,Utility,Monster,None,Monster,0,0,0,0,1,0,0,0,0,Gain Armor,cards/0275-bone-armor-157752.okf.md
276,133969,Bone Carapace,bone-carapace,Enchantment,Utility,Monster,None,Monster,0,0,0,0,1,0,0,0,0,Armor; difficulty; Turn,cards/0276-bone-carapace-133969.okf.md
277,471033,Bone Knuckles,bone-knuckles,Action,Melee,Monster,None,Monster,0,0,0,0,1,0,0,0,0,Armor; On Hit,cards/0277-bone-knuckles-471033.okf.md
278,930680,Bone Nova,bone-nova,Action,Magic,Common,Eclypse,Orange,0,0,0,0,0,0,1,0,0,Nova; novacards; Reaping; Repeat,cards/0278-bone-nova-930680.okf.md
279,700107,Bone Pin,bone-pin,Action,Utility,Common,Core,Orange,0,0,0,0,0,0,0,0,0,HEALTH; Maximum HEALTH; otherMaxHealth/20; Persistent; Steal; They,cards/0279-bone-pin-700107.okf.md
280,962448,Bone Ritual,bone-ritual,Action,Utility,Rare,Infinitum,Orange,0,0,0,0,0,0,1,0,1,Armor; Return,cards/0280-bone-ritual-962448.okf.md
281,904645,Bonebreaker,bonebreaker,Action,Melee,Monster,None,Monster,0,0,0,0,2,0,0,0,0,Lifedrain,cards/0281-bonebreaker-904645.okf.md
282,166740,Boneshred,boneshred,Action,Utility,Monster,None,Monster,0,0,0,0,3,0,0,0,0,,cards/0282-boneshred-166740.okf.md
283,614772,Boneskewer,boneskewer,Action,Melee,Common,Infinitum,Orange,0,0,0,0,0,0,1,0,1,Ancestral; Bleeding; Increase; Inflict; tempValue,cards/0283-boneskewer-614772.okf.md
284,485739,Bonesweep,bonesweep,Action,Melee,Common,Synthesis,Red,0,0,1,0,0,0,0,0,0,Adaptation; Add; Frenzy,cards/0284-bonesweep-485739.okf.md
285,214398,Bonfire,bonfire,Affix,Utility,Monster,None,Monster,0,0,0,0,0,0,0,0,0,Bury; Turn,cards/0285-bonfire-214398.okf.md
286,227080,Boooo!,boooo,Action,Corruption,Uncommon,None,Red,0,0,0,0,0,0,0,0,0,Unplayable,cards/0286-boooo-227080.okf.md
287,792736,Boots of Speed,boots-of-speed,Equipment,Utility,Uncommon,Catalyst,Brown,0,0,0,0,1,0,0,0,0,Activate; Durability; Haste,cards/0287-boots-of-speed-792736.okf.md
288,6452857,Booty,booty,Equipment,Utility,Legendary,Eclypse,Green,0,0,0,0,1,0,0,0,0,Activate; Deplete; Destroy; Durability; Grounded; Treasure,cards/0288-booty-6452857.okf.md
289,664971,Bottled Message,bottled-message,Item,Utility,Uncommon,Eclypse,Brown,0,0,0,0,0,0,0,0,0,Conjure; One Use; Tide,cards/0289-bottled-message-664971.okf.md
290,607446,Bouldercrash,bouldercrash,Action,Ranged,Monster,None,Monster,0,0,0,0,2,0,0,0,0,Inflict Dazed,cards/0290-bouldercrash-607446.okf.md
291,740554,Bound Spirit,bound-spirit,Enchantment,Utility,Monster,None,Monster,0,0,0,0,0,0,0,0,0,Barrier; difficulty; HEALTH,cards/0291-bound-spirit-740554.okf.md
292,965806,Brace for Impact,brace-for-impact,Action,Utility,Common,Core,Red,0,0,1,0,0,0,0,0,0,Armor; Persistent,cards/0292-brace-for-impact-965806.okf.md
293,307511,Brain Ink,brain-ink,Action,Utility,Monster,None,Monster,0,0,0,0,0,0,0,0,0,Agnosiophobia; Bury,cards/0293-brain-ink-307511.okf.md
294,548147,Brainpain,brainpain,Action,Magic,Monster,None,Monster,0,0,0,0,1,0,0,0,0,,cards/0294-brainpain-548147.okf.md
295,842381,Brainstorm,brainstorm,Action,Utility,Uncommon,Metamorphosis,Blue,0,1,0,0,0,0,0,0,0,Gain INT; Magic Action; Scholar,cards/0295-brainstorm-842381.okf.md
296,700860,Brainwarp,brainwarp,Action,Utility,Legendary,Eclypse,Blue,0,3,0,0,0,0,0,0,0,Focus; my(status)Focus,cards/0296-brainwarp-700860.okf.md
297,194207,Brand Heretic,brand-heretic,Action,Divine,Common,Infinitum,Gold,0,0,0,1,0,0,0,0,0,Demon; Frenzy,cards/0297-brand-heretic-194207.okf.md
298,742405,Brawlers Mark,brawlers-mark,Enchantment,Utility,Rare,Metamorphosis,Red,0,0,3,0,0,0,0,0,0,Armor; Critical Hit,cards/0298-brawlers-mark-742405.okf.md
299,726514,Break a Leg,break-a-leg,Action,Melee,Uncommon,Metamorphosis,Green,2,0,0,0,0,0,0,0,0,Charmed; Critical Hit; Performance; performanceStacks,cards/0299-break-a-leg-726514.okf.md
300,646812,Break Apart,break-apart,Action,Melee,Uncommon,Catalyst,Red,0,0,1,0,0,0,0,0,0,Crushing,cards/0300-break-apart-646812.okf.md
301,898023,Break Bonds,break-bonds,Action,Utility,Uncommon,Core Extended,Red,0,0,2,0,0,0,0,0,1,Cleanse; Dazed; Dominated; Enter Frenzied; Pinned; Reliable; Stance,cards/0301-break-bonds-898023.okf.md
302,740974,Brew Concoction,brew-concoction,Action,Magic,Uncommon,Core Extended,Green,1,0,0,0,0,0,0,0,0,Charges; Delve; Potion,cards/0302-brew-concoction-740974.okf.md
303,138688,Brightclaw,brightclaw,Equipment,Divine,Common,Synthesis,Brown,0,0,0,0,1,0,0,0,0,Activate; Armor; Blessing; Durability; Solar Lance,cards/0303-brightclaw-138688.okf.md
304,15614,Broken Amulet,broken-amulet,Artifact,Utility,Legendary,None,Brown,0,0,0,0,1,0,0,0,0,Actions; Increase; Turn,cards/0304-broken-amulet-15614.okf.md
305,645904,Broken Hilt,broken-hilt,Artifact,Melee,Uncommon,Infinitum,Purple,0,0,0,0,0,0,0,1,0,Broken Hilt; Eternal Winter; Frozen; On Hit; permaValue; Rhymebind,cards/0305-broken-hilt-645904.okf.md
306,740560,Brutalizing Strike,brutalizing-strike,Action,Melee,Common,Synthesis,Red,0,0,0,0,3,0,0,0,0,Adaptation; adaptations; Costs NEUTRAL,cards/0306-brutalizing-strike-740560.okf.md
307,374531,Bubbly Brew,bubbly-brew,Item,Utility,Common,Core,Brown,0,0,0,0,0,0,0,0,0,Inflict; One Use; Poison,cards/0307-bubbly-brew-374531.okf.md
308,863373,Bullet Time,bullet-time,Action,Utility,Rare,Core Extended,Green,1,0,0,0,0,0,0,0,0,Ammo; Channel; Ranged Action,cards/0308-bullet-time-863373.okf.md
309,309960,Bullrush,bullrush,Action,Melee,Rare,Core,Red,0,0,2,0,0,0,0,0,0,Interrupt Rampage; Stunned,cards/0309-bullrush-309960.okf.md
310,49336,Bunker Down,bunker-down,Action,Utility,Uncommon,Core,Red,0,0,1,0,0,0,0,0,0,Armor; damageBonus; Fortified; Upgradeable,cards/0310-bunker-down-49336.okf.md
311,352793,Burning Arrow,burning-arrow,Action,Ranged,Common,Core,Gold,0,0,0,0,0,0,0,0,0,Burning; Inflict,cards/0311-burning-arrow-352793.okf.md
312,533067,Burning Resolve,burning-resolve,Enchantment,Divine,Rare,Core,Gold,0,0,0,1,0,0,0,0,0,Burning; HEALTH,cards/0312-burning-resolve-533067.okf.md
313,163540,Burst of Karma,burst-of-karma,Action,Magic,Uncommon,Core,Aqua,0,0,0,0,0,1,0,0,0,,cards/0313-burst-of-karma-163540.okf.md
314,748926,Burst of Radiance,burst-of-radiance,Action,Divine,Rare,Core,Gold,0,0,0,2,0,0,0,0,0,Armor; Evasion; Focus; Regenerate,cards/0314-burst-of-radiance-748926.okf.md
315,61459,Bury Alive,bury-alive,Action,Utility,Rare,Metamorphosis,Orange,0,0,0,0,0,0,1,0,0,Discard Pile; Move; Return,cards/0315-bury-alive-61459.okf.md
316,335745,Butter Up,butter-up,Action,Melee,Common,Metamorphosis,Red,0,0,1,0,0,0,0,0,0,Armor; Inflict Brittle,cards/0316-butter-up-335745.okf.md
317,58040,Buzzsword,buzzsword,Basic Attack,Melee,Legendary,Synthesis,Brown,0,0,0,0,1,0,0,0,0,Chain; Execute; Overkill; Reaping; Upgrade,cards/0317-buzzsword-58040.okf.md
318,2446152,By the Light,by-the-light,Action,Divine,Legendary,Eclypse,Purple,0,0,0,1,0,0,0,1,0,Ascended; Ascension; Conjure; HOLY; Lose; VOID,cards/0318-by-the-light-2446152.okf.md
319,323050,Caduceus,caduceus,Basic Attack,Divine,Common,Metaprogress,Brown,0,0,0,0,1,0,0,0,0,healingTurn; HEALTH,cards/0319-caduceus-323050.okf.md
320,537838,Call Element,call-element,Action,Magic,Common,Catalyst,Blue,0,0,0,0,0,0,0,0,0,Attune,cards/0320-call-element-537838.okf.md
321,156749,Call of the Void,call-of-the-void,Enchantment,Utility,Rare,Catalyst,Aqua,0,0,0,0,0,1,0,0,0,Doom; Foretold,cards/0321-call-of-the-void-156749.okf.md
322,101565,Call the Spirits,call-the-spirits,Action,Utility,Legendary,Infinitum,Orange,0,0,0,0,0,0,0,0,1,DEX; Gain DEX; tempValue,cards/0322-call-the-spirits-101565.okf.md
323,231841,Call the Storm,call-the-storm,Action,Magic,Common,Core,Blue,0,0,0,0,0,0,0,0,0,Conjure; Focus; Lightning Card,cards/0323-call-the-storm-231841.okf.md
324,108224,Call to Heel,call-to-heel,Action,Utility,Legendary,Synthesis,Blue,0,4,0,0,0,0,0,0,0,Focus; Grounded; HEALTH; Requires; Subjugate,cards/0324-call-to-heel-108224.okf.md
325,205682,Calm the Hunger,calm-the-hunger,Action,Magic,Common,Eclypse,Purple,0,0,0,0,0,0,0,1,0,Anger; Lifedrain; Remove VOIDVOID; Remove VOIDVOIDVOID; Remove VOIDVOIDVOIDVOID,cards/0325-calm-the-hunger-205682.okf.md
326,528326,Caltrops,caltrops,Item,Utility,Uncommon,Metamorphosis,Brown,0,0,0,0,1,0,0,0,0,Bleeding; damageBonus; Persistent; Piercing,cards/0326-caltrops-528326.okf.md
327,201882,Caravan Wagon,caravan-wagon,Enchantment,Utility,Common,None,Brown,0,0,0,0,0,0,0,0,0,areaSpecial; Brightcandle; Current Health; Protect,cards/0327-caravan-wagon-201882.okf.md
328,795021,Carnage,carnage,Enchantment,Utility,Uncommon,Core,Orange,0,0,0,0,0,0,1,0,0,Bleeding; Melee Attacks,cards/0328-carnage-795021.okf.md
329,415442,Carrion Cut,carrion-cut,Enchantment,Utility,Rare,Eclypse,Orange,0,0,0,0,0,0,1,0,0,Memorized,cards/0329-carrion-cut-415442.okf.md
330,411605,Carving Knife,carving-knife,Equipment,Utility,Rare,Core Extended,Orange,0,0,0,0,1,0,0,0,0,Delve; Deplete; Durability; Totem; Trigger; Turn; Use,cards/0330-carving-knife-411605.okf.md
331,295297,Casa Nova,casa-nova,Action,Utility,Common,Core Extended,Purple,0,0,0,0,0,0,0,1,0,Charmed; Inflict; Nova; novacards; Repeat,cards/0331-casa-nova-295297.okf.md
332,564624,Cash out,cash-out,Action,Utility,Rare,Metaprogress,Green,1,0,0,0,0,0,0,0,0,Conjure; GOLD; Lucky Coin,cards/0332-cash-out-564624.okf.md
333,468329,Cat Claws,cat-claws,Basic Attack,Melee,Common,Metaprogress,Brown,0,0,0,0,1,0,0,0,0,Bleeding; Inflict,cards/0333-cat-claws-468329.okf.md
334,225344,Cataclysm,cataclysm,Action,Melee,Rare,Catalyst,Red,0,0,3,0,0,0,0,0,0,Anger; Can; cardsDrawnThisTurn; my(status)Anger; Rampage; Upgraded,cards/0334-cataclysm-225344.okf.md
335,616374,Catalyst,catalyst,Action,Utility,Uncommon,Catalyst,Blue,0,0,0,0,0,0,0,0,0,Attunement; Costs INT; Shift,cards/0335-catalyst-616374.okf.md
336,216139,Cauterize,cauterize,Action,Magic,Common,Core,Blue,0,1,0,0,0,0,0,0,0,Bleeding; Burning; Firecast; HEALTH; Remove,cards/0336-cauterize-216139.okf.md
337,720436,Celestial Claws,celestial-claws,Basic Attack,Melee,Legendary,Metaprogress,Brown,0,0,0,0,1,0,0,0,0,HEALTH; Inflict Burning,cards/0337-celestial-claws-720436.okf.md
338,79122,Censorship,censorship,Action,Utility,Uncommon,Infinitum,Gold,0,0,0,1,0,0,0,0,0,Bury; HEALTH; Zeal,cards/0338-censorship-79122.okf.md
339,362272,Centaur's Truth,centaur-s-truth,Path,Utility,Rare,Eclypse,Aqua,0,0,0,0,0,1,0,0,0,Advance; After; Barrier,cards/0339-centaur-s-truth-362272.okf.md
340,232014,Centaur's Truth II,centaur-s-truth-ii,Path,Utility,Rare,None,Aqua,0,0,0,0,0,1,0,0,0,Advance; After,cards/0340-centaur-s-truth-ii-232014.okf.md
341,550239,Centaur's Truth III,centaur-s-truth-iii,Path,Utility,Rare,None,Aqua,0,0,0,0,0,1,0,0,0,After; Way; Wise Unique,cards/0341-centaur-s-truth-iii-550239.okf.md
342,99729,Center Self,center-self,Action,Utility,Common,Core,Aqua,0,0,0,0,0,1,0,0,0,Focus,cards/0342-center-self-99729.okf.md
343,385139,Centered Strikes,centered-strikes,Enchantment,Utility,Rare,Core,Aqua,0,0,0,0,0,1,0,0,0,Basic Attacks; Focus Unique; Mantras,cards/0343-centered-strikes-385139.okf.md
344,93854,Cerebral Surge,cerebral-surge,Action,Utility,Common,Synthesis,Blue,0,1,0,0,0,0,0,0,0,Chain; Focus; Increase; Maximum Handsize,cards/0344-cerebral-surge-93854.okf.md
345,885279,Ceremony of Roses,ceremony-of-roses,Action,Utility,Legendary,Catalyst,Purple,1,1,1,0,0,0,0,0,0,Blessings; Inflict Charmed; myTotalBlessings,cards/0345-ceremony-of-roses-885279.okf.md
346,86560,Chain Lightning,chain-lightning,Action,Magic,Legendary,Core,Blue,0,1,0,0,0,0,0,0,0,Chain; Gain Chain,cards/0346-chain-lightning-86560.okf.md
347,553022,Chakram,chakram,Basic Attack,Ranged,Common,Metaprogress,Brown,0,0,0,0,1,0,0,0,0,Clone; Summon,cards/0347-chakram-553022.okf.md
348,930531,Chalice of Blood,chalice-of-blood,Action,Divine,Legendary,Infinitum,Black,0,0,0,0,0,0,0,0,3,Grounded; Heavy; Maximum Health; On Draw; One Use; permaValue; Take,cards/0348-chalice-of-blood-930531.okf.md
349,555973,Chaos Armor,chaos-armor,Action,Utility,Common,Infinitum,Purple,0,0,0,0,0,0,0,1,0,Armor; Corrupted; Hex; Inflict,cards/0349-chaos-armor-555973.okf.md
350,730040,Chaos Casting,chaos-casting,Enchantment,Utility,Rare,Infinitum,Blue,0,2,0,0,0,0,0,0,0,,cards/0350-chaos-casting-730040.okf.md
351,525063,Chaos Nova,chaos-nova,Action,Corruption,Common,Eclypse,Black,0,0,0,0,0,0,0,0,2,Affliction; Inflict; Nova; novacards; Repeat,cards/0351-chaos-nova-525063.okf.md
352,628311,Chaotic Presence,chaotic-presence,Enchantment,Utility,Legendary,None,Gold,0,0,0,0,0,0,0,0,0,Enchantment,cards/0352-chaotic-presence-628311.okf.md
353,415373,Charged,charged,Adaptation,Utility,Common,None,Blue,0,0,0,0,0,0,0,0,0,Chain; Haste; On Hit,cards/0353-charged-415373.okf.md
354,428991,Charged Blade,charged-blade,Basic Attack,Magic,Common,None,Blue,0,0,0,0,0,0,0,0,0,Chain; Piercing,cards/0354-charged-blade-428991.okf.md
355,18906,Charged Slice,charged-slice,Action,Melee,Common,Core Extended,Green,0,0,0,0,0,0,0,0,0,damageBonus; DEX; Upgradeable,cards/0355-charged-slice-18906.okf.md
356,527645,Charged Wand,charged-wand,Basic Attack,Magic,Common,Metaprogress,Brown,0,0,0,0,1,0,0,0,0,Afflictions; HEALTH; Improved; my(status)Potency; Potency; Steal; Swap,cards/0356-charged-wand-527645.okf.md
357,165165,Charity,charity,Action,Divine,Rare,Core,Gold,0,0,0,0,0,0,0,0,0,HEALTH,cards/0357-charity-165165.okf.md
358,352334,Chasm,chasm,Action,Melee,Common,Catalyst,Red,0,0,1,0,0,0,0,0,0,Deals; Stagger,cards/0358-chasm-352334.okf.md
359,112476,Chastity,chastity,Action,Divine,Rare,Core,Gold,0,0,0,0,0,0,0,0,0,Impervious,cards/0359-chastity-112476.okf.md
360,111580,Chefs' Kiss,chefs-kiss,Enchantment,Utility,Rare,Eclypse,Red,0,0,2,0,0,0,0,0,0,Charmed; Ingredient; Memorized; my(status)Sated; Sated; Stagger,cards/0360-chefs-kiss-111580.okf.md
361,41020032,Chimera's Visage,chimera-s-visage,Equipment,Utility,Legendary,Core Extended,Aqua,0,0,0,0,0,1,0,0,0,Activate; Channel; Durability; Shift; While,cards/0361-chimera-s-visage-41020032.okf.md
362,413555,Choice Cut,choice-cut,Action,Melee,Common,Eclypse,Red,0,0,1,0,0,0,0,0,0,Delve; Ingredient; On Hit,cards/0362-choice-cut-413555.okf.md
363,543332,Chop 'em Up,chop-em-up,Action,Melee,Uncommon,Eclypse,Red,0,0,2,0,0,0,0,0,0,Conjure; Hit; Ingredient,cards/0363-chop-em-up-543332.okf.md
364,894833,Chorus,chorus,Action,Utility,Common,Metamorphosis,Green,1,0,0,0,0,0,0,0,0,Cascade; Perform,cards/0364-chorus-894833.okf.md
365,41020035,Chromatic Breath,chromatic-breath,Action,Magic,Common,Core Extended,Blue,0,1,0,0,0,0,0,0,0,Attunement; difficultyBonus+3; Has,cards/0365-chromatic-breath-41020035.okf.md
366,363022,Chromatic Orb,chromatic-orb,Action,Magic,Uncommon,Catalyst,Blue,0,0,0,0,1,0,0,0,0,Delve; Orb,cards/0366-chromatic-orb-363022.okf.md
367,607284,Chronomend,chronomend,Action,Utility,Uncommon,Infinitum,Blue,0,1,0,0,0,0,0,0,0,Health,cards/0367-chronomend-607284.okf.md
368,231646,Chump Change,chump-change,Action,Utility,Common,Catalyst,Green,0,0,0,0,0,0,0,0,0,Conjure; Lucky Coin; Performance; Return,cards/0368-chump-change-231646.okf.md
369,203562,City of Gold,city-of-gold,Location,Utility,Legendary,Eclypse,Green,1,0,0,0,2,0,0,0,0,After; GOLD; Grounded; Persistent,cards/0369-city-of-gold-203562.okf.md
370,651144,Clarity,clarity,Action,Utility,Uncommon,Core,Blue,0,1,0,0,0,0,0,0,0,Gain INT; Scholar,cards/0370-clarity-651144.okf.md
371,51635,Claw (Companion),claw-companion,Action,Melee,Common,Synthesis,Orange,0,0,0,0,1,0,0,0,0,Add; Advantage; companionlevel+2; Critical Hit,cards/0371-claw-companion-51635.okf.md
372,258913,Cleansing Presence,cleansing-presence,Enchantment,Utility,Legendary,None,Gold,0,0,0,0,0,0,0,0,0,Burning; HEALTH,cards/0372-cleansing-presence-258913.okf.md
373,75232,Cleansing Waters,cleansing-waters,Action,Utility,Uncommon,Catalyst,Aqua,0,0,0,0,0,1,0,0,0,Clone; Create; Persistent; Regenerate; Tidal,cards/0373-cleansing-waters-75232.okf.md
374,370132,Cleansing Waters,cleansing-waters,Action,Utility,Uncommon,Catalyst,Aqua,0,0,0,0,0,1,0,0,0,Affliction; Cleanse; Persistent,cards/0374-cleansing-waters-370132.okf.md
375,885921,Clear Visions,clear-visions,Enchantment,Utility,Legendary,None,Aqua,0,0,0,0,0,3,0,0,0,Foretell,cards/0375-clear-visions-885921.okf.md
376,992651,Cleave,cleave,Action,Utility,Uncommon,Core,Orange,0,0,0,0,0,0,1,0,0,Basic Attack; Conjure; Flanking; Make,cards/0376-cleave-992651.okf.md
377,872858,Cleave in Twain,cleave-in-twain,Action,Melee,Legendary,Core Extended,Red,0,0,4,0,0,0,0,0,0,Grounded; Health; HEALTH; Set,cards/0377-cleave-in-twain-872858.okf.md
378,625313,Cleavers,cleavers,Basic Attack,Melee,Common,Metaprogress,Brown,0,0,0,0,1,0,0,0,0,Attack; Bleeding; Frenzy,cards/0378-cleavers-625313.okf.md
379,380887,Cleaving Carve,cleaving-carve,Action,Melee,Rare,Synthesis,Red,0,0,2,0,0,0,0,0,0,Adaptation; adaptations; Attack,cards/0379-cleaving-carve-380887.okf.md
380,933450,Clever Maneuver,clever-maneuver,Action,Utility,Uncommon,Synthesis,Orange,0,0,0,0,0,0,0,0,0,Advantage; Ambush; Gain Evasion,cards/0380-clever-maneuver-933450.okf.md
381,265070,Cling to Sanity,cling-to-sanity,Action,Utility,Uncommon,Metamorphosis,Blue,0,1,0,0,0,0,0,0,0,Affliction; Cleanse; Corruption; HEALTH; Remove,cards/0381-cling-to-sanity-265070.okf.md
382,339517,Cloak and Dagger,cloak-and-dagger,Action,Utility,Common,Core,Green,1,0,0,0,0,0,0,0,0,Conjure; Daggers; Evasion; Persistent; Turn,cards/0382-cloak-and-dagger-339517.okf.md
383,138741,Cloak of Night,cloak-of-night,Action,Utility,Common,Catalyst,Orange,0,0,0,0,0,0,0,0,2,Darkness; Double; Ferocity,cards/0383-cloak-of-night-138741.okf.md
384,45713,Cloak of Sand,cloak-of-sand,Action,Utility,Common,Eclypse,Aqua,0,0,0,0,0,0,0,0,0,Ambush; Gain Swiftness; Momentum; Reset,cards/0384-cloak-of-sand-45713.okf.md
385,986009,Clobber,clobber,Action,Melee,Common,Core Extended,Red,0,0,2,0,0,0,0,0,0,Anger; Interrupt Rampage; On Hit; Your Fury,cards/0385-clobber-986009.okf.md
386,577332,Cloudkill,cloudkill,Action,Magic,Rare,Core Extended,Green,2,0,0,0,0,0,0,0,0,Poison; Trigger,cards/0386-cloudkill-577332.okf.md
387,113704,Cluster Grenade,cluster-grenade,Action,Ranged,Uncommon,Infinitum,Red,0,0,0,0,2,0,0,0,0,Charges; Deep Wound; Deplete; Inflict,cards/0387-cluster-grenade-113704.okf.md
388,702052,Code of Chivalry,code-of-chivalry,Code,Divine,Legendary,Catalyst,Gold,0,0,0,3,0,0,0,0,0,Blessings; Code; Double; Grounded; Turn,cards/0388-code-of-chivalry-702052.okf.md
389,519620,Code of Craft,code-of-craft,Code,Utility,Rare,Synthesis,Red,0,0,3,0,0,0,0,0,0,Adapt; Adaptation; Code; Grounded; totalAdaptationSlots,cards/0389-code-of-craft-519620.okf.md
390,775992,Code of Egality,code-of-egality,Code,Divine,Legendary,Eclypse,Aqua,0,0,0,0,0,3,0,0,0,All; Code; Grounded,cards/0390-code-of-egality-775992.okf.md
391,173335,Code of Hope,code-of-hope,Code,Divine,Legendary,Catalyst,Gold,0,0,0,3,0,0,0,0,0,Barrier; Code; Grounded; HEALTH,cards/0391-code-of-hope-173335.okf.md
392,362876,Code of Loyalty,code-of-loyalty,Code,Divine,Rare,Catalyst,Gold,0,0,0,3,0,0,0,0,0,Ascend; Code; Divine; Grounded,cards/0392-code-of-loyalty-362876.okf.md
393,775993,Code of Mind,code-of-mind,Code,Divine,Legendary,Eclypse,Aqua,0,0,0,0,0,3,0,0,0,All; Clarity; Code; Conjure; Grounded; Memorized; Turn,cards/0393-code-of-mind-775993.okf.md
394,35676,Code of Piety,code-of-piety,Code,Divine,Legendary,Core Extended,Gold,0,0,0,3,0,0,0,0,0,Blessings; Code; Grounded; One; Viola Skysworn,cards/0394-code-of-piety-35676.okf.md
395,376703,Code of Poverty,code-of-poverty,Code,Divine,Common,Catalyst,Gold,0,0,0,3,0,0,0,0,0,Code; Gain HOLY; Grounded; Turn,cards/0395-code-of-poverty-376703.okf.md
396,543581,Code of Steel,code-of-steel,Code,Divine,Common,Eclypse,Gold,0,0,0,3,0,0,0,0,0,Battle Spear; Code; Create; Grounded; Scars; Turn,cards/0396-code-of-steel-543581.okf.md
397,707474,Coiled Strike,coiled-strike,Action,Melee,Uncommon,Synthesis,Red,0,0,1,0,0,0,0,0,0,Adapt; Persistent; Turn,cards/0397-coiled-strike-707474.okf.md
398,908,Coinflip,coinflip,Action,Utility,Common,Catalyst,Green,0,0,0,0,0,0,0,0,0,Charges; Heads; Randomly; Tails,cards/0398-coinflip-908.okf.md
399,287107,Colonel,colonel,Enchantment,Utility,Legendary,None,Purple,0,0,0,0,0,0,0,0,0,,cards/0399-colonel-287107.okf.md
400,903546,Combust,combust,Action,Magic,Rare,Core,Blue,0,1,0,0,0,0,0,0,0,Burning; Firecast; Inflict,cards/0400-combust-903546.okf.md
401,169845,Come get me!,come-get-me,Action,Utility,Common,Infinitum,Green,1,0,0,0,0,0,0,0,0,Add; Ambush; Evasion; Snares,cards/0401-come-get-me-169845.okf.md
402,924024,Command,command,Action,Utility,Common,Synthesis,Orange,0,0,0,0,0,0,1,0,0,,cards/0402-command-924024.okf.md
403,716148,Compel,compel,Action,Utility,Uncommon,Synthesis,Blue,0,2,0,0,0,0,0,0,0,Choose One; Companion; Convert; Dazed; Dominated,cards/0403-compel-716148.okf.md
404,7161481,Compel 1,compel-1,Action,Utility,Uncommon,None,Blue,0,1,0,0,0,0,0,0,0,Convert; Dazed; Dominated,cards/0404-compel-1-7161481.okf.md
405,7161482,Compel 2,compel-2,Action,Utility,Uncommon,None,Blue,0,1,0,0,0,0,0,0,0,,cards/0405-compel-2-7161482.okf.md
406,72725,Concordance,concordance,Action,Utility,Rare,Catalyst,Purple,0,1,1,1,0,0,0,0,0,Banner; Grounded; One Use; Select,cards/0406-concordance-72725.okf.md
407,683102,Concussive Bomb,concussive-bomb,Action,Ranged,Legendary,None,Brown,0,0,0,0,3,0,0,0,0,Charge; Inflict Stunned; Persistent; Ready; Speed,cards/0407-concussive-bomb-683102.okf.md
408,525716,Conduit,conduit,Action,Magic,Common,Core,Blue,0,0,0,0,0,0,0,0,0,actionsPlayed; Chain; Charges; Flow,cards/0408-conduit-525716.okf.md
409,103322,Confession,confession,Action,Divine,Common,Catalyst,Green,1,0,0,0,0,0,0,0,0,Corruptions; Gain HOLY,cards/0409-confession-103322.okf.md
410,732973,Conjure Arrow,conjure-arrow,Action,Utility,Common,Core,Aqua,0,0,0,0,0,0,0,0,0,Arrow; Conjure,cards/0410-conjure-arrow-732973.okf.md
411,512721,Conjurers Boon,conjurers-boon,Enchantment,Utility,Legendary,None,Blue,0,3,0,0,0,0,0,0,0,Conjuration; HEALTH,cards/0411-conjurers-boon-512721.okf.md
412,34360,Conquer,conquer,Action,Utility,Rare,Catalyst,Purple,0,0,0,0,0,0,0,1,0,Banner; Memorized; Play; Rally,cards/0412-conquer-34360.okf.md
413,593899,Conquest,conquest,Enchantment,Utility,Rare,Eclypse,Green,2,0,0,0,0,0,0,0,0,Critical Hit; GOLD,cards/0413-conquest-593899.okf.md
414,356836,Consecration,consecration,Enchantment,Divine,Rare,Core,Gold,0,0,0,1,0,0,0,0,0,Basic Attacks; Burning,cards/0414-consecration-356836.okf.md
415,672953,Consume Ashes,consume-ashes,Action,Utility,Common,Infinitum,Orange,0,0,0,0,0,0,0,0,1,Anger; Gain Regenerate; Move,cards/0415-consume-ashes-672953.okf.md
416,946224,Contained Anima,contained-anima,Artifact,Utility,Legendary,Core,Black,0,0,0,0,1,0,0,0,0,Corruption; corruptionCards; Grounded; Improves; Maximum Health; One Use,cards/0416-contained-anima-946224.okf.md
417,757895,Contaminate,contaminate,Action,Utility,Rare,Metaprogress,Green,2,0,0,0,0,0,0,0,0,damageBonus+2; Potency; Upgradeable,cards/0417-contaminate-757895.okf.md
418,163339,Contract of Mercy,contract-of-mercy,Enchantment,Utility,Legendary,None,Orange,0,0,0,0,0,0,0,0,0,Afflictions; Execute; Souls,cards/0418-contract-of-mercy-163339.okf.md
419,784765,Conviction,conviction,Action,Divine,Common,Infinitum,Gold,0,0,0,0,0,0,0,0,0,Bury; Gain HOLY; Zeal,cards/0419-conviction-784765.okf.md
420,255748,Cooking,cooking,Enchantment,Utility,Uncommon,None,Red,0,0,0,0,0,0,0,0,0,Garnish,cards/0420-cooking-255748.okf.md
421,108922,Coordinated Strike,coordinated-strike,Action,Melee,Common,Synthesis,Orange,0,0,0,0,0,0,1,0,0,Advantage; Command; Flanking; Grant,cards/0421-coordinated-strike-108922.okf.md
422,782498,Coronation,coronation,Action,Utility,Legendary,Catalyst,Purple,0,0,0,0,0,0,0,0,0,GOLD; Inflict Charm; INT DEX; myGold; One Use; STR HOLY,cards/0422-coronation-782498.okf.md
423,948538,Corrosive Spirits,corrosive-spirits,Action,Utility,Common,Eclypse,Orange,0,0,0,0,0,0,1,0,0,Ancestral; Inflict; Poison; Repeat; Souls,cards/0423-corrosive-spirits-948538.okf.md
424,643673,Corrupt Magic,corrupt-magic,Action,Corruption,Common,Infinitum,Purple,0,0,0,0,0,0,0,1,1,Affliction; Blessing; Convert,cards/0424-corrupt-magic-643673.okf.md
425,877236,Cosmic Guidance,cosmic-guidance,Action,Utility,Common,Infinitum,Aqua,0,0,0,0,0,1,0,0,0,Choose; Lifedrain; Stardart,cards/0425-cosmic-guidance-877236.okf.md
426,190894,Cosmic Healing,cosmic-healing,Action,Utility,Common,Infinitum,Aqua,0,0,0,0,0,0,0,0,0,Lifedrain; Stardart,cards/0426-cosmic-healing-190894.okf.md
427,223049,Cosmic Insight,cosmic-insight,Action,Utility,Common,Infinitum,Aqua,0,0,0,0,0,0,0,0,0,Shuffle,cards/0427-cosmic-insight-223049.okf.md
428,968729,Cosmic Revelation,cosmic-revelation,Action,Utility,Legendary,Infinitum,Aqua,0,0,0,0,0,3,0,0,0,Focus; Foretold; permaValue+3; Revelation; tempValue,cards/0428-cosmic-revelation-968729.okf.md
429,398107,Counterfeit,counterfeit,Action,Utility,Rare,Catalyst,Green,1,0,0,0,0,0,0,0,0,Coin; Conjure; Corrupted; HOLY; myEnergyHOLY; sinister; Sinister; Upgrade,cards/0429-counterfeit-398107.okf.md
430,814525,Counterspell,counterspell,Action,Magic,Rare,Core,Blue,0,2,0,0,0,0,0,0,0,Charges; Inflict; Jinxed,cards/0430-counterspell-814525.okf.md
431,369826,Court Fungus,court-fungus,Action,Corruption,Common,None,Black,0,0,0,0,0,0,0,0,0,Court Fungus; On Draw; Take,cards/0431-court-fungus-369826.okf.md
432,581939,Court Fungus,court-fungus,Enchantment,Utility,Common,None,Black,0,0,0,0,0,0,0,0,0,Court Fungus; enchantmentStacks+1,cards/0432-court-fungus-581939.okf.md
433,423271,Court of Combat,court-of-combat,Enchantment,Utility,Rare,Metaprogress,Red,0,0,2,0,0,0,0,0,0,Blessing; Interrupt; STR,cards/0433-court-of-combat-423271.okf.md
434,220607,Courtly Manners,courtly-manners,Action,Utility,Common,Catalyst,Purple,0,0,0,0,0,0,0,1,0,Perform; typesOfEnergy,cards/0434-courtly-manners-220607.okf.md
435,269060,Coven of Chaos,coven-of-chaos,Action,Utility,Uncommon,Eclypse,Blue,0,1,0,0,0,0,0,0,0,Affliction; Cursed; Increases; Inflict; s; tempValue+1,cards/0435-coven-of-chaos-269060.okf.md
436,259362,Coven's Sight,coven-s-sight,Action,Corruption,Rare,Eclypse,Blue,0,1,0,0,0,0,0,0,0,BLOOD; Convert; Corrupted; Cursed,cards/0436-coven-s-sight-259362.okf.md
437,628930,Crafty Contract,crafty-contract,Enchantment,Utility,Legendary,None,Orange,0,0,0,0,0,0,0,0,0,Basic Attacks; Execute; Upgrade,cards/0437-crafty-contract-628930.okf.md
438,734100,Cranium Blow,cranium-blow,Action,Melee,Uncommon,Core,Green,1,0,0,0,0,0,0,0,0,Finale; Inflict; Jinxed,cards/0438-cranium-blow-734100.okf.md
439,878881,Creeping Death,creeping-death,Enchantment,Utility,Rare,Eclypse,Orange,0,0,0,0,0,0,1,0,0,Performance; Potency,cards/0439-creeping-death-878881.okf.md
440,966546,Crescendo,crescendo,Action,Utility,Rare,Metamorphosis,Green,2,0,0,0,0,0,0,0,0,Charges; Perform; Performing,cards/0440-crescendo-966546.okf.md
441,4897,Crimson Contract,crimson-contract,Enchantment,Utility,Legendary,None,Orange,0,0,0,0,0,0,0,0,0,Bleeding; Execute; HEALTH,cards/0441-crimson-contract-4897.okf.md
442,245148,Crone's Recipe,crone-s-recipe,Enchantment,Utility,Common,Eclypse,Blue,0,1,0,0,0,0,0,0,0,Cursed; Memorized; Potion,cards/0442-crone-s-recipe-245148.okf.md
443,542853,Crooked Wand,crooked-wand,Basic Attack,Magic,Common,Metaprogress,Brown,0,0,0,0,1,0,0,0,0,Affliction; Inflict; Swap,cards/0443-crooked-wand-542853.okf.md
444,219377,Crossbow,crossbow,Basic Attack,Ranged,Common,Metaprogress,Brown,0,0,0,0,1,0,0,0,0,Add; Ambush OR; Finale; Snare,cards/0444-crossbow-219377.okf.md
445,325962,Crowd goes Wild,crowd-goes-wild,Enchantment,Utility,Rare,Metamorphosis,Green,1,0,0,0,0,0,0,0,0,After; Performance,cards/0445-crowd-goes-wild-325962.okf.md
446,123753,Crown of Unity,crown-of-unity,Equipment,Utility,Legendary,Catalyst,Brown,0,0,0,0,2,0,0,0,0,Activate; Durability; Surge,cards/0446-crown-of-unity-123753.okf.md
447,155044,Cruel Intent,cruel-intent,Action,Utility,Uncommon,Core,Green,1,0,0,0,0,0,0,0,0,sinister; Sinister,cards/0447-cruel-intent-155044.okf.md
448,25877,Cruelty,cruelty,Enchantment,Utility,Rare,None,Red,0,0,2,0,0,0,0,0,0,Critical Hit; Deep Wound,cards/0448-cruelty-25877.okf.md
449,428845,Crush,crush,Action,Utility,Uncommon,Metamorphosis,Green,1,0,0,0,0,0,0,0,0,Charmed; Cleanse,cards/0449-crush-428845.okf.md
450,476818,Crush (Companion),crush-companion,Action,Melee,Legendary,Synthesis,Orange,0,0,0,0,3,0,0,0,0,Advantage; companionlevel*4; Deep Wound; Inflict; Rampage,cards/0450-crush-companion-476818.okf.md
451,871873,Crushing Blow,crushing-blow,Action,Melee,Common,Core,Red,0,0,2,0,0,0,0,0,0,Frenzy; Gain STR; Rampage,cards/0451-crushing-blow-871873.okf.md
452,22795,Cryo Bomb,cryo-bomb,Action,Ranged,Legendary,None,Brown,0,0,0,0,2,0,0,0,0,Charge; Frozen; Persistent; Ready; Speed,cards/0452-cryo-bomb-22795.okf.md
453,191317,Cryolance,cryolance,Action,Magic,Common,Core,Blue,0,3,0,0,0,0,0,0,0,Frozen; INT; Reduce,cards/0453-cryolance-191317.okf.md
454,113341,Culinary Cutlery,culinary-cutlery,Action,Utility,Rare,Eclypse,Red,0,0,1,0,0,0,0,0,0,Basic Attacks; Conjure; Cooking; NEUTRAL,cards/0454-culinary-cutlery-113341.okf.md
455,839605,Cunning Contract,cunning-contract,Enchantment,Utility,Legendary,None,Orange,0,0,0,0,0,0,0,0,0,Execute; Maximum Health,cards/0455-cunning-contract-839605.okf.md
456,509972,Cunning Plan,cunning-plan,Action,Utility,Uncommon,Core,Green,0,0,0,0,0,0,0,0,0,DEX; Next; Spend,cards/0456-cunning-plan-509972.okf.md
457,509394,Cursed Cauldron,cursed-cauldron,Equipment,Utility,Uncommon,Eclypse,Blue,0,0,0,0,2,0,0,0,0,Activate; Cursed; Deplete; Durability; Hex; Inflict; Transmute,cards/0457-cursed-cauldron-509394.okf.md
458,611711,Cursed Puzzlebox,cursed-puzzlebox,Artifact,Utility,Legendary,Catalyst,Brown,0,0,0,0,4,0,0,0,0,Cursed; Puzzlebox; Swap,cards/0458-cursed-puzzlebox-611711.okf.md
459,137523,Cursed Strike,cursed-strike,Action,Utility,Common,Core Extended,Orange,0,0,0,0,0,0,1,0,0,Basic Attack; Inflict; Make; Random Affliction,cards/0459-cursed-strike-137523.okf.md
460,24427,Cut all Ties,cut-all-ties,Action,Melee,Rare,Infinitum,Green,1,0,0,0,0,0,0,0,0,Add; highestSnareUpgrade; Snare,cards/0460-cut-all-ties-24427.okf.md
461,497980,Cut and Run,cut-and-run,Action,Melee,Uncommon,None,Green,1,0,0,0,0,0,0,0,0,Execute; GOLD,cards/0461-cut-and-run-497980.okf.md
462,882189,Cutlass,cutlass,Basic Attack,Melee,Common,Metaprogress,Brown,0,0,0,0,1,0,0,0,0,Ambush; Cutlasses; Reset; Swap,cards/0462-cutlass-882189.okf.md
463,195236,Cutlass_OLD,cutlass-old,Basic Attack,Melee,Common,Metaprogress,Brown,0,0,0,0,1,0,0,0,0,(cardvalue); Your Cutlasses,cards/0463-cutlass-old-195236.okf.md
464,528897,Cutting Words,cutting-words,Action,Melee,Common,Metamorphosis,Red,0,0,1,0,0,0,0,0,0,Can; Deep Wound; Flanking; Inflict; On Hit,cards/0464-cutting-words-528897.okf.md
465,781678,Daggers,daggers,Basic Attack,Melee,Common,Core,Brown,0,0,0,0,1,0,0,0,0,Ambush; Critical Hit,cards/0465-daggers-781678.okf.md
466,27785,Daggerstorm,daggerstorm,Action,Utility,Uncommon,Metaprogress,Green,2,0,0,0,0,0,0,0,0,Basic Attack; Gain DEX,cards/0466-daggerstorm-27785.okf.md
467,268495,Damnation,damnation,Action,Magic,Rare,Core Extended,Orange,0,0,0,0,0,0,3,0,0,Execute; HEALTH; Lose; Repeat; souls; Souls,cards/0467-damnation-268495.okf.md
468,286891,Dance of Blight,dance-of-blight,Action,Utility,Common,Eclypse,Orange,0,0,0,0,0,0,0,0,1,Completing; damageBonus+1; Gain Ritualist; Heavy; Performance; Potency; Upgradeable,cards/0468-dance-of-blight-286891.okf.md
469,452202,Dance of Life,dance-of-life,Action,Utility,Rare,Eclypse,Orange,0,0,0,0,0,0,1,0,0,Completing; Gain Ritualist; Heavy; Maximum HEALTH; myMaxHealth/20; Performance; Restore,cards/0469-dance-of-life-452202.okf.md
470,372990,Dance of Spirits,dance-of-spirits,Action,Utility,Uncommon,Eclypse,Orange,0,0,0,0,0,0,0,0,1,Charges; Gain Ritualist; Heavy; Performance; Souls,cards/0470-dance-of-spirits-372990.okf.md
471,677061,Dancing Daggers,dancing-daggers,Action,Utility,Uncommon,Metamorphosis,Green,1,0,0,0,0,0,0,0,0,Basic Attack; Lasting; Performing Perform,cards/0471-dancing-daggers-677061.okf.md
472,848150,Daring Contract,daring-contract,Enchantment,Utility,Legendary,None,Orange,0,0,0,0,0,0,0,0,0,Boss; Execute; Maximum Health,cards/0472-daring-contract-848150.okf.md
473,435439,Daring Dash,daring-dash,Action,Utility,Rare,Infinitum,Green,1,0,0,0,0,0,0,0,0,Charges; Evasion; Finale; Gain DEX; Perform,cards/0473-daring-dash-435439.okf.md
474,443861,Dark Ascension I,dark-ascension-i,Form,Corruption,Common,None,None,0,0,0,0,0,0,0,0,0,Anger; Ascend; difficulty; Reach; VOID,cards/0474-dark-ascension-i-443861.okf.md
475,957938,Dark Ascension II,dark-ascension-ii,Form,Corruption,Common,None,None,0,0,0,0,0,0,0,0,0,Ascend; Lifedrain; Reach; VOID,cards/0475-dark-ascension-ii-957938.okf.md
476,530161,Dark Ascension III,dark-ascension-iii,Form,Corruption,Common,None,None,0,0,0,0,0,0,0,0,0,Dark Ascension; HEALTH; Slain,cards/0476-dark-ascension-iii-530161.okf.md
477,230637,Dark Aspiration,dark-aspiration,Action,Corruption,Common,Catalyst,Green,1,0,0,0,0,0,0,0,2,Corrupted; Increase; Sinister,cards/0477-dark-aspiration-230637.okf.md
478,868625,Dark Blessing,dark-blessing,Action,Corruption,Common,Infinitum,Purple,0,0,0,0,0,0,0,0,1,Affliction; Anger; Inflict,cards/0478-dark-blessing-868625.okf.md
479,382215,Dark End,dark-end,Action,Corruption,Rare,Eclypse,Orange,0,0,0,0,0,0,2,0,1,Effigy; Execute; Maximum HEALTH; Slay; souls; Souls,cards/0479-dark-end-382215.okf.md
480,612128,Dark Halo,dark-halo,Enchantment,Utility,Uncommon,Eclypse,Purple,0,0,0,0,0,0,0,1,1,Anger; Corrupted; HEALTH; Memorized,cards/0480-dark-halo-612128.okf.md
481,666962,Dark Harvest,dark-harvest,Action,Corruption,Rare,Eclypse,Orange,0,0,0,0,0,0,1,0,2,Effigy; Maximum HEALTH; myMaxHealth/20; Requires; Souls,cards/0481-dark-harvest-666962.okf.md
482,633848,Dark Hunt,dark-hunt,Action,Utility,Common,Catalyst,Orange,0,0,0,0,0,0,1,0,1,Critical Hit; Darkness; Ferocity; Melee Action; While,cards/0482-dark-hunt-633848.okf.md
483,458928,Dark Inquiry,dark-inquiry,Action,Corruption,Common,Metamorphosis,Blue,0,0,0,0,0,0,0,0,1,Corrupted; Foretell; foretell+3; HEALTH; Scholar,cards/0483-dark-inquiry-458928.okf.md
484,978149,Dark Mirror Vial,dark-mirror-vial,Item,Utility,Legendary,Eclypse,Brown,0,0,0,0,1,0,0,0,0,Create; Cursed; Defiled; One Use,cards/0484-dark-mirror-vial-978149.okf.md
485,589052,Dark Omen,dark-omen,Action,Utility,Legendary,Catalyst,Aqua,0,0,0,0,0,1,0,0,0,Doom; Gain Darkness; Inflict,cards/0485-dark-omen-589052.okf.md
486,812054,Dark Power,dark-power,Action,Utility,Common,Metamorphosis,Blue,0,1,0,0,0,0,0,0,0,Add; Gain INT; INT; Malignance,cards/0486-dark-power-812054.okf.md
487,177094,Dark Renewal,dark-renewal,Action,Corruption,Uncommon,Eclypse,Purple,0,0,0,0,0,0,0,1,0,Charges; Defiled; Destroy,cards/0487-dark-renewal-177094.okf.md
488,470031,Dark Revenance,dark-revenance,Artifact,Utility,Legendary,Catalyst,Orange,0,0,0,0,0,0,0,0,3,Darkness; Health; Undead,cards/0488-dark-revenance-470031.okf.md
489,719499,Dark Spire,dark-spire,Basic Attack,Magic,Common,Metaprogress,Brown,0,0,0,0,1,0,0,0,0,actionsPlayed; Add; Corruption; corruptionsInHand; Flow; Malignance; Repeat,cards/0489-dark-spire-719499.okf.md
490,41020025,Dark Starfall,dark-starfall,Enchantment,Corruption,Rare,Core Extended,Aqua,0,0,0,0,0,2,0,0,0,Conjure; Doom; Stardart; Stardarts; Turn,cards/0490-dark-starfall-41020025.okf.md
491,242026,Dark Urge,dark-urge,Action,Corruption,Common,Eclypse,Purple,0,0,0,0,0,0,0,2,0,Anger; Defiled; VOID,cards/0491-dark-urge-242026.okf.md
492,511353,Dark Whispers,dark-whispers,Action,Utility,Uncommon,Metamorphosis,Blue,0,0,0,0,0,0,0,0,1,Add; Corrupted; Forbidden; Fruit; Gain INT,cards/0492-dark-whispers-511353.okf.md
493,2725,Darksteel Ammo,darksteel-ammo,Action,Utility,Uncommon,Infinitum,Red,0,0,0,0,1,0,0,0,0,Armor; my(status)Armor; Ranged Actions,cards/0493-darksteel-ammo-2725.okf.md
494,731473,Dash,dash,Action,Utility,Common,Core,Green,1,0,0,0,0,0,0,0,0,Ambush; DEX; Evasion; Gain DEX,cards/0494-dash-731473.okf.md
495,619533,Deadeye Rounds,deadeye-rounds,Action,Utility,Legendary,Catalyst,Orange,0,0,0,0,0,0,1,0,0,Ranged Actions; Reload; Turn,cards/0495-deadeye-rounds-619533.okf.md
496,323518,Deadly Dance,deadly-dance,Enchantment,Utility,Rare,Eclypse,Aqua,0,0,0,0,0,1,0,0,0,Evade; Focus; my(status)Focus,cards/0496-deadly-dance-323518.okf.md
497,510383,Deadly Effigy,deadly-effigy,Summon,Corruption,Legendary,None,None,0,0,0,0,0,0,0,0,0,Blessings; Enchantments; Slain,cards/0497-deadly-effigy-510383.okf.md
498,897150,Death Snap,death-snap,Action,Utility,Uncommon,Synthesis,Orange,0,0,0,0,0,0,1,0,0,Advantage; Bleeding; Marked; Your Companion,cards/0498-death-snap-897150.okf.md
499,116721,Deathblow,deathblow,Action,Melee,Rare,Core Extended,Red,0,0,3,0,0,0,0,0,0,Free; HEALTH; On Draw,cards/0499-deathblow-116721.okf.md
500,813712,Deathwish,deathwish,Action,Utility,Uncommon,Eclypse,Red,0,0,1,0,0,0,0,0,0,Critical Hits; Take,cards/0500-deathwish-813712.okf.md
501,140835,Decommission,decommission,Action,Melee,Rare,Synthesis,Purple,0,0,0,0,0,0,0,2,0,allDurability; allDurability+6; Durability; Equipment; Execute,cards/0501-decommission-140835.okf.md
502,951681,Dedication,dedication,Action,Divine,Rare,Metaprogress,Purple,0,0,0,0,0,0,0,1,0,Ascend; Bury; Charges; Deplete; HOLY,cards/0502-dedication-951681.okf.md
503,814539,Deep Faith,deep-faith,Action,Divine,Uncommon,Metamorphosis,Purple,0,0,0,0,0,0,0,1,0,Add; Blessings; Firecast; HOLY,cards/0503-deep-faith-814539.okf.md
504,278123,Deep Prayer,deep-prayer,Enchantment,Utility,Rare,Synthesis,Gold,0,0,0,1,0,0,0,0,0,Burning; Charmed; HOLY Unique,cards/0504-deep-prayer-278123.okf.md
505,47624,Deep Study,deep-study,Action,Utility,Rare,Eclypse,Aqua,0,0,0,0,0,2,0,0,0,Memorized; Repeat,cards/0505-deep-study-47624.okf.md
506,570856,Deep Wound,deep-wound,Enchantment,Corruption,Rare,None,Red,0,0,0,0,0,0,0,0,0,Bleeding; Deep Wound; Deep Wounds; enchantmentStacks,cards/0506-deep-wound-570856.okf.md
507,768160,Defensive Strike,defensive-strike,Action,Melee,Uncommon,Core,Red,0,0,1,0,1,0,0,0,0,Gain Armor,cards/0507-defensive-strike-768160.okf.md
508,582595,Deflect,deflect,Action,Utility,Common,Synthesis,Green,0,0,0,0,0,0,0,0,0,Charges; Resilience,cards/0508-deflect-582595.okf.md
509,239126,Defy Death,defy-death,Action,Utility,Legendary,Infinitum,Red,0,0,1,0,0,0,0,0,0,Armor; HEALTH; One Use,cards/0509-defy-death-239126.okf.md
510,566704,Deific Larceny,deific-larceny,Action,Utility,Rare,Catalyst,Green,1,0,0,0,0,0,0,0,0,Conjure; HOLY,cards/0510-deific-larceny-566704.okf.md
511,190526,Deification,deification,Action,Divine,Legendary,Metamorphosis,Purple,0,0,0,0,0,0,0,1,0,Ascend; Bury; Charges; HOLY,cards/0511-deification-190526.okf.md
512,793614,Delay,delay,Action,Utility,Uncommon,Infinitum,Blue,0,1,0,0,0,0,0,0,0,Inflict; Jinxed,cards/0512-delay-793614.okf.md
513,207505,Demolition,demolition,Action,Utility,Uncommon,Infinitum,Red,0,0,1,0,0,0,0,0,0,Bomb; Charges; Delve,cards/0513-demolition-207505.okf.md
514,683451,Demon Claws,demon-claws,Basic Attack,Melee,Legendary,Metaprogress,Black,0,0,0,0,0,0,0,0,1,Add; Lifedrain; On Hit; Terror,cards/0514-demon-claws-683451.okf.md
515,128185,Demon's Tail,demon-s-tail,Ingredient,Corruption,Common,Eclypse,Red,0,0,0,0,0,0,0,0,1,Critical Hit; Fury; Garnish; One Use; Shuffle,cards/0515-demon-s-tail-128185.okf.md
516,730065,Demonform I,demonform-i,Form,Corruption,Legendary,Eclypse,Purple,0,0,0,0,0,0,0,0,0,Actions; BLOOD; Convert; defiled; VOID,cards/0516-demonform-i-730065.okf.md
517,44365,Demonform II,demonform-ii,Form,Corruption,Legendary,Eclypse,Purple,0,0,0,0,0,0,0,0,0,HEALTH; myCurrentHealth,cards/0517-demonform-ii-44365.okf.md
518,790658,Demonform III,demonform-iii,Form,Corruption,Legendary,Eclypse,Purple,0,0,0,0,0,0,0,0,0,Conjure; Control; End; Fight; Lifedrain; LOSE YOUR; SOUL; Turn,cards/0518-demonform-iii-790658.okf.md
519,513859,Demonology,demonology,Action,Utility,Rare,Metamorphosis,Blue,0,1,0,0,0,0,0,0,0,BLOOD; Convert; Corrupted,cards/0519-demonology-513859.okf.md
520,307633,Dervish,dervish,Action,Utility,Common,Eclypse,Aqua,0,0,0,0,0,2,0,0,0,Basic Attack; Make; Momentum; my(status)Momentum; Repeat,cards/0520-dervish-307633.okf.md
521,81167,Desert Rush,desert-rush,Action,Utility,Common,Eclypse,Aqua,0,0,0,0,0,1,0,0,0,Agile; Foretell; foretell+3; Foretold; Free; Momentum,cards/0521-desert-rush-81167.okf.md
522,374538,Desert Veil,desert-veil,Action,Utility,Legendary,Eclypse,Aqua,0,0,0,0,0,1,0,0,0,Swiftness,cards/0522-desert-veil-374538.okf.md
523,950932,Determination,determination,Enchantment,Utility,Uncommon,Core Extended,Red,0,0,2,0,0,0,0,0,0,Also; Anger; Frenzy; Melee; STR,cards/0523-determination-950932.okf.md
524,891840,Devoted Strike,devoted-strike,Action,Melee,Common,Core,Gold,0,0,0,0,1,0,0,0,0,Gain HOLY; HOLY; On Hit,cards/0524-devoted-strike-891840.okf.md
525,498950,Devour Vitality,devour-vitality,Action,Melee,Rare,Core Extended,Orange,0,0,0,0,0,0,2,0,1,Execute; Maximum HEALTH; otherMaxHealth,cards/0525-devour-vitality-498950.okf.md
526,566832,Diamond Potion,diamond-potion,Item,Utility,Uncommon,Core,Brown,0,0,0,0,0,0,0,0,0,Impervious; One Use,cards/0526-diamond-potion-566832.okf.md
527,172429,Diligence,diligence,Action,Divine,Rare,Core,Gold,0,0,0,0,0,0,0,0,0,Gain HOLY,cards/0527-diligence-172429.okf.md
528,610550,Direction,direction,Action,Divine,Common,Synthesis,Gold,0,0,0,0,1,0,0,0,0,Gain HOLY; Your Companion,cards/0528-direction-610550.okf.md
529,229359,Disguise Self,disguise-self,Action,Utility,Rare,Core Extended,Blue,0,2,0,0,0,0,0,0,0,Channel; Monster Card; Pacified,cards/0529-disguise-self-229359.okf.md
530,523265,Dispel Magic,dispel-magic,Action,Magic,Uncommon,Core,Blue,0,1,0,0,0,0,0,0,0,Blessings; Dispel,cards/0530-dispel-magic-523265.okf.md
531,486087,Distraction,distraction,Action,Utility,Common,Metaprogress,Green,1,0,0,0,0,0,0,0,0,Add; Ambush; Corruption; enemyCorruptions; Glimmer; HEALTH,cards/0531-distraction-486087.okf.md
532,558429,Dividing Strike,dividing-strike,Action,Melee,Uncommon,Metamorphosis,Red,0,0,1,0,0,0,0,0,0,Charges; Deep Wound; EVEN; HEALTH; On Hit,cards/0532-dividing-strike-558429.okf.md
533,415368,Divine Arsenal,divine-arsenal,Action,Utility,Common,Metamorphosis,Red,0,0,0,0,1,0,0,0,0,Add; Battlespear; Memorized,cards/0533-divine-arsenal-415368.okf.md
534,808019,Divine Bulwark,divine-bulwark,Action,Divine,Rare,Catalyst,Gold,0,0,0,1,0,0,0,0,0,Barrier; Zeal,cards/0534-divine-bulwark-808019.okf.md
535,395987,Divine Focus,divine-focus,Item,Divine,Legendary,Infinitum,Purple,0,0,0,0,1,0,0,0,0,Gain HOLY; Holy Cards; While,cards/0535-divine-focus-395987.okf.md
536,682251,Divine Gilt,divine-gilt,Enchantment,Divine,Rare,Catalyst,Green,1,0,0,0,0,0,0,0,0,HOLY; Lucky Coin,cards/0536-divine-gilt-682251.okf.md
537,652247,Divine Inspiration,divine-inspiration,Action,Utility,Common,Metamorphosis,Purple,0,0,0,0,0,0,0,1,0,Delve; Divine,cards/0537-divine-inspiration-652247.okf.md
538,547110,Divine Lashings,divine-lashings,Action,Divine,Uncommon,Infinitum,Gold,0,0,0,2,0,0,0,0,0,my(status)Zeal; Take; Zeal,cards/0538-divine-lashings-547110.okf.md
539,820079,Divine Power,divine-power,Action,Divine,Legendary,Eclypse,Gold,0,0,0,1,0,0,0,0,0,Charges; Gain Anger; Gain Oathbound; HOLY; Rally; Scars; scars,cards/0539-divine-power-820079.okf.md
540,99996,Diving Strike,diving-strike,Action,Melee,Rare,Eclypse,Aqua,0,0,0,0,0,1,0,0,0,Conjure; On Hit; Scorpion Strike,cards/0540-diving-strike-99996.okf.md
541,256297,Divinity,divinity,Action,Utility,Legendary,None,Monster,0,0,0,0,1,0,0,0,0,HEALTH; Interrupt; Maximum Health,cards/0541-divinity-256297.okf.md
542,2562970,Divinity,divinity,Action,Utility,Legendary,None,Monster,0,0,0,0,1,0,0,0,0,HEALTH; Interrupt; Maximum Health,cards/0542-divinity-2562970.okf.md
543,649341,Donation,donation,Action,Utility,Uncommon,Catalyst,Green,1,0,0,0,0,0,0,0,0,Conjure; Gain HOLY; Lucky Coin; s; Synergy; tempValue+1,cards/0543-donation-649341.okf.md
544,591347,Doomsay,doomsay,Action,Utility,Legendary,Infinitum,Aqua,0,0,0,0,0,1,0,0,0,Add; Foretold; tempValue; Terror,cards/0544-doomsay-591347.okf.md
545,846149,Double Barreled,double-barreled,Enchantment,Utility,Rare,Infinitum,Red,0,0,1,0,0,0,0,0,0,Ammo,cards/0545-double-barreled-846149.okf.md
546,938383,Double Nock,double-nock,Enchantment,Utility,Legendary,Catalyst,Green,4,0,0,0,0,0,0,0,0,Arrows; Coins; DEX; Echo; Ranged Action; Reduce,cards/0546-double-nock-938383.okf.md
547,874975,Double Tap,double-tap,Action,Ranged,Common,Eclypse,Green,2,0,0,0,0,0,0,0,0,Ambush; Gain Ferocity,cards/0547-double-tap-874975.okf.md
548,115745,Double Up,double-up,Action,Utility,Rare,Synthesis,Aqua,0,0,0,0,0,1,0,0,0,,cards/0548-double-up-115745.okf.md
549,816828,Dragon Breath,dragon-breath,Action,Magic,Uncommon,Metamorphosis,Aqua,0,0,0,0,0,2,0,0,0,Barrier; Inflict Burning; Persistent; tempValue+1,cards/0549-dragon-breath-816828.okf.md
550,27912,Dragon Claws,dragon-claws,Basic Attack,Melee,Common,Metaprogress,Brown,0,0,0,0,1,0,0,0,0,,cards/0550-dragon-claws-27912.okf.md
551,310527,Dragon Kick,dragon-kick,Action,Melee,Common,Metamorphosis,Aqua,0,0,0,0,0,1,0,0,0,Inflict; Persistent; Shocked; tempValue,cards/0551-dragon-kick-310527.okf.md
552,199989,Dragon Mind,dragon-mind,Action,Utility,Uncommon,Metamorphosis,Aqua,0,0,0,0,0,1,0,0,0,Focus; Persistent; tempValue; Turn,cards/0552-dragon-mind-199989.okf.md
553,281673,Dragon Punch,dragon-punch,Action,Melee,Common,Metamorphosis,Aqua,0,0,0,0,0,1,0,0,0,Focus; Increase; Persistent; tempValue; Turn,cards/0553-dragon-punch-281673.okf.md
554,581109,Dragon Scales,dragon-scales,Action,Utility,Uncommon,Core Extended,Aqua,0,0,0,0,0,1,0,0,0,Armor; Increase; Persistent; Reflect; tempValue+3; Turn,cards/0554-dragon-scales-581109.okf.md
555,609986,Dragon Wraps,dragon-wraps,Basic Attack,Melee,Common,Metaprogress,Brown,0,0,0,0,1,0,0,0,0,Add; Persistent; tempValue; Turn,cards/0555-dragon-wraps-609986.okf.md
556,180367,Dragonslayer,dragonslayer,Action,Melee,Rare,Catalyst,Red,0,0,2,0,0,0,0,0,0,Maximum HEALTH,cards/0556-dragonslayer-180367.okf.md
557,192792,Drain (Companion),drain-companion,Action,Magic,Legendary,Synthesis,Orange,0,0,0,0,3,0,0,0,0,Advantage; companionlevel+3; Lifedrain,cards/0557-drain-companion-192792.okf.md
558,21768,Drain Health,drain-health,Action,Magic,Common,Metamorphosis,Blue,0,1,0,0,0,0,0,0,0,Can; Corrupted; Lifedrain,cards/0558-drain-health-21768.okf.md
559,652534,Drain Soul,drain-soul,Action,Corruption,Rare,Eclypse,Blue,0,2,0,0,0,0,0,0,0,Affliction; Deals; Defiled; Lifedrain; otherAfflictions,cards/0559-drain-soul-652534.okf.md
560,920590,Drain Strength,drain-strength,Action,Magic,Common,Eclypse,Blue,0,1,0,0,0,0,0,0,0,Anger; Inflict; Weakness,cards/0560-drain-strength-920590.okf.md
561,835873,Draining,draining,Adaptation,Utility,Common,None,Aqua,0,0,0,0,0,0,0,0,0,Echoing Lifedrain,cards/0561-draining-835873.okf.md
562,41020040,Drake Familiar,drake-familiar,Equipment,Utility,Common,Core Extended,Blue,0,1,0,0,0,0,0,0,0,Activate; Attune; Deplete; Drake; Durability; Summon,cards/0562-drake-familiar-41020040.okf.md
563,415692,Drakkan,drakkan,Basic Attack,Melee,Legendary,Infinitum,Brown,0,0,0,0,2,0,0,0,0,Execute; Hex; Inflict; On Hit; Upgrade,cards/0563-drakkan-415692.okf.md
564,471295,Draw,draw,Action,Utility,Common,None,Blue,0,0,0,0,0,0,0,0,0,,cards/0564-draw-471295.okf.md
565,72449,Draw Blood,draw-blood,Action,Utility,Common,Synthesis,Orange,0,0,0,0,0,0,1,0,0,Bleeding; damageBonus+2; Flanking; Inflict; Upgradeable,cards/0565-draw-blood-72449.okf.md
566,725677,Draw Yantra,draw-yantra,Action,Utility,Rare,Synthesis,Aqua,0,0,0,0,0,1,0,0,0,Conjure; Delve; Mantra; Scholar,cards/0566-draw-yantra-725677.okf.md
567,145333,Dressed to Kill,dressed-to-kill,Enchantment,Utility,Rare,Metamorphosis,Green,2,0,0,0,0,0,0,0,0,Charmed; Poison,cards/0567-dressed-to-kill-145333.okf.md
568,32291,Drinking Shanty,drinking-shanty,Conjuration,Utility,Common,None,Green,0,0,0,0,0,0,0,0,0,Conjure; Perform; Potion,cards/0568-drinking-shanty-32291.okf.md
569,175984,Drowning,drowning,Enchantment,Utility,Uncommon,None,Blue,0,0,0,0,3,0,0,0,0,Drowning; Frozen,cards/0569-drowning-175984.okf.md
570,193023,Duel Mastery,duel-mastery,Enchantment,Utility,Rare,Metamorphosis,Red,0,0,2,0,0,0,0,0,0,Basic Attacks; Deep Wound,cards/0570-duel-mastery-193023.okf.md
571,639599,Duelist Contract,duelist-contract,Enchantment,Utility,Legendary,None,Orange,0,0,0,0,0,0,0,0,0,Execute; Upgrade,cards/0571-duelist-contract-639599.okf.md
572,540541,Dull Axe,dull-axe,Artifact,Melee,Common,Infinitum,Orange,0,0,0,0,0,0,2,0,0,Decapitator; Heavy; Majatome; permaValue; Rebound; Transform,cards/0572-dull-axe-540541.okf.md
573,251443,Dull Hammer,dull-hammer,Artifact,Melee,Common,Infinitum,Orange,0,0,0,0,0,0,1,0,0,Heavy; permaValue; Rebound; Thundering Might; Trancor; Transform,cards/0573-dull-hammer-251443.okf.md
574,411728,Duskblades,duskblades,Basic Attack,Melee,Common,Metaprogress,Black,0,0,0,0,0,0,0,0,1,Critical Hit; Darkness; Has,cards/0574-duskblades-411728.okf.md
575,782813,Earth Shuffle,earth-shuffle,Action,Utility,Rare,Catalyst,Red,0,0,1,0,0,0,0,0,0,Shuffle; Staggered,cards/0575-earth-shuffle-782813.okf.md
576,746584,Earthen Shield,earthen-shield,Action,Utility,Uncommon,Metaprogress,Red,0,0,2,0,0,0,0,0,0,Gain Resilience; Shuffle,cards/0576-earthen-shield-746584.okf.md
577,744130,Earthshock,earthshock,Action,Melee,Rare,Catalyst,Red,0,0,1,0,0,0,0,0,0,HEALTH; Inflict Stunned; Stagger,cards/0577-earthshock-744130.okf.md
578,560980,Ebb,ebb,Action,Utility,Rare,None,Aqua,0,0,0,0,0,0,0,0,0,Change; Ebb,cards/0578-ebb-560980.okf.md
579,217323,Echo Chamber,echo-chamber,Action,Utility,Legendary,Synthesis,Aqua,0,0,0,0,0,2,0,0,0,Create; Enchantment,cards/0579-echo-chamber-217323.okf.md
580,80396,Echoing Strike,echoing-strike,Action,Melee,Rare,Core,Red,0,0,1,0,0,0,0,0,0,lastDamage,cards/0580-echoing-strike-80396.okf.md
581,244657,Effigy,effigy,Enchantment,Corruption,Common,None,Orange,0,0,0,0,0,0,0,0,0,Any; Create; Maximum HEALTH; Pin; Turn,cards/0581-effigy-244657.okf.md
582,394752,Effortless Magic,effortless-magic,Action,Utility,Legendary,Infinitum,Blue,0,3,0,0,0,0,0,0,0,Cards,cards/0582-effortless-magic-394752.okf.md
583,498589,Eldermind Pendant,eldermind-pendant,Artifact,Utility,Legendary,Metamorphosis,Aqua,0,0,0,0,0,3,0,0,0,Dragon; Turn,cards/0583-eldermind-pendant-498589.okf.md
584,176872,Eldritch Binding,eldritch-binding,Action,Utility,Uncommon,Eclypse,Blue,0,1,0,0,0,0,0,0,1,Bane; Charges; Cursed; Inflict; Inflict Jinxed,cards/0584-eldritch-binding-176872.okf.md
585,11494,Eldritch Flame,eldritch-flame,Action,Magic,Common,Metamorphosis,Blue,0,3,0,0,0,0,0,0,0,Add; corruptionCards; Corruptions; Forbidden Fruit,cards/0585-eldritch-flame-11494.okf.md
586,609559,Eldritch Ritual,eldritch-ritual,Enchantment,Utility,Common,None,Purple,0,0,0,0,0,0,0,0,0,(areaSpecial)Eldritch Ritual; Araxx; Eldritch Ritual; Increases; Insanity; Xhev,cards/0586-eldritch-ritual-609559.okf.md
587,874090,Eldritch Ritual Listener,eldritch-ritual-listener,Enchantment,Utility,Common,None,Brown,0,0,0,0,0,0,0,0,0,(areaSpecial)Eldritch Ritual; Araxx; Eldritch Ritual; Increases; Insanity; Xhev,cards/0587-eldritch-ritual-listener-874090.okf.md
588,958893,Electroflare,electroflare,Action,Magic,Common,Core,Blue,0,1,0,0,0,0,0,0,0,Burning; Chain; Inflict,cards/0588-electroflare-958893.okf.md
589,78548,Electrosurge,electrosurge,Enchantment,Utility,Rare,Core,Blue,0,1,0,0,0,0,0,0,0,Chain,cards/0589-electrosurge-78548.okf.md
590,496482,Elegance,elegance,Enchantment,Utility,Legendary,Infinitum,Green,2,0,0,0,0,0,0,0,0,Evasion; Impervious; Performing,cards/0590-elegance-496482.okf.md
591,171560,Elemental Focus,elemental-focus,Enchantment,Utility,Rare,Catalyst,Blue,0,2,0,0,0,0,0,0,0,Attunement; Element; Magic Action,cards/0591-elemental-focus-171560.okf.md
592,979419,Elemental Power,elemental-power,Enchantment,Utility,Legendary,Catalyst,Blue,0,3,0,0,0,0,0,0,0,Attunement,cards/0592-elemental-power-979419.okf.md
593,73787,Elite Fireball,elite-fireball,Action,Magic,Legendary,Core,Blue,0,1,0,0,0,0,0,0,0,Inflict Burning; Lifedrain,cards/0593-elite-fireball-73787.okf.md
594,597870,Elite Frostbolt,elite-frostbolt,Action,Magic,Legendary,Core,Blue,0,1,0,0,0,0,0,0,0,Inflict Frozen; Lifedrain,cards/0594-elite-frostbolt-597870.okf.md
595,712602,Elite Lightning Bolt,elite-lightning-bolt,Action,Magic,Legendary,Core,Blue,0,1,0,0,0,0,0,0,0,Chain; Lifedrain,cards/0595-elite-lightning-bolt-712602.okf.md
596,224339,Elite Prayer,elite-prayer,Action,Divine,Legendary,None,Gold,0,0,0,0,1,0,0,0,0,Bury; Gain HOLY; HOLY,cards/0596-elite-prayer-224339.okf.md
597,655659,Elite Weaponry,elite-weaponry,Action,Utility,Legendary,Core,Red,0,0,1,0,0,0,0,0,0,Delve; Elite; One Use,cards/0597-elite-weaponry-655659.okf.md
598,169140,Emerald Prism,emerald-prism,Enchantment,Utility,Legendary,None,Green,1,0,0,0,0,0,0,0,0,Cards; DEX; enchantmentStacks; Ferocity,cards/0598-emerald-prism-169140.okf.md
599,239117,Encore!,encore,Action,Utility,Rare,None,Gold,0,0,0,0,0,0,0,0,0,GOLD; One Use; Perform,cards/0599-encore-239117.okf.md
600,273410,Energize,energize,Action,Utility,Legendary,Metamorphosis,Blue,0,1,0,0,0,0,0,0,0,Chain; INT; my(status)Chain; Take,cards/0600-energize-273410.okf.md
601,928259,Energy Infusion,energy-infusion,Enchantment,Utility,Rare,Core Extended,Green,2,0,0,0,0,0,0,0,0,allEnergy; Melee Actions,cards/0601-energy-infusion-928259.okf.md
602,764366,Energyshield,energyshield,Enchantment,Utility,Rare,Core Extended,Blue,0,3,0,0,0,0,0,0,0,Barrier,cards/0602-energyshield-764366.okf.md
603,113197,Enfeeble,enfeeble,Action,Corruption,Common,Eclypse,Orange,0,0,0,0,0,0,1,0,0,Inflict; Maximum HEALTH; otherMaxHealth/10; Weakness,cards/0603-enfeeble-113197.okf.md
604,680624,Enigma,enigma,Enchantment,Utility,Legendary,Catalyst,Aqua,0,0,0,0,0,2,0,0,0,ANY,cards/0604-enigma-680624.okf.md
605,294972,Enlighten,enlighten,Action,Utility,Rare,Eclypse,Aqua,0,0,0,0,0,1,0,0,0,Focus; my(status)Focus; Reduce; Repeat,cards/0605-enlighten-294972.okf.md
606,894829,Enrage,enrage,Action,Utility,Common,None,Red,0,0,0,0,0,0,0,0,1,Add; Anger; Fury,cards/0606-enrage-894829.okf.md
607,215128,Entrapment,entrapment,Action,Utility,Uncommon,Infinitum,Green,1,0,0,0,0,0,0,0,0,Add; Persistent; Snares; Synergy; tempValue,cards/0607-entrapment-215128.okf.md
608,830363,Envy,envy,Action,Corruption,Common,Core,Black,0,0,0,0,0,0,0,0,0,Anger; Unplayable,cards/0608-envy-830363.okf.md
609,697075,Essence of Life,essence-of-life,Action,Utility,Common,Core Extended,Orange,0,0,0,0,0,0,0,0,1,HEALTH; Heavy; One Use,cards/0609-essence-of-life-697075.okf.md
610,636716,Essence of Pain,essence-of-pain,Action,Utility,Common,Core Extended,Red,0,0,0,0,0,0,0,0,1,Anger; HEALTH; Heavy; One Use,cards/0610-essence-of-pain-636716.okf.md
611,984543,Essence of Vigor,essence-of-vigor,Action,Utility,Common,Core Extended,Green,0,0,0,0,0,0,0,0,1,DEX DEX; Gain DEX; HEALTH; Heavy; One Use,cards/0611-essence-of-vigor-984543.okf.md
612,638380,Essential Oils,essential-oils,Action,Utility,Legendary,Core Extended,Orange,0,0,0,0,0,0,1,0,0,Channel; Create; Potion; Potions,cards/0612-essential-oils-638380.okf.md
613,146438,Eternity,eternity,Revelation,Utility,Legendary,Core Extended,Aqua,0,0,0,0,0,0,0,0,0,Take,cards/0613-eternity-146438.okf.md
614,642617,Euphoria,euphoria,Enchantment,Utility,Legendary,None,Aqua,0,0,0,0,0,0,0,0,0,Health; Turn,cards/0614-euphoria-642617.okf.md
615,875201,Evangelize,evangelize,Action,Utility,Common,Infinitum,Purple,0,0,0,0,0,0,0,0,0,Blessing; Firecast; Gain Zeal,cards/0615-evangelize-875201.okf.md
616,993717,Evil Eye,evil-eye,Action,Utility,Uncommon,Infinitum,Purple,0,0,0,0,0,0,0,2,1,Charges; Delve; Hex,cards/0616-evil-eye-993717.okf.md
617,599454,Evocation,evocation,Action,Utility,Rare,Catalyst,Blue,0,1,0,0,0,0,0,0,0,Attune; Conjure; Fire; Frost; Lightning,cards/0617-evocation-599454.okf.md
618,481744,Exalt,exalt,Action,Divine,Uncommon,Metamorphosis,Gold,0,0,0,4,0,0,0,0,0,Ascend; Firecast; Grounded,cards/0618-exalt-481744.okf.md
619,57872,Execute,execute,Action,Melee,Rare,Core Extended,Red,0,0,3,0,0,0,0,0,0,Slay,cards/0619-execute-57872.okf.md
620,365940,Exorcise,exorcise,Action,Divine,Common,Infinitum,Gold,0,0,0,1,0,0,0,0,0,Critical Hit; Demons; Lifedrain; Undead,cards/0620-exorcise-365940.okf.md
621,884098,Exorcism,exorcism,Enchantment,Divine,Rare,Infinitum,Gold,0,0,0,2,0,0,0,0,0,Critical Hits; Demons; Undead,cards/0621-exorcism-884098.okf.md
622,978382,Expel Corruption,expel-corruption,Action,Utility,Uncommon,Eclypse,Purple,0,0,0,0,0,0,0,1,0,Affliction; Cleanse; Gain STR; VOID; VOIDVOIDVOIDVOID,cards/0622-expel-corruption-978382.okf.md
623,909192,Exploration,exploration,Enchantment,Utility,Uncommon,Eclypse,Aqua,0,0,0,0,0,1,0,0,0,Ambush; Evasion; Foretell,cards/0623-exploration-909192.okf.md
624,41020036,Explorer's Trick,explorer-s-trick,Action,Utility,Legendary,Core Extended,Aqua,0,0,0,0,0,1,0,0,0,Add; Discard Pile; Rewards; Scholar; Treasure; Untempered Artifact,cards/0624-explorer-s-trick-41020036.okf.md
625,713924,Expulsion,expulsion,Action,Divine,Uncommon,Infinitum,Gold,0,0,0,1,0,0,0,0,0,Frenzy; Lifedrain; my(status)Zeal; Piercing; Zeal,cards/0625-expulsion-713924.okf.md
626,448875,Exterminate,exterminate,Action,Ranged,Common,Metaprogress,Orange,0,0,0,0,0,0,1,0,0,Flanking,cards/0626-exterminate-448875.okf.md
627,694848,Extricate,extricate,Action,Melee,Common,Infinitum,Orange,0,0,0,0,0,0,1,0,0,Add; Essence; On Hit,cards/0627-extricate-694848.okf.md
628,261998,Fade to black,fade-to-black,Action,Corruption,Legendary,Metaprogress,Orange,0,0,0,0,0,0,3,0,0,Blessings; Convert ALL; Darkness,cards/0628-fade-to-black-261998.okf.md
629,256757,Fae Familiar,fae-familiar,Equipment,Utility,Rare,Eclypse,Blue,0,0,0,0,1,0,0,0,0,Activate; Durability; Gains; Prank; Wand,cards/0629-fae-familiar-256757.okf.md
630,248522,Faerystorm,faerystorm,Action,Utility,Legendary,Eclypse,Blue,0,2,0,0,0,0,0,0,0,Add; Cursed; Increases; Persistent; Prank; s; tempValue+1,cards/0630-faerystorm-248522.okf.md
631,606138,Faewand,faewand,Basic Attack,Magic,Rare,Eclypse,Brown,0,0,0,0,1,0,0,0,0,Add; Chaotic; Cursed; On Hit; Pranks,cards/0631-faewand-606138.okf.md
632,68653,Faith Healing,faith-healing,Action,Divine,Common,Metamorphosis,Purple,0,0,0,0,0,0,0,1,0,Firecast; HEALTH; HOLY,cards/0632-faith-healing-68653.okf.md
633,459332,False Profit,false-profit,Action,Utility,Uncommon,Catalyst,Green,1,0,0,0,0,0,0,0,0,Conjure; HOLY; Lucky Coin,cards/0633-false-profit-459332.okf.md
634,843948,Fan the Flames,fan-the-flames,Action,Magic,Uncommon,Core,Blue,0,1,0,0,0,0,0,0,0,Burning; Bury; Double,cards/0634-fan-the-flames-843948.okf.md
635,795927,Fanaticism,fanaticism,Action,Utility,Rare,Infinitum,Gold,0,0,0,1,0,0,0,0,0,Firecast; Rally; Zeal,cards/0635-fanaticism-795927.okf.md
636,945690,Fast Forward,fast-forward,Action,Magic,Common,Infinitum,Blue,0,1,0,0,0,0,0,0,0,Haste; Scholar; Slow,cards/0636-fast-forward-945690.okf.md
637,778954,Fatigue,fatigue,Enchantment,Utility,Uncommon,None,Black,0,0,0,0,0,0,0,0,0,fatigue,cards/0637-fatigue-778954.okf.md
638,109886,Favor of the Gods,favor-of-the-gods,Action,Divine,Common,Core,Purple,0,0,0,0,0,0,0,0,0,Blessing; HOLY,cards/0638-favor-of-the-gods-109886.okf.md
639,552264,Feast,feast,Action,Melee,Uncommon,Core,Orange,0,0,0,0,0,0,1,0,0,Execute; HEALTH,cards/0639-feast-552264.okf.md
640,206225,Feast on Misery,feast-on-misery,Action,Utility,Rare,Infinitum,Purple,0,0,0,0,0,0,0,1,0,Add; Afflictions; Corrupted; Forbidden Fruit; hexes; Hexes; otherAfflictions,cards/0640-feast-on-misery-206225.okf.md
641,574370,Featherform,featherform,Action,Utility,Rare,Metamorphosis,Aqua,0,0,0,0,0,1,0,0,0,Focus; Form; Raven; Shift,cards/0641-featherform-574370.okf.md
642,58776,Fellblast,fellblast,Action,Corruption,Common,Eclypse,Blue,0,1,0,0,0,0,0,0,1,Corrupted; Cursed; Lifedrain,cards/0642-fellblast-58776.okf.md
643,316996,Fellstorm,fellstorm,Action,Corruption,Legendary,Eclypse,Blue,0,0,0,0,0,0,0,0,4,Channel; Corruption; damageBonus+1; Lifedrain,cards/0643-fellstorm-316996.okf.md
644,654870,Feral Mark,feral-mark,Action,Utility,Rare,Synthesis,Orange,0,0,0,0,0,0,1,0,0,Companion; Critical Hits; Mark,cards/0644-feral-mark-654870.okf.md
645,791645,Feral Strikes,feral-strikes,Action,Utility,Common,Core,Orange,0,0,0,0,0,0,1,0,0,Basic Attack; Frenzy; Gain Anger; Make,cards/0645-feral-strikes-791645.okf.md
646,825820,Feral Weapon,feral-weapon,Enchantment,Utility,Legendary,None,Orange,0,0,0,0,0,0,0,0,0,enchantmentStacks; Regenerate,cards/0646-feral-weapon-825820.okf.md
647,877928,Fertility,fertility,Revelation,Utility,Legendary,Core Extended,Aqua,0,0,0,0,0,0,0,0,0,Consumes; Focus; Heal; HEALTH; Health,cards/0647-fertility-877928.okf.md
648,937718,Fervent Spirit,fervent-spirit,Action,Utility,Common,Synthesis,Purple,0,0,0,0,0,0,0,1,0,allEnergy; Also; Bolster; Burning; Frenzy; Spend,cards/0648-fervent-spirit-937718.okf.md
649,705917,Fervent Strikes,fervent-strikes,Action,Divine,Common,Infinitum,Gold,0,0,0,1,0,0,0,0,0,Attacks; Demons; Firecast; Undead; Zeal,cards/0649-fervent-strikes-705917.okf.md
650,778704,Festering Wounds,festering-wounds,Enchantment,Utility,Uncommon,Core,Orange,0,0,0,0,0,0,1,0,0,Bleeding; Poison,cards/0650-festering-wounds-778704.okf.md
651,920348,Fetch Weapon,fetch-weapon,Action,Utility,Legendary,Metamorphosis,Red,0,0,1,0,0,0,0,0,0,Basic Attack,cards/0651-fetch-weapon-920348.okf.md
652,947010,Field Repairs,field-repairs,Action,Utility,Uncommon,Synthesis,Purple,0,0,0,0,0,0,0,1,0,Armor; Charges; Durability; Equipment; Frenzy; Restore,cards/0652-field-repairs-947010.okf.md
653,892409,Field Surgery,field-surgery,Action,Utility,Uncommon,Core,Red,0,0,1,0,0,0,0,0,0,Charges; Regenerate; Take,cards/0653-field-surgery-892409.okf.md
654,4166614,Fierce Guardian (Companion),fierce-guardian-companion,Enchantment,Utility,Rare,None,Orange,0,0,0,0,0,0,2,0,0,Armor; companionlevel; Turn,cards/0654-fierce-guardian-companion-4166614.okf.md
655,442621,Fiery Barrage,fiery-barrage,Action,Utility,Uncommon,Metaprogress,Blue,0,1,0,0,0,0,0,0,0,Fireballs; Persistent; Shuffle,cards/0655-fiery-barrage-442621.okf.md
656,492244,Fiery Incantation,fiery-incantation,Action,Magic,Uncommon,Core,Blue,0,0,0,0,0,0,0,0,0,Bury; Cleanse; Frozen; Gain INT; INT,cards/0656-fiery-incantation-492244.okf.md
657,773574,Fiery Rapture,fiery-rapture,Action,Divine,Common,Catalyst,Gold,0,0,0,1,0,0,0,0,0,Burning; HEALTH; Maximum; Zeal,cards/0657-fiery-rapture-773574.okf.md
658,351283,Fight Dirty,fight-dirty,Action,Utility,Uncommon,Core,Green,1,0,0,0,0,0,0,0,0,Delve; Melee Action; Sinister,cards/0658-fight-dirty-351283.okf.md
659,263254,Fight for Control,fight-for-control,Action,Utility,Legendary,Eclypse,Purple,0,0,0,0,0,0,0,0,4,Defiled Energy; Demon Form; Destroy,cards/0659-fight-for-control-263254.okf.md
660,450037,Fire Attunement,fire-attunement,Attunement,Utility,Common,Catalyst,Blue,0,0,0,0,0,0,0,0,0,After; Attune; Element; Fire; INT,cards/0660-fire-attunement-450037.okf.md
661,518799,Fire Nova,fire-nova,Action,Magic,Common,Eclypse,Blue,0,1,0,0,0,0,0,0,0,Burning; Firecast; Inflict; Nova; novacards; Repeat,cards/0661-fire-nova-518799.okf.md
662,631808,Fire Shield,fire-shield,Action,Magic,Common,Catalyst,Blue,0,1,0,0,0,0,0,0,0,Attune; Barrier; Burning,cards/0662-fire-shield-631808.okf.md
663,614322,Fireball,fireball,Action,Magic,Common,Core,Blue,0,2,0,0,0,0,0,0,0,Firecast; Inflict Burning,cards/0663-fireball-614322.okf.md
664,711593,Firebinders,firebinders,Basic Attack,Magic,Common,None,Brown,0,0,0,0,1,0,0,0,0,Burning; Inflict; Swap,cards/0664-firebinders-711593.okf.md
665,26662,Fireside Blessings,fireside-blessings,Equipment,Divine,Rare,Core Extended,Brown,0,0,0,1,0,0,0,0,0,Activate; Durability; Firecast; Otherwise,cards/0665-fireside-blessings-26662.okf.md
666,701906,First Aid Kit,first-aid-kit,Item,Utility,Common,Core,Brown,0,0,0,0,1,0,0,0,0,Bandages; Charges; Conjure,cards/0666-first-aid-kit-701906.okf.md
667,729866,First Rites,first-rites,Action,Utility,Uncommon,Infinitum,Orange,0,0,0,0,0,0,0,0,1,Gain Armor; Memorized; Move,cards/0667-first-rites-729866.okf.md
668,945141,Flameclaw,flameclaw,Equipment,Utility,Common,Synthesis,Brown,0,0,0,0,1,0,0,0,0,Activate; Armor; Burning; Combust; Durability,cards/0668-flameclaw-945141.okf.md
669,302968,Flash Ammo,flash-ammo,Action,Utility,Rare,Infinitum,Red,0,0,0,0,1,0,0,0,0,Hit; Ranged Actions; Shocked,cards/0669-flash-ammo-302968.okf.md
670,408421,Flashfreeze,flashfreeze,Action,Magic,Uncommon,Core,Blue,0,0,0,0,0,0,0,0,0,Chain; Frozen; Inflict,cards/0670-flashfreeze-408421.okf.md
671,676784,Flashheal,flashheal,Action,Divine,Common,Core,Gold,0,0,0,1,0,0,0,0,0,HEALTH,cards/0671-flashheal-676784.okf.md
672,208392,Flashing Fists,flashing-fists,Enchantment,Utility,Common,Eclypse,Aqua,0,0,0,0,0,1,0,0,0,Basic Attacks; Evade; Increases,cards/0672-flashing-fists-208392.okf.md
673,53061,Flat-Tipped Ammo,flat-tipped-ammo,Action,Utility,Uncommon,Infinitum,Red,0,0,0,0,1,0,0,0,0,Ranged; Stagger,cards/0673-flat-tipped-ammo-53061.okf.md
674,442622,Fleeting Thoughts,fleeting-thoughts,Action,Utility,Uncommon,Core Extended,Blue,0,1,0,0,0,0,0,0,0,Bury; Conjure; INT,cards/0674-fleeting-thoughts-442622.okf.md
675,79860,Flintlock,flintlock,Basic Attack,Ranged,Common,Metaprogress,Brown,0,0,0,0,1,0,0,0,0,Ambush; Critical Hit; Flintlocks; Swap,cards/0675-flintlock-79860.okf.md
676,41818,Flourishing Bow,flourishing-bow,Action,Utility,Common,Metamorphosis,Green,1,0,0,0,0,0,0,0,0,Charmed; Evasion; Finale; Inflict; Perform,cards/0676-flourishing-bow-41818.okf.md
677,255741,Flow,flow,Action,Utility,Rare,None,Aqua,0,0,0,0,0,0,0,0,0,Change; Flow,cards/0677-flow-255741.okf.md
678,750242,Fluid,fluid,Adaptation,Utility,Common,None,Purple,0,0,0,0,0,0,0,0,0,On Hit,cards/0678-fluid-750242.okf.md
679,840920,Flurry,flurry,Enchantment,Utility,Uncommon,Metamorphosis,Orange,0,0,0,0,0,0,2,0,0,Basic Attack,cards/0679-flurry-840920.okf.md
680,11767,Flurry of Blows,flurry-of-blows,Enchantment,Utility,Rare,Core,Aqua,1,1,0,0,0,0,0,0,0,Quick Jab; Sudden Strike,cards/0680-flurry-of-blows-11767.okf.md
681,208423,Flurry of Steel,flurry-of-steel,Action,Utility,Rare,Metamorphosis,Red,0,0,1,0,0,0,0,0,0,Basic Attack; Cascade; Conjure; Frenzy; Unscathed,cards/0681-flurry-of-steel-208423.okf.md
682,909591,Flying Carpet,flying-carpet,Equipment,Magic,Legendary,Core Extended,Brown,0,0,0,0,3,0,0,0,0,Activate; Carpet; Deplete; Durability; Gain Evasion; Return Flying,cards/0682-flying-carpet-909591.okf.md
683,495926,Follow Through,follow-through,Action,Melee,Rare,Metamorphosis,Red,0,0,1,0,0,0,0,0,0,actionsPlayed; Deep Wound; Flow; Hits; otherWounds; STR,cards/0683-follow-through-495926.okf.md
684,203563,Font of Youth,font-of-youth,Location,Utility,Legendary,Eclypse,Green,1,0,0,0,2,0,0,0,0,After; Grounded; HEALTH; Persistent,cards/0684-font-of-youth-203563.okf.md
685,1568925,Foodfight,foodfight,Action,Utility,Legendary,Eclypse,Red,0,0,1,0,0,0,0,0,0,Ingredient,cards/0685-foodfight-1568925.okf.md
686,345501,Forbidden Fruit,forbidden-fruit,Action,Corruption,Common,Metamorphosis,Black,0,0,0,0,0,0,0,0,0,HEALTH; One Use,cards/0686-forbidden-fruit-345501.okf.md
687,698065,Forbidden Magic,forbidden-magic,Artifact,Utility,Legendary,Metamorphosis,Blue,0,1,0,0,0,0,0,0,2,Conjure; Corrupted; Elite; Fireball; Frostbolt; Lightning Bolt,cards/0687-forbidden-magic-698065.okf.md
688,344721,Force Expulsion,force-expulsion,Action,Magic,Rare,Metamorphosis,Purple,0,0,0,0,0,0,0,1,0,Barrier; Shocked,cards/0688-force-expulsion-344721.okf.md
689,38557,Forceshield,forceshield,Action,Utility,Common,Synthesis,Blue,0,2,0,0,0,0,0,0,0,cardsInHand; Gain Barrier,cards/0689-forceshield-38557.okf.md
690,290084,Forcewand,forcewand,Basic Attack,Magic,Common,Core,Brown,0,0,0,0,1,0,0,0,0,Chain,cards/0690-forcewand-290084.okf.md
691,169436,Forecast,forecast,Action,Utility,Uncommon,Infinitum,Blue,0,1,0,0,0,0,0,0,0,Magic Action,cards/0691-forecast-169436.okf.md
692,183090,Foresight,foresight,Action,Utility,Uncommon,Core,Aqua,0,0,0,0,0,0,0,0,0,Foretell; foretell+3,cards/0692-foresight-183090.okf.md
693,728575,Forge of Wrath,forge-of-wrath,Equipment,Utility,Rare,Eclypse,Gold,0,0,0,0,2,0,0,0,0,Activate; Battlespear; Durability; HOLY,cards/0693-forge-of-wrath-728575.okf.md
694,55018,Forged in Blood,forged-in-blood,Action,Divine,Legendary,Eclypse,Red,0,0,1,0,0,0,0,0,0,Battlespear; Create; damageTakenLastTurn; Untempered; Upgrade,cards/0694-forged-in-blood-55018.okf.md
695,638211,Forged in Fire,forged-in-fire,Action,Divine,Legendary,Eclypse,Gold,0,0,0,1,0,0,0,0,0,Battlespear; Create; healingTurn; HEALTH; Untempered; Upgrade,cards/0695-forged-in-fire-638211.okf.md
696,990544,Forgehammer,forgehammer,Basic Attack,Melee,Common,Metaprogress,Brown,0,0,0,0,2,0,0,0,0,Forgehammer; Upgrade,cards/0696-forgehammer-990544.okf.md
697,39945,Forgiving Grace,forgiving-grace,Action,Divine,Uncommon,Synthesis,Gold,0,0,0,1,0,0,0,0,0,Bolster; Charmed; HEALTH; Lasting,cards/0697-forgiving-grace-39945.okf.md
698,41020031,Forgotten Mask,forgotten-mask,Equipment,Utility,Uncommon,Core Extended,Aqua,0,0,0,0,1,0,0,0,0,Activate; Chimera; Durability; permaValue; Shift; Visage,cards/0698-forgotten-mask-41020031.okf.md
699,863279,Form of the Bear,form-of-the-bear,Form,Utility,Legendary,None,Aqua,0,0,0,0,0,0,0,0,0,Armor; Channel; HEALTH; Turn,cards/0699-form-of-the-bear-863279.okf.md
700,371560,Form of the Cat,form-of-the-cat,Form,Utility,Legendary,None,Aqua,0,0,0,0,0,0,0,0,0,Channel; Haste; Lay; Play; Turn; Wait,cards/0700-form-of-the-cat-371560.okf.md
701,720126,Form of the Dragon,form-of-the-dragon,Form,Utility,Legendary,None,Aqua,0,0,0,0,0,0,0,0,0,Channel; Cleanse; Gain INT; Turn,cards/0701-form-of-the-dragon-720126.okf.md
702,41020034,Form of the Elm,form-of-the-elm,Form,Utility,Legendary,None,Aqua,0,0,0,0,0,1,0,0,0,Channel; Reflect; Turn,cards/0702-form-of-the-elm-41020034.okf.md
703,41020043,Form of the Maple,form-of-the-maple,Form,Utility,Legendary,None,Aqua,0,0,0,0,0,1,0,0,0,Channel; Lose; Poison; Potency; Turn,cards/0703-form-of-the-maple-41020043.okf.md
704,41020042,Form of the Oak,form-of-the-oak,Form,Utility,Legendary,None,Aqua,0,0,0,0,0,1,0,0,0,Channel; Decay; Lose; Resilience; Turn,cards/0704-form-of-the-oak-41020042.okf.md
705,963103,Form of the Raven,form-of-the-raven,Form,Utility,Legendary,None,Aqua,0,0,0,0,0,0,0,0,0,Channel; Focus; Turn,cards/0705-form-of-the-raven-963103.okf.md
706,41020041,Form of the Willow,form-of-the-willow,Form,Utility,Legendary,None,Aqua,0,0,0,0,0,1,0,0,0,Barrier; Channel; Doom; Lose; Turn,cards/0706-form-of-the-willow-41020041.okf.md
707,720140,Fortified,fortified,Enchantment,Utility,Legendary,None,Brown,0,0,0,0,0,0,0,0,0,Your Armor,cards/0707-fortified-720140.okf.md
708,497425,Fracture,fracture,Action,Utility,Rare,None,Brown,0,0,0,0,1,0,0,0,0,Armor,cards/0708-fracture-497425.okf.md
709,573195,Frenzied,frenzied,Adaptation,Utility,Common,None,Green,0,0,0,0,0,0,0,0,0,Fury; On Hit; Shuffle,cards/0709-frenzied-573195.okf.md
710,213546,Frenzied Stance,frenzied-stance,Form,Utility,Common,Catalyst,Red,0,0,0,0,0,0,0,0,0,Critical Hit; Dominated; Immune,cards/0710-frenzied-stance-213546.okf.md
711,856131,From the Void,from-the-void,Action,Corruption,Legendary,Eclypse,Blue,0,1,0,0,0,0,0,0,2,Charges; Corruptions; Return,cards/0711-from-the-void-856131.okf.md
712,683872,Frost Arrow,frost-arrow,Action,Ranged,Common,Core,Blue,0,0,0,0,0,0,0,0,0,Frozen; Inflict,cards/0712-frost-arrow-683872.okf.md
713,65042,Frost Attunement,frost-attunement,Attunement,Utility,Common,Catalyst,Blue,0,0,0,0,0,0,0,0,0,Barrier; Element; Frost,cards/0713-frost-attunement-65042.okf.md
714,690358,Frost Nova,frost-nova,Action,Magic,Common,Eclypse,Blue,0,1,0,0,0,0,0,0,0,Frozen; Inflict; Nova; novacards; Repeat,cards/0714-frost-nova-690358.okf.md
715,724651,Frost Shield,frost-shield,Action,Magic,Common,Catalyst,Blue,0,1,0,0,0,0,0,0,0,Attune; Barrier; Frozen,cards/0715-frost-shield-724651.okf.md
716,955380,Frostbinders,frostbinders,Basic Attack,Magic,Common,None,Brown,0,0,0,0,1,0,0,0,0,Frozen; Inflict; Swap,cards/0716-frostbinders-955380.okf.md
717,930835,Frostblock,frostblock,Action,Utility,Uncommon,Metaprogress,Blue,0,1,0,0,0,0,0,0,0,Charges; Negate,cards/0717-frostblock-930835.okf.md
718,662801,Frostbolt,frostbolt,Action,Magic,Common,Core,Blue,0,1,0,0,0,0,0,0,0,Inflict Frozen,cards/0718-frostbolt-662801.okf.md
719,50327,Frostlance,frostlance,Action,Magic,Common,Core,Blue,0,0,0,0,0,0,0,0,0,Frozen,cards/0719-frostlance-50327.okf.md
720,350498,Funhouse,funhouse,Action,Utility,Rare,Catalyst,Aqua,0,0,0,0,0,1,0,0,0,Clone; Clones; Summon; Terror,cards/0720-funhouse-350498.okf.md
721,786855,Fur Hide,fur-hide,Action,Utility,Common,Metamorphosis,Aqua,0,0,0,0,0,2,0,0,0,Anger; Armor; Bear; Form; Shift,cards/0721-fur-hide-786855.okf.md
722,828675,Furious Recovery,furious-recovery,Action,Utility,Uncommon,Core,Red,0,0,1,0,0,0,0,0,0,damageBonus; Fury; Rally; Upgradeable,cards/0722-furious-recovery-828675.okf.md
723,530817,Fury,fury,Conjuration,Utility,Common,None,Red,0,0,0,0,0,0,0,0,0,(cardvalue); Anger; Take,cards/0723-fury-530817.okf.md
724,563312,Fusion,fusion,Action,Utility,Uncommon,Catalyst,Blue,0,1,0,0,0,0,0,0,0,Attune; Attunement; enchantmentStacks; Magic Actions,cards/0724-fusion-563312.okf.md
725,957571,Garbarrage,garbarrage,Action,Ranged,Uncommon,Synthesis,Green,1,0,0,0,0,0,0,0,0,Scrap Pile; scrapcards; Untempered,cards/0725-garbarrage-957571.okf.md
726,255397,Garrote,garrote,Action,Melee,Common,Core,Green,1,0,0,0,0,0,0,0,0,Inflict Bleeding; sinister; Sinister,cards/0726-garrote-255397.okf.md
727,588412,Gather Thoughts,gather-thoughts,Action,Utility,Rare,Infinitum,Aqua,0,0,0,0,0,3,0,0,0,Foretold; Reduce,cards/0727-gather-thoughts-588412.okf.md
728,598266,Gathering Storm,gathering-storm,Action,Magic,Common,Core Extended,Blue,0,1,0,0,0,0,0,0,0,Echo; Persistent; tempValue,cards/0728-gathering-storm-598266.okf.md
729,914473,Gaze into the Beyond,gaze-into-the-beyond,Action,Utility,Common,Infinitum,Aqua,0,0,0,0,0,0,0,0,0,Focus; Foretell,cards/0729-gaze-into-the-beyond-914473.okf.md
730,293928,Ghost Wound,ghost-wound,Action,Melee,Uncommon,Core Extended,Orange,0,0,0,0,0,0,1,0,0,HEALTH; Piercing; Reaping,cards/0730-ghost-wound-293928.okf.md
731,217158,Ghostcleave,ghostcleave,Action,Melee,Common,Infinitum,Orange,0,0,0,0,0,0,1,0,0,Critical Hit; Lifedrain; permaValue; Rebound,cards/0731-ghostcleave-217158.okf.md
732,714950,Gift of Nature,gift-of-nature,Item,Utility,Legendary,Core Extended,Brown,0,0,0,0,1,0,0,0,0,Heal; HEALTH; Monster Cards; One Use; While,cards/0732-gift-of-nature-714950.okf.md
733,514421,Gift of the Sea,gift-of-the-sea,Action,Utility,Rare,Catalyst,Aqua,0,0,0,0,0,2,0,0,0,Delve; Equipment; Persistent,cards/0733-gift-of-the-sea-514421.okf.md
734,520096,Gift of the Sea,gift-of-the-sea,Action,Utility,Rare,Catalyst,Aqua,0,0,0,0,0,0,0,0,0,Persistent,cards/0734-gift-of-the-sea-520096.okf.md
735,469538,Gilded Blade,gilded-blade,Basic Attack,Melee,Common,Metaprogress,Brown,0,0,0,0,1,0,0,0,0,Ambush; Gain HOLY; Lucky Coin; On Hit,cards/0735-gilded-blade-469538.okf.md
736,902643,Gilded Gauntlets,gilded-gauntlets,Equipment,Utility,Rare,Catalyst,Brown,0,0,0,0,1,0,0,0,0,Activate; Blessing; Durability,cards/0736-gilded-gauntlets-902643.okf.md
737,691083,Gilded Grace,gilded-grace,Enchantment,Utility,Legendary,Catalyst,Green,1,0,0,1,0,0,0,0,0,Impervious; Lucky Coins,cards/0737-gilded-grace-691083.okf.md
738,959626,Gilded Ring,gilded-ring,Item,Divine,Legendary,Synthesis,Gold,0,0,0,1,0,0,0,0,0,Charmed; damageBonus+5; GOLD; Inflict; myGold; Repeat; Upgradeable,cards/0738-gilded-ring-959626.okf.md
739,848189,Gilded Staff,gilded-staff,Basic Attack,Divine,Common,Metaprogress,Brown,0,0,0,0,2,0,0,0,0,HOLY; Trigger; Turn,cards/0739-gilded-staff-848189.okf.md
740,74685,Glaive,glaive,Basic Attack,Melee,Common,Metaprogress,Brown,0,0,0,0,1,0,0,0,0,Flanking; Your Companion,cards/0740-glaive-74685.okf.md
741,184290,Glaivestrike,glaivestrike,Action,Melee,Common,Metaprogress,Purple,0,0,0,0,0,0,0,1,0,Basic Attack; Conjure; Corrupted; Hexglaive; Make; On Hit,cards/0741-glaivestrike-184290.okf.md
742,187784,Gleeful Torment,gleeful-torment,Action,Utility,Uncommon,Metaprogress,Green,1,0,0,0,0,0,0,0,0,Add; sinister; Sinister; Snare; Snares; Upgrade,cards/0742-gleeful-torment-187784.okf.md
743,562530,Glimmer,glimmer,Action,Corruption,Common,Metamorphosis,Black,0,0,0,0,1,0,0,0,0,Charmed; One Use,cards/0743-glimmer-562530.okf.md
744,505304,Glimpse of Evil,glimpse-of-evil,Action,Corruption,Common,Eclypse,Blue,0,1,0,0,0,0,0,0,0,Add; Bane; Corrupted; Inflict; Terror,cards/0744-glimpse-of-evil-505304.okf.md
745,604258,Gluttony,gluttony,Action,Corruption,Common,Core,Black,0,0,0,0,0,0,0,0,0,Poison; Unplayable,cards/0745-gluttony-604258.okf.md
746,326889,Golden Idol,golden-idol,Artifact,Divine,Rare,Core,Black,0,0,0,0,1,0,0,0,0,Dazzled; Delirious; Inflict; On Draw,cards/0746-golden-idol-326889.okf.md
747,521725,Golden Prism,golden-prism,Enchantment,Utility,Legendary,None,Gold,0,0,0,1,0,0,0,0,0,Cards; enchantmentStacks; HEALTH; HOLY,cards/0747-golden-prism-521725.okf.md
748,310793,Goldrush,goldrush,Action,Utility,Rare,Eclypse,Green,1,0,0,0,0,0,0,0,0,GOLD; Persistent,cards/0748-goldrush-310793.okf.md
749,915935,Goldrush (Tides),goldrush-tides,Enchantment,Utility,Rare,Eclypse,Green,1,0,0,0,0,0,0,0,0,Ferocity; GOLD; Persistent,cards/0749-goldrush-tides-915935.okf.md
750,728501,Goldstrike,goldstrike,Basic Attack,Melee,Legendary,Core,Brown,0,0,0,0,1,0,0,0,0,GOLD; myGold,cards/0750-goldstrike-728501.okf.md
751,7838,Good Tidings,good-tidings,Action,Utility,Rare,Eclypse,Aqua,0,0,0,0,0,1,0,0,0,Affliction; Channel; Focus; Tide,cards/0751-good-tidings-7838.okf.md
752,198977,Gouge,gouge,Action,Melee,Common,Core,Orange,0,0,0,0,0,0,1,0,0,Basic Attack; Bleeding; Inflict; Make,cards/0752-gouge-198977.okf.md
753,507124,Grace of Light,grace-of-light,Action,Divine,Common,Synthesis,Gold,0,0,0,1,0,0,0,0,0,Blessings; Increase; Performance; performanceStacks,cards/0753-grace-of-light-507124.okf.md
754,523927,Grand Entrance,grand-entrance,Action,Utility,Common,Metamorphosis,Green,0,0,0,0,0,0,0,0,0,Ambush; Perform; Reset,cards/0754-grand-entrance-523927.okf.md
755,816743,Grappler,grappler,Basic Attack,Ranged,Common,Metaprogress,Brown,0,0,0,0,1,0,0,0,0,On Hit; Scavenge,cards/0755-grappler-816743.okf.md
756,528853,Gratitude,gratitude,Action,Divine,Rare,Core,Gold,0,0,0,0,0,0,0,0,0,Affliction; Cleanse,cards/0756-gratitude-528853.okf.md
757,895540,Grave Pact,grave-pact,Action,Magic,Uncommon,Eclypse,Orange,0,0,0,0,0,0,1,0,0,Heavy; Maximum HEALTH; Steal; tempValue,cards/0757-grave-pact-895540.okf.md
758,602096,Gravedance,gravedance,Action,Utility,Legendary,Eclypse,Orange,0,0,0,0,0,0,1,0,0,cardsReturnedThisTurn; Perform; Persistent; Repeat,cards/0758-gravedance-602096.okf.md
759,666620,Gravesite,gravesite,Equipment,Utility,Legendary,Eclypse,Orange,0,0,0,0,0,0,2,0,0,Activate; Durability; Skip,cards/0759-gravesite-666620.okf.md
760,764253,Greatbow,greatbow,Basic Attack,Ranged,Common,Metaprogress,Brown,0,0,0,0,2,0,0,0,0,Ambush; Critical Hit; Evasion,cards/0760-greatbow-764253.okf.md
761,41020027,Greater Good,greater-good,Action,Corruption,Uncommon,Core Extended,Aqua,0,0,0,0,0,1,0,0,2,Grounded; One Use; Remove,cards/0761-greater-good-41020027.okf.md
762,772417,Greatsword,greatsword,Basic Attack,Divine,Common,Metaprogress,Brown,0,0,0,0,2,0,0,0,0,Critical Hit; HOLY,cards/0762-greatsword-772417.okf.md
763,422320,Greed,greed,Action,Corruption,Common,Core,Black,0,0,0,0,0,0,0,0,0,Unplayable,cards/0763-greed-422320.okf.md
764,513283,Grievous Injury,grievous-injury,Action,Melee,Rare,Infinitum,Orange,0,0,0,0,0,0,1,0,1,Bloodlust; Deep Wound; Inflict; Lifedrain; permaValue; Rebound,cards/0764-grievous-injury-513283.okf.md
765,169011,Grimoire of Fire,grimoire-of-fire,Equipment,Utility,Legendary,Eclypse,Black,0,0,0,0,0,0,0,0,3,Activate; Deplete; Durability; Fire; Fire Action; Gain Aura,cards/0765-grimoire-of-fire-169011.okf.md
766,436608,Grimoire of Hate,grimoire-of-hate,Equipment,Corruption,Legendary,Eclypse,Black,0,0,0,0,0,0,0,0,3,Activate; Corrupted Action; Deplete; Durability; Gain Lifelink,cards/0766-grimoire-of-hate-436608.okf.md
767,746813,Grimoire of Ice,grimoire-of-ice,Equipment,Utility,Legendary,Eclypse,Black,0,0,0,0,0,0,0,0,3,Activate; Deplete; Durability; Frost Action; Gain Aura; Rime,cards/0767-grimoire-of-ice-746813.okf.md
768,513863,Grimoire of Storms,grimoire-of-storms,Equipment,Utility,Legendary,Eclypse,Black,0,0,0,0,0,0,0,0,3,Activate; Deplete; Durability; Gain Amp; Lightning Action,cards/0768-grimoire-of-storms-513863.okf.md
769,247414,Grimoire of Taste,grimoire-of-taste,Equipment,Utility,Legendary,Eclypse,Red,0,0,0,0,1,0,0,0,0,Activate; Deplete; Durability; Eater; Gain Big; Ingredient,cards/0769-grimoire-of-taste-247414.okf.md
770,41020037,Grimoire of Thieves,grimoire-of-thieves,Equipment,Corruption,Legendary,Core Extended,Black,0,0,0,0,0,0,0,0,3,Activate; Deplete; Durability; Monster Action; Monster Enchantment,cards/0770-grimoire-of-thieves-41020037.okf.md
771,890903,Groundpound,groundpound,Action,Utility,Common,Catalyst,Red,0,0,1,0,0,0,0,0,0,Brittle; cardsDrawnThisTurn; Enter Shattering; Stance,cards/0771-groundpound-890903.okf.md
772,703768,Guard (Companion),guard-companion,Action,Utility,Rare,Synthesis,Orange,0,0,0,0,2,0,0,0,0,Advantage; Armor; companionlevel*2; companionlevel/2; Regenerate,cards/0772-guard-companion-703768.okf.md
773,133633,Guerrilla Tactics,guerrilla-tactics,Enchantment,Utility,Rare,Core,Green,1,0,0,0,0,0,0,0,0,Ambush; Evasion,cards/0773-guerrilla-tactics-133633.okf.md
774,233598,Guidance,guidance,Action,Divine,Uncommon,Synthesis,Gold,0,0,0,0,1,0,0,0,0,HOLY; Reduce; Your Companion,cards/0774-guidance-233598.okf.md
775,994539,Guiding Shot,guiding-shot,Action,Ranged,Uncommon,Infinitum,Aqua,0,0,0,0,0,1,0,0,0,Focus,cards/0775-guiding-shot-994539.okf.md
776,944903,Hail of Arrows,hail-of-arrows,Action,Utility,Common,Core,Green,0,0,0,0,0,0,0,0,0,Arrow; DEX; Spend,cards/0776-hail-of-arrows-944903.okf.md
777,625122,Hail of Steel,hail-of-steel,Action,Utility,Rare,Metamorphosis,Purple,0,0,0,0,0,0,0,2,0,Basic; Blessings; Make; Repeat,cards/0777-hail-of-steel-625122.okf.md
778,239672,Halifax,halifax,Basic Attack,Divine,Common,Catalyst,Gold,0,0,0,1,0,0,0,0,0,Blessing; Firecast; Piercing,cards/0778-halifax-239672.okf.md
779,961205,Hallowed Ground,hallowed-ground,Enchantment,Divine,Rare,None,Gold,0,0,0,0,0,0,0,0,0,Burning; Enemies,cards/0779-hallowed-ground-961205.okf.md
780,522498,Halo of Conviction,halo-of-conviction,Enchantment,Divine,Common,Infinitum,Purple,0,0,0,0,0,0,0,1,0,Memorized; Zeal,cards/0780-halo-of-conviction-522498.okf.md
781,559595,Halo of Harmony,halo-of-harmony,Enchantment,Divine,Uncommon,Metamorphosis,Purple,0,0,0,0,0,0,0,1,0,Bury; HOLY; Memorized,cards/0781-halo-of-harmony-559595.okf.md
782,994058,Halo of Purity,halo-of-purity,Enchantment,Divine,Rare,Metamorphosis,Purple,0,0,0,0,0,0,0,1,0,Bury; Memorized; Virtue,cards/0782-halo-of-purity-994058.okf.md
783,135986,Halo of Wrath,halo-of-wrath,Enchantment,Divine,Common,Metamorphosis,Purple,0,0,0,0,0,0,0,1,0,Burning; Bury; Memorized,cards/0783-halo-of-wrath-135986.okf.md
784,421549,Hammer,hammer,Basic Attack,Melee,Common,Metaprogress,Brown,0,0,0,0,1,0,0,0,0,Increase Armor; On Hit,cards/0784-hammer-421549.okf.md
785,260786,Handcannon,handcannon,Basic Attack,Ranged,Common,Metaprogress,Brown,0,0,0,0,2,0,0,0,0,Bomb,cards/0785-handcannon-260786.okf.md
786,407768,Harmful Intent,harmful-intent,Action,Utility,Common,Infinitum,Green,1,0,0,0,0,0,0,0,0,Add; Ambush; Snares; Upgrade,cards/0786-harmful-intent-407768.okf.md
787,782816,Harmony,harmony,Action,Utility,Common,Catalyst,Aqua,0,0,0,0,0,1,0,0,0,channeling; Channeling; INT,cards/0787-harmony-782816.okf.md
788,581517,Harp,harp,Basic Attack,Divine,Common,Catalyst,Brown,0,0,0,0,1,0,0,0,0,Hymn; Perform; permaValue; Play; Rebound,cards/0788-harp-581517.okf.md
789,368436,Haste,haste,Action,Utility,Common,None,Blue,0,0,0,0,0,0,0,0,0,Haste,cards/0789-haste-368436.okf.md
790,65028,Hatchet,hatchet,Basic Attack,Melee,Common,Core,Brown,0,0,0,0,1,0,0,0,0,Attack; Flanking,cards/0790-hatchet-65028.okf.md
791,41020026,Haunting Laugh,haunting-laugh,Action,Corruption,Common,Core Extended,Purple,0,0,0,0,0,0,0,1,0,Corruption; corruptionsInHand; Fear; Inflict; Repeat; Swap,cards/0791-haunting-laugh-41020026.okf.md
792,125182,Headbutt,headbutt,Action,Melee,Rare,Core,Red,0,0,2,0,0,0,0,0,0,Damage; Interrupt; Maximum HEALTH; myMaxHealth,cards/0792-headbutt-125182.okf.md
793,554676,Heads,heads,Item,Utility,Common,Catalyst,Brown,0,0,0,0,0,0,0,0,0,GOLD; One Use,cards/0793-heads-554676.okf.md
794,157643,Headshot,headshot,Action,Melee,Common,Metamorphosis,Red,0,0,1,0,0,0,0,0,0,Critical Hit; Deep Wound; Inflict,cards/0794-headshot-157643.okf.md
795,165071,Healing Orb,healing-orb,Conjuration,Utility,Common,None,Red,0,0,0,0,0,0,0,0,0,HEALTH,cards/0795-healing-orb-165071.okf.md
796,353519,Healing Potion,healing-potion,Item,Utility,Uncommon,Core,Brown,0,0,0,0,0,0,0,0,0,HEALTH; One Use,cards/0796-healing-potion-353519.okf.md
797,939224,Heartfelt Sermon,heartfelt-sermon,Enchantment,Utility,Rare,Catalyst,Green,1,0,0,0,0,0,0,0,0,Charmed; HOLY; Perform,cards/0797-heartfelt-sermon-939224.okf.md
798,701528,Heartstriker,heartstriker,Action,Melee,Uncommon,Catalyst,Orange,0,0,0,0,0,0,0,0,3,Critical Hit; Darkness; Piercing; While,cards/0798-heartstriker-701528.okf.md
799,854279,Hearty Flank,hearty-flank,Ingredient,Utility,Common,Eclypse,Red,0,0,0,0,0,0,0,0,0,Gain STR; Garnish; HEALTH; One Use,cards/0799-hearty-flank-854279.okf.md
800,986478,Heavy Armor,heavy-armor,Enchantment,Utility,Rare,Core,Red,0,0,1,0,0,0,0,0,0,Armor,cards/0800-heavy-armor-986478.okf.md
801,82812,Heavy Crate,heavy-crate,Item,Utility,Common,Synthesis,Brown,0,0,0,0,4,0,0,0,0,Heavy; One Use; Persistent; Untempered,cards/0801-heavy-crate-82812.okf.md
802,239164,Heavy Strike,heavy-strike,Action,Melee,Common,None,Red,0,0,2,0,0,0,0,0,0,,cards/0802-heavy-strike-239164.okf.md
803,929928,Heavy Swing,heavy-swing,Action,Melee,Common,Core,Red,0,0,2,0,1,0,0,0,0,Rampage,cards/0803-heavy-swing-929928.okf.md
804,765067,Helios,helios,Basic Attack,Divine,Legendary,None,Brown,0,0,0,0,2,0,0,0,0,Execute; Firecast; Grounded; Lifedrain; Piercing,cards/0804-helios-765067.okf.md
805,450681,Hellforged Axe,hellforged-axe,Basic Attack,Melee,Legendary,Core,Black,0,0,0,0,2,0,0,0,1,Fury; Rampage; Shuffle,cards/0805-hellforged-axe-450681.okf.md
806,211002,Herald,herald,Action,Utility,Common,Catalyst,Purple,0,0,0,0,0,0,0,0,0,Charges; Deplete; Perform,cards/0806-herald-211002.okf.md
807,586976,Hex of Cold,hex-of-cold,Enchantment,Corruption,Common,None,Brown,0,0,0,0,0,0,0,0,0,Frozen; Hexes,cards/0807-hex-of-cold-586976.okf.md
808,955125,Hex of Feebleness,hex-of-feebleness,Enchantment,Corruption,Common,None,Brown,0,0,0,0,0,0,0,0,0,Hexes; Increase,cards/0808-hex-of-feebleness-955125.okf.md
809,662611,Hex of Flames,hex-of-flames,Enchantment,Corruption,Common,None,Brown,0,0,0,0,0,0,0,0,0,Burning; Hexes,cards/0809-hex-of-flames-662611.okf.md
810,758478,Hex of Life,hex-of-life,Enchantment,Corruption,Common,None,Brown,0,0,0,0,0,0,0,0,0,Drain; HEALTH; Hexes,cards/0810-hex-of-life-758478.okf.md
811,60324,Hex of Vulnerability,hex-of-vulnerability,Enchantment,Corruption,Common,None,Brown,0,0,0,0,0,0,0,0,0,Hexes; Vulnerable,cards/0811-hex-of-vulnerability-60324.okf.md
812,641321,Hex of Wounding,hex-of-wounding,Enchantment,Corruption,Common,None,Brown,0,0,0,0,0,0,0,0,0,Bleeding; Hexes,cards/0812-hex-of-wounding-641321.okf.md
813,760719,Hexglaive,hexglaive,Basic Attack,Melee,Rare,Core,Brown,0,0,0,0,1,0,0,0,0,Corrupted; Deals; Hex; Lifedrain,cards/0813-hexglaive-760719.okf.md
814,41020028,Hexterminate,hexterminate,Action,Magic,Legendary,Core Extended,Blue,0,3,0,0,0,0,0,0,1,Chain; Hexes; On Hit; Trigger,cards/0814-hexterminate-41020028.okf.md
815,245015,Hidden Blade,hidden-blade,Basic Attack,Melee,Common,Metaprogress,Brown,0,0,0,0,1,0,0,0,0,Ambush; Improved; sinister; Sinister,cards/0815-hidden-blade-245015.okf.md
816,637334,Hidden Flurry,hidden-flurry,Action,Utility,Uncommon,Eclypse,Green,1,0,0,0,0,0,0,0,0,After; Basic Attack; Make; s; Sinister; tempValue+1,cards/0816-hidden-flurry-637334.okf.md
817,125795,Hidden Pouch,hidden-pouch,Equipment,Utility,Rare,Catalyst,Brown,0,0,0,0,1,0,0,0,0,Activate; Durability,cards/0817-hidden-pouch-125795.okf.md
818,108891,Hidden Pouch Effect,hidden-pouch-effect,Equipment,Utility,Rare,None,Brown,0,0,0,0,1,0,0,0,0,Conjure; Durability; Hidden Pouch,cards/0818-hidden-pouch-effect-108891.okf.md
819,825042,Hidden Weapon,hidden-weapon,Action,Utility,Common,Core,Green,0,0,0,0,0,0,0,0,0,Ambush; Attack; Basic; Conjure,cards/0819-hidden-weapon-825042.okf.md
820,561091,Hierophany,hierophany,Action,Divine,Rare,Catalyst,Gold,0,0,0,1,0,0,0,0,0,Code,cards/0820-hierophany-561091.okf.md
821,39566,Hoarding Presence,hoarding-presence,Enchantment,Utility,Legendary,None,Gold,0,0,0,0,0,0,0,0,0,Enchantment,cards/0821-hoarding-presence-39566.okf.md
822,363095,Hold the Line,hold-the-line,Action,Utility,Common,Synthesis,Purple,0,0,0,0,0,0,0,1,0,Gain Bolster; Gain Ward; HEALTH,cards/0822-hold-the-line-363095.okf.md
823,685323,Hollow-tip Ammo,hollow-tip-ammo,Action,Utility,Rare,Infinitum,Red,0,0,0,0,1,0,0,0,0,Critical Hit; Ranged Actions,cards/0823-hollow-tip-ammo-685323.okf.md
824,883326,Holy Defiance,holy-defiance,Enchantment,Utility,Legendary,Eclypse,Red,0,0,0,2,0,0,0,0,0,HEALTH; On Death; Overkill; Starts; Upgrade,cards/0824-holy-defiance-883326.okf.md
825,649020,Holy Fire,holy-fire,Action,Divine,Uncommon,Core Extended,Purple,0,0,0,0,0,0,0,0,0,Burning; HOLY; Inflict,cards/0825-holy-fire-649020.okf.md
826,403486,Holy Mackerel,holy-mackerel,Ingredient,Divine,Legendary,Eclypse,Gold,0,0,0,0,0,0,0,0,0,Garnish; HEALTH; One; Rally; Remove; Scar,cards/0826-holy-mackerel-403486.okf.md
827,874144,Holy Nova,holy-nova,Action,Divine,Common,Eclypse,Gold,0,0,0,1,0,0,0,0,0,Firecast; HEALTH; Nova; novacards; Repeat,cards/0827-holy-nova-874144.okf.md
828,270698,Holy War,holy-war,Action,Divine,Legendary,Eclypse,Red,0,0,0,3,0,0,0,0,0,Ascend; Scars,cards/0828-holy-war-270698.okf.md
829,810652,Holy Water,holy-water,Item,Utility,Uncommon,Core Extended,Brown,0,0,0,0,0,0,0,0,0,Burning; HEALTH; One Use; Undead,cards/0829-holy-water-810652.okf.md
830,467671,Houroboros,houroboros,Equipment,Utility,Legendary,Eclypse,Aqua,0,0,0,0,1,0,0,0,0,Activate; Deplete; Durability; Foretell; foretell+3; Reactivates; Take; Tide,cards/0830-houroboros-467671.okf.md
831,945700,Howl (Companion),howl-companion,Action,Utility,Uncommon,Synthesis,Orange,0,0,0,0,1,0,0,0,0,Advantage; Bane; Inflict,cards/0831-howl-companion-945700.okf.md
832,709587,Humility,humility,Action,Divine,Rare,Core,Gold,0,0,0,0,0,0,0,0,0,Dispel,cards/0832-humility-709587.okf.md
833,14680,Hungering Strike,hungering-strike,Action,Melee,Uncommon,Metaprogress,Orange,0,0,0,0,0,0,1,0,2,Execute; Lifedrain,cards/0833-hungering-strike-14680.okf.md
834,398293,Hunter's Mark,hunter-s-mark,Action,Utility,Uncommon,Core,Orange,0,0,0,0,0,0,0,0,0,HEALTH,cards/0834-hunter-s-mark-398293.okf.md
835,638016,Hunter's Presence,hunter-s-presence,Enchantment,Utility,Legendary,None,Blue,0,0,0,0,0,0,0,0,0,Critical Hit; Ferocity,cards/0835-hunter-s-presence-638016.okf.md
836,810998,Hush,hush,Action,Utility,Rare,Infinitum,Green,1,0,0,0,0,0,0,0,0,Add; Inflict; Jinxed; Snare; Snares; snares,cards/0836-hush-810998.okf.md
837,440784,Hydroform,hydroform,Action,Utility,Rare,Catalyst,Aqua,0,0,0,0,0,2,0,0,0,Clone,cards/0837-hydroform-440784.okf.md
838,535132,Hydromancy,hydromancy,Action,Utility,Rare,Catalyst,Aqua,0,0,0,0,0,1,0,0,0,Change; Charges; DEX; Ebb; Flow; For; INT; Tide,cards/0838-hydromancy-535132.okf.md
839,240622,Hymn of Conviction,hymn-of-conviction,Hymn,Divine,Rare,Synthesis,Gold,0,0,0,1,0,0,0,0,0,Burning; Inflict,cards/0839-hymn-of-conviction-240622.okf.md
840,2406221,Hymn of Conviction I,hymn-of-conviction-i,Hymn,Divine,Rare,None,Gold,0,0,0,0,0,0,0,0,0,Burning; Inflict,cards/0840-hymn-of-conviction-i-2406221.okf.md
841,2406222,Hymn of Conviction II,hymn-of-conviction-ii,Hymn,Divine,Rare,None,Gold,0,0,0,0,0,0,0,0,0,Burning; Inflict,cards/0841-hymn-of-conviction-ii-2406222.okf.md
842,2406223,Hymn of Conviction III,hymn-of-conviction-iii,Hymn,Divine,Rare,None,Gold,0,0,0,0,0,0,0,0,0,Burning; Inflict,cards/0842-hymn-of-conviction-iii-2406223.okf.md
843,625448,Hymn of Light,hymn-of-light,Action,Divine,Common,Infinitum,Gold,0,0,0,0,1,0,0,0,0,HOLYHOLY; HOLYHOLYHOLY; HOLYHOLYHOLYHOLY,cards/0843-hymn-of-light-625448.okf.md
844,470886,Hymn of Light I,hymn-of-light-i,Hymn,Divine,Common,None,Gold,0,0,0,0,0,0,0,0,0,Gain HOLYHOLY,cards/0844-hymn-of-light-i-470886.okf.md
845,133556,Hymn of Light II,hymn-of-light-ii,Hymn,Divine,Common,None,Gold,0,0,0,0,0,0,0,0,0,Gain HOLYHOLYHOLY,cards/0845-hymn-of-light-ii-133556.okf.md
846,445572,Hymn of Light III,hymn-of-light-iii,Hymn,Divine,Common,None,Gold,0,0,0,0,0,0,0,0,0,Gain HOLYHOLYHOLYHOLY,cards/0846-hymn-of-light-iii-445572.okf.md
847,781627,Hymn of Mercy,hymn-of-mercy,Hymn,Divine,Common,Synthesis,Gold,0,0,0,1,0,0,0,0,0,Charmed; Inflict,cards/0847-hymn-of-mercy-781627.okf.md
848,7816271,Hymn of Mercy I,hymn-of-mercy-i,Hymn,Divine,Common,None,Gold,0,0,0,0,0,0,0,0,0,Charmed; Inflict,cards/0848-hymn-of-mercy-i-7816271.okf.md
849,7816272,Hymn of Mercy II,hymn-of-mercy-ii,Hymn,Divine,Common,None,Gold,0,0,0,0,0,0,0,0,0,Charmed; Inflict,cards/0849-hymn-of-mercy-ii-7816272.okf.md
850,7816273,Hymn of Mercy III,hymn-of-mercy-iii,Hymn,Divine,Common,None,Gold,0,0,0,0,0,0,0,0,0,Charmed; Inflict,cards/0850-hymn-of-mercy-iii-7816273.okf.md
851,591990,Hymn of Penance,hymn-of-penance,Action,Divine,Rare,Metamorphosis,Gold,0,0,0,1,0,0,0,0,0,Piercing,cards/0851-hymn-of-penance-591990.okf.md
852,191179,Hymn of Penance I,hymn-of-penance-i,Hymn,Divine,Legendary,None,Gold,0,0,0,0,0,0,0,0,0,Piercing,cards/0852-hymn-of-penance-i-191179.okf.md
853,966979,Hymn of Penance II,hymn-of-penance-ii,Hymn,Divine,Legendary,None,Gold,0,0,0,0,0,0,0,0,0,Piercing,cards/0853-hymn-of-penance-ii-966979.okf.md
854,103433,Hymn of Penance III,hymn-of-penance-iii,Hymn,Divine,Legendary,None,Gold,0,0,0,0,0,0,0,0,0,Piercing,cards/0854-hymn-of-penance-iii-103433.okf.md
855,13967,Hymn of Power,hymn-of-power,Action,Divine,Common,Metamorphosis,Gold,0,0,0,1,0,0,0,0,0,Blessings,cards/0855-hymn-of-power-13967.okf.md
856,750950,Hymn of Power I,hymn-of-power-i,Hymn,Divine,Legendary,None,Gold,0,0,0,0,0,0,0,0,0,Blessings,cards/0856-hymn-of-power-i-750950.okf.md
857,526140,Hymn of Power II,hymn-of-power-ii,Hymn,Divine,Legendary,None,Gold,0,0,0,0,0,0,0,0,0,Blessings,cards/0857-hymn-of-power-ii-526140.okf.md
858,856257,Hymn of Power III,hymn-of-power-iii,Hymn,Divine,Legendary,None,Gold,0,0,0,0,0,0,0,0,0,Blessings,cards/0858-hymn-of-power-iii-856257.okf.md
859,341772,Hymn of Vitality,hymn-of-vitality,Action,Divine,Legendary,Metamorphosis,Gold,0,0,0,1,0,0,0,0,0,HEALTH,cards/0859-hymn-of-vitality-341772.okf.md
860,869631,Hymn of Vitality I,hymn-of-vitality-i,Hymn,Divine,Legendary,None,Gold,0,0,0,0,0,0,0,0,0,HEALTH,cards/0860-hymn-of-vitality-i-869631.okf.md
861,444150,Hymn of Vitality II,hymn-of-vitality-ii,Hymn,Divine,Legendary,None,Gold,0,0,0,0,0,0,0,0,0,HEALTH,cards/0861-hymn-of-vitality-ii-444150.okf.md
862,7448,Hymn of Vitality III,hymn-of-vitality-iii,Hymn,Divine,Legendary,None,Gold,0,0,0,0,0,0,0,0,0,HEALTH,cards/0862-hymn-of-vitality-iii-7448.okf.md
863,292406,Hypnosis,hypnosis,Action,Utility,Common,Synthesis,Blue,0,1,0,0,0,0,0,0,0,Choose One; Consumes; Focus; Play,cards/0863-hypnosis-292406.okf.md
864,682514,Hypnosis 1,hypnosis-1,Action,Utility,Common,None,Blue,0,1,0,0,0,0,0,0,0,Delve,cards/0864-hypnosis-1-682514.okf.md
865,27542,Hypnosis 2,hypnosis-2,Action,Utility,Common,None,Blue,0,1,0,0,0,0,0,0,0,Delve,cards/0865-hypnosis-2-27542.okf.md
866,452500,Ice Lance,ice-lance,Action,Magic,Uncommon,Core,Blue,0,2,0,0,0,0,0,0,0,Critical Hit; Frozen,cards/0866-ice-lance-452500.okf.md
867,23553,Iceblast,iceblast,Action,Magic,Uncommon,Core,Blue,0,2,0,0,0,0,0,0,0,Frozen; Inflict,cards/0867-iceblast-23553.okf.md
868,871945,Idolize,idolize,Action,Utility,Rare,Catalyst,Orange,0,0,0,0,0,0,1,0,0,Charges; Summon; Totem,cards/0868-idolize-871945.okf.md
869,236987,Ill-Gotten Gains,ill-gotten-gains,Action,Utility,Legendary,Core,Monster,0,0,0,0,1,0,0,0,0,GOLD; Greed; One Use,cards/0869-ill-gotten-gains-236987.okf.md
870,806832,Illumination,illumination,Action,Divine,Uncommon,Catalyst,Gold,0,0,0,1,0,0,0,0,0,Bury; Gain HOLY; tempValue,cards/0870-illumination-806832.okf.md
871,291508,Illusionary Arms,illusionary-arms,Enchantment,Utility,Legendary,Core,Aqua,0,0,0,0,0,1,0,0,0,Basic Attack,cards/0871-illusionary-arms-291508.okf.md
872,232596,Illusionary Presence,illusionary-presence,Enchantment,Utility,Legendary,None,Gold,0,0,0,0,0,0,0,0,0,Action; Conjure,cards/0872-illusionary-presence-232596.okf.md
873,978765,Imaginarium,imaginarium,Action,Utility,Legendary,Synthesis,Blue,0,4,0,0,0,0,0,0,0,ANY INT; Delve; Psionic,cards/0873-imaginarium-978765.okf.md
874,549148,Imp Offer,imp-offer,Action,Corruption,Legendary,None,Black,0,0,0,0,0,0,0,0,0,Anger; GOLD; roundNumber*2,cards/0874-imp-offer-549148.okf.md
875,596425,Imp Offer 1,imp-offer-1,Action,Corruption,Legendary,None,Black,0,0,0,0,0,0,0,0,0,Afflictions; Anger; my(status)Anger,cards/0875-imp-offer-1-596425.okf.md
876,571703,Imp Offer 2,imp-offer-2,Action,Corruption,Legendary,None,Black,0,0,0,0,0,0,0,0,0,Anger; GOLD; Lose; my(status)Anger,cards/0876-imp-offer-2-571703.okf.md
877,809465,Imp Offer 3,imp-offer-3,Action,Corruption,Legendary,None,Black,0,0,0,0,0,0,0,0,0,difficulty*3; HEALTH; Lose,cards/0877-imp-offer-3-809465.okf.md
878,260468,Imp Offer 4,imp-offer-4,Action,Corruption,Legendary,None,Black,0,0,0,0,0,0,0,0,0,chapter*10; HEALTH,cards/0878-imp-offer-4-260468.okf.md
879,143866,Imp Offer 5,imp-offer-5,Action,Corruption,Legendary,None,Black,0,0,0,0,0,0,0,0,0,Random Enchantment,cards/0879-imp-offer-5-143866.okf.md
880,928401,Imp Offer 6,imp-offer-6,Action,Corruption,Legendary,None,Black,0,0,0,0,0,0,0,0,0,Anger; Bury; my(status)Anger,cards/0880-imp-offer-6-928401.okf.md
881,207239,Impending Doom,impending-doom,Action,Utility,Uncommon,Catalyst,Aqua,0,0,0,0,0,1,0,0,0,Channel; Doom; Focus; my(status)Focus; Turn,cards/0881-impending-doom-207239.okf.md
882,106461,Imprint,imprint,Action,Utility,Rare,Infinitum,Blue,0,1,0,0,0,0,0,0,0,Magic Action,cards/0882-imprint-106461.okf.md
883,707867,Improvision,improvision,Action,Utility,Rare,Synthesis,Green,1,0,0,0,0,0,0,0,0,Charges,cards/0883-improvision-707867.okf.md
884,486592,Incendiary Ammo,incendiary-ammo,Action,Utility,Common,Infinitum,Red,0,0,0,0,1,0,0,0,0,Burning; Hit; Ranged Actions,cards/0884-incendiary-ammo-486592.okf.md
885,52064,Inevitable End,inevitable-end,Enchantment,Utility,Rare,Eclypse,Aqua,0,0,0,0,0,1,0,0,2,damageBonus+1; Doom; Upgradeable,cards/0885-inevitable-end-52064.okf.md
886,161487,Infernal Contract,infernal-contract,Item,Corruption,Legendary,Core,Black,0,0,0,0,0,0,0,0,3,Corrupted; HEALTH; Impervious,cards/0886-infernal-contract-161487.okf.md
887,730258,Infernal Racket,infernal-racket,Action,Monster,Rare,Core Extended,Monster,0,0,0,0,0,0,0,0,2,Delirious; Gain Anger; On Draw,cards/0887-infernal-racket-730258.okf.md
888,6666666,InfernalOffering,infernaloffering,Offering,Utility,Legendary,None,None,0,0,0,0,0,0,0,0,0,Infernal Offerings; Placeholder,cards/0888-infernaloffering-6666666.okf.md
889,328774,Inner Demon,inner-demon,Action,Corruption,Common,Eclypse,Purple,0,0,0,0,0,0,0,1,0,Anger; Defiled; permaValue; Waning,cards/0889-inner-demon-328774.okf.md
890,65604,Innervation,innervation,Action,Utility,Uncommon,Core Extended,Orange,0,0,0,0,0,0,1,0,0,Chain; Channel; Conjure; Critical Hit; Lightning; my(status)Chain,cards/0890-innervation-65604.okf.md
891,977087,Insidious Strike,insidious-strike,Action,Melee,Common,Core,Green,1,0,0,0,0,0,0,0,0,Damage; sinister; Sinister,cards/0891-insidious-strike-977087.okf.md
892,32292,Inspiring Shanty,inspiring-shanty,Conjuration,Utility,Common,None,Green,0,0,0,0,0,0,0,0,0,Perform,cards/0892-inspiring-shanty-32292.okf.md
893,851426,Intervention,intervention,Conjuration,Divine,Rare,None,Gold,0,0,0,0,0,0,0,0,0,Firecast; Impervious; Rally,cards/0893-intervention-851426.okf.md
894,801227,Into the Pot,into-the-pot,Action,Utility,Uncommon,Eclypse,Blue,0,1,0,0,0,0,0,0,0,damageBonus; HEALTH; Potion; Slay; Upgradeable,cards/0894-into-the-pot-801227.okf.md
895,451504,Invocation,invocation,Action,Utility,Rare,Core Extended,Purple,0,0,0,0,0,0,0,1,0,Blessings; Gain HOLY; HEALTH; myBlessings,cards/0895-invocation-451504.okf.md
896,338628,Ire of Serem-Pek,ire-of-serem-pek,Enchantment,Utility,Common,None,Black,0,0,0,0,0,0,0,0,0,Combat; Gain Doom; HEALTH,cards/0896-ire-of-serem-pek-338628.okf.md
897,966397,Iron Blood,iron-blood,Action,Corruption,Common,Synthesis,Purple,0,0,0,0,0,0,0,0,0,Armor; my(status)Armor; Take,cards/0897-iron-blood-966397.okf.md
898,318815,Judgment,judgment,Action,Divine,Common,Core Extended,Gold,0,0,0,1,0,0,0,0,0,Gains; Zeal Piercing,cards/0898-judgment-318815.okf.md
899,923139,Juggling Balls,juggling-balls,Equipment,Utility,Uncommon,Eclypse,Brown,0,0,0,0,2,0,0,0,0,Activate; Deplete; Durability; Perform; Tada,cards/0899-juggling-balls-923139.okf.md
900,275464,Juggling Balls Effect,juggling-balls-effect,Equipment,Utility,Uncommon,None,Brown,0,0,0,0,2,0,0,0,0,Activate; Durability; Perform,cards/0900-juggling-balls-effect-275464.okf.md
901,208373,Junk Dive,junk-dive,Action,Utility,Common,Synthesis,Green,1,0,0,0,0,0,0,0,0,allEnergy; Delve; Junk; Reduce,cards/0901-junk-dive-208373.okf.md
902,432299,Junklord,junklord,Enchantment,Utility,Rare,Synthesis,Green,1,0,0,0,0,0,0,0,0,,cards/0902-junklord-432299.okf.md
903,195234,Junkyard,junkyard,Location,Utility,Common,Synthesis,Green,1,0,0,0,0,0,0,0,0,Add; damageBonus+1; Junk; Play; s; Scrap Pile; Starts; Turn; Upgradeable,cards/0903-junkyard-195234.okf.md
904,484555,Karma Strike,karma-strike,Action,Utility,Common,Core,Aqua,0,0,0,0,0,1,0,0,0,Attacks; Make Basic,cards/0904-karma-strike-484555.okf.md
905,315890,Katana,katana,Basic Attack,Melee,Common,Metaprogress,Brown,0,0,0,0,2,0,0,0,0,Critical Hit; Reduce,cards/0905-katana-315890.okf.md
906,93071,Keelhaul,keelhaul,Action,Utility,Common,Eclypse,Green,1,0,0,0,0,0,0,0,0,Drowning; Gain Sinister; Inflict; Persistent; sinister; Sinister; Tidal,cards/0906-keelhaul-93071.okf.md
907,23071,Keelhaul (Tides),keelhaul-tides,Action,Utility,Common,Eclypse,Green,3,0,0,0,0,0,0,0,0,Inflict Drowning; Persistent; sinister; Sinister,cards/0907-keelhaul-tides-23071.okf.md
908,754108,Khanjali,khanjali,Basic Attack,Melee,Common,Metaprogress,Brown,0,0,0,0,1,0,0,0,0,Inflict Poison; sinister; Sinister,cards/0908-khanjali-754108.okf.md
909,335015,Killer Instincts,killer-instincts,Enchantment,Utility,Uncommon,Core,Orange,0,0,0,0,0,0,1,0,0,Ambush,cards/0909-killer-instincts-335015.okf.md
910,209283,Kitchen Brawl,kitchen-brawl,Action,Melee,Common,Eclypse,Red,0,0,2,0,0,0,0,0,0,Ingredient; tempValue+1,cards/0910-kitchen-brawl-209283.okf.md
911,798367,Kitchen Raid,kitchen-raid,Action,Utility,Common,Eclypse,Red,0,0,1,0,0,0,0,0,0,Create; Frenzy; Ingredient,cards/0911-kitchen-raid-798367.okf.md
912,385148,Knowledge,knowledge,Revelation,Utility,Legendary,Core Extended,Aqua,0,0,0,0,0,0,0,0,0,Focus,cards/0912-knowledge-385148.okf.md
913,65562,Knuckles,knuckles,Basic Attack,Melee,Common,Core,Brown,0,0,0,0,1,0,0,0,0,Cascade; Conjure,cards/0913-knuckles-65562.okf.md
914,254755,Lacerate,lacerate,Action,Melee,Common,Core,Orange,0,0,0,0,0,0,1,0,0,Bleeding; Inflict,cards/0914-lacerate-254755.okf.md
915,756490,Landsmeet,landsmeet,Action,Utility,Rare,Catalyst,Purple,0,0,0,0,0,0,0,1,0,Banner; banners; Delve; Treaty,cards/0915-landsmeet-756490.okf.md
916,292362,Larceny,larceny,Action,Utility,Uncommon,Catalyst,Green,0,0,0,0,0,0,0,0,0,Charges; Steal,cards/0916-larceny-292362.okf.md
917,379023,Larceny DEX,larceny-dex,Action,Utility,Uncommon,None,Green,0,0,0,0,0,0,0,0,0,DEX; Steal,cards/0917-larceny-dex-379023.okf.md
918,179151,Larceny HOLY,larceny-holy,Action,Utility,Uncommon,None,Gold,0,0,0,0,0,0,0,0,0,HOLY; Steal,cards/0918-larceny-holy-179151.okf.md
919,786491,Larceny INT,larceny-int,Action,Utility,Uncommon,None,Blue,0,0,0,0,0,0,0,0,0,INT; Steal,cards/0919-larceny-int-786491.okf.md
920,183022,Larceny STR,larceny-str,Action,Utility,Uncommon,None,Red,0,0,0,0,0,0,0,0,0,Steal; STR,cards/0920-larceny-str-183022.okf.md
921,610891,Lash Out,lash-out,Action,Melee,Common,None,Red,0,0,0,0,0,0,0,0,0,Can; Melee,cards/0921-lash-out-610891.okf.md
922,41020029,Last Laugh,last-laugh,Action,Corruption,Common,Core Extended,Black,0,0,0,0,0,0,0,0,1,Bane; Fear; Finale; Inflict; Maximum HEALTH; Swap,cards/0922-last-laugh-41020029.okf.md
923,300395,Last Stand,last-stand,Action,Utility,Legendary,Core,Red,0,0,1,0,0,0,0,0,0,Gain Armor; myMissingHealth,cards/0923-last-stand-300395.okf.md
924,65245,Lay In Wait,lay-in-wait,Action,Utility,Common,Core,Green,1,0,0,0,0,0,0,0,0,Critical Hit; Evasion,cards/0924-lay-in-wait-65245.okf.md
925,644722,Lay of the Land,lay-of-the-land,Action,Utility,Common,Synthesis,Green,1,0,0,0,0,0,0,0,0,Charges; Delve; Scrap Deck,cards/0925-lay-of-the-land-644722.okf.md
926,402637,Lead Pipe,lead-pipe,Item,Melee,Common,Synthesis,Brown,0,0,0,0,1,0,0,0,0,Dazed; Inflict; On Hit; One Use; Persistent; Untempered,cards/0926-lead-pipe-402637.okf.md
927,139557,Lead the Charge,lead-the-charge,Action,Utility,Common,Catalyst,Purple,0,0,0,0,1,0,0,0,0,Banner; Blessing; Gain Rally; Memorized; ownedbanners; Repeat,cards/0927-lead-the-charge-139557.okf.md
928,216030,Leaping Shot,leaping-shot,Action,Ranged,Common,Core,Green,0,0,0,0,0,0,0,0,0,Evasion,cards/0928-leaping-shot-216030.okf.md
929,510811,Leave a Mark,leave-a-mark,Action,Melee,Uncommon,Catalyst,Orange,0,0,0,0,0,0,1,0,1,Ferocity; Flanking; Inflict Marked,cards/0929-leave-a-mark-510811.okf.md
930,353649,Legplates,legplates,Equipment,Utility,Rare,Synthesis,Purple,0,0,0,0,2,0,0,0,0,Activate; Durability; Equipment,cards/0930-legplates-353649.okf.md
931,413581,Leo's Pride,leo-s-pride,Path,Utility,Rare,Eclypse,Aqua,0,0,0,0,0,1,0,0,0,Advance; After; Evasion; Focus,cards/0931-leo-s-pride-413581.okf.md
932,814109,Leo's Pride II,leo-s-pride-ii,Path,Utility,Rare,None,Aqua,0,0,0,0,0,1,0,0,0,Advance; After; Focus,cards/0932-leo-s-pride-ii-814109.okf.md
933,372350,Leo's Pride III,leo-s-pride-iii,Path,Utility,Rare,None,Aqua,0,0,0,0,0,1,0,0,0,After; Delve; Focus; Revelation,cards/0933-leo-s-pride-iii-372350.okf.md
934,750449,Lethal,lethal,Adaptation,Utility,Common,None,Red,0,0,0,0,0,0,0,0,0,Critical Hit; Inflict; On Hit,cards/0934-lethal-750449.okf.md
935,682095,Lieutenant,lieutenant,Enchantment,Utility,Legendary,None,Purple,0,0,0,0,0,0,0,0,0,,cards/0935-lieutenant-682095.okf.md
936,281179,Lifedrinker Venom,lifedrinker-venom,Item,Utility,Rare,Core,Brown,0,0,0,0,0,0,0,0,1,Gain HEALTH; One Use,cards/0936-lifedrinker-venom-281179.okf.md
937,401063,Lifelink,lifelink,Enchantment,Utility,Rare,Metamorphosis,Blue,0,2,0,0,0,0,0,0,1,Barrier; BLOOD,cards/0937-lifelink-401063.okf.md
938,714239,Lifepod,lifepod,Action,Utility,Rare,Metamorphosis,Aqua,0,0,0,0,0,1,0,0,0,HEALTH; Regenerate,cards/0938-lifepod-714239.okf.md
939,845696,Lightning Attunement,lightning-attunement,Attunement,Magic,Common,Catalyst,Blue,0,0,0,0,0,0,0,0,0,Attune; Element; Lightning Action,cards/0939-lightning-attunement-845696.okf.md
940,755228,Lightning Bolt,lightning-bolt,Action,Magic,Common,Core,Blue,0,1,0,0,0,0,0,0,0,Chain,cards/0940-lightning-bolt-755228.okf.md
941,191435,Lightning Rod,lightning-rod,Artifact,Utility,Uncommon,Catalyst,Blue,0,1,0,0,0,0,0,0,0,Chain; damageBonus+3; Shocked; Upgradeable,cards/0941-lightning-rod-191435.okf.md
942,966324,Lightning Shield,lightning-shield,Action,Magic,Common,Catalyst,Blue,0,1,0,0,0,0,0,0,0,Attune; Barrier; Chain,cards/0942-lightning-shield-966324.okf.md
943,502626,Living Fort,living-fort,Action,Utility,Uncommon,Metaprogress,Red,0,0,1,0,0,0,0,0,0,Armor; Gain Fortified,cards/0943-living-fort-502626.okf.md
944,631394,Lock and Load,lock-and-load,Action,Utility,Rare,Infinitum,Red,0,0,1,0,0,0,0,0,0,Ammo; Bomb; Conjure; Reload,cards/0944-lock-and-load-631394.okf.md
945,682267,Lockbox,lockbox,Item,Corruption,Uncommon,None,Brown,0,0,0,0,2,0,0,0,0,GOLD; Lose; One Use; permaimprint,cards/0945-lockbox-682267.okf.md
946,754221,Longsword,longsword,Basic Attack,Melee,Common,Core,Brown,0,0,0,0,1,0,0,0,0,Armor; damageBonus+2; Upgradeable,cards/0946-longsword-754221.okf.md
947,203564,Lost Lagoon,lost-lagoon,Location,Utility,Legendary,Eclypse,Green,1,0,0,0,2,0,0,0,0,Grounded; Location; Persistent; Swap; Tide; Unplayable,cards/0947-lost-lagoon-203564.okf.md
948,49747,Love Potion,love-potion,Item,Utility,Uncommon,Metamorphosis,Brown,0,0,0,0,0,0,0,0,0,Add; Charmed; Glimmer; Inflict; One Use,cards/0948-love-potion-49747.okf.md
949,574305,Lovestruck,lovestruck,Enchantment,Utility,Rare,Metamorphosis,Green,2,0,0,0,0,0,0,0,0,Charmed; Critical Hits,cards/0949-lovestruck-574305.okf.md
950,184764,Luck of the Draw,luck-of-the-draw,Action,Utility,Uncommon,Catalyst,Green,0,0,0,0,0,0,0,0,0,,cards/0950-luck-of-the-draw-184764.okf.md
951,851494,Lucky Coin,lucky-coin,Item,Divine,Rare,Catalyst,Gold,0,0,0,0,0,0,0,0,0,GOLD; Lose,cards/0951-lucky-coin-851494.okf.md
952,491862,Lunging Strike,lunging-strike,Action,Melee,Common,Catalyst,Red,0,0,1,0,0,0,0,0,0,Enter Steady; Stance,cards/0952-lunging-strike-491862.okf.md
953,256570,Lust,lust,Action,Corruption,Common,Core,Black,0,0,0,0,0,0,0,0,0,Unplayable; Vulnerable,cards/0953-lust-256570.okf.md
954,826375,Lust for Battle,lust-for-battle,Action,Utility,Uncommon,Core,Red,0,0,1,0,0,0,0,0,0,Add; Anger; attacksInEnemyHand; Fury,cards/0954-lust-for-battle-826375.okf.md
955,198573,Lust for Blood,lust-for-blood,Action,Corruption,Rare,Catalyst,Orange,0,0,0,0,0,0,1,0,2,Bleeding; Darkness; Gain Ferocity,cards/0955-lust-for-blood-198573.okf.md
956,212747,Mage Armor,mage-armor,Action,Magic,Uncommon,Core,Blue,0,1,0,0,0,0,0,0,0,Barrier; Chain; The Barrier,cards/0956-mage-armor-212747.okf.md
957,707179,Magebane,magebane,Adaptation,Utility,Common,None,Purple,0,0,0,0,0,0,0,0,0,Blessing; Dispel; On Hit,cards/0957-magebane-707179.okf.md
958,215762,Mageblade,mageblade,Action,Melee,Common,Core,Purple,0,0,0,0,0,0,0,1,0,Focus; Magic; While,cards/0958-mageblade-215762.okf.md
959,843524,Majatome,majatome,Basic Attack,Melee,Legendary,Infinitum,Brown,0,0,0,0,2,0,0,0,0,Execute; Lifedrain; Maximum Health; otherMaxHealth,cards/0959-majatome-843524.okf.md
960,192262,Majestic Grandeur,majestic-grandeur,Enchantment,Utility,Legendary,Eclypse,Brown,0,0,0,0,3,0,0,0,0,After; Charmed; Legendary; Maximum HEALTH,cards/0960-majestic-grandeur-192262.okf.md
961,166269,Majestic Grandeur Listener,majestic-grandeur-listener,Enchantment,Utility,Legendary,None,Brown,0,0,0,0,3,0,0,0,0,After; Charmed; Legendary; Maximum HEALTH,cards/0961-majestic-grandeur-listener-166269.okf.md
962,60377,Majestic Mind,majestic-mind,Action,Utility,Rare,Metaprogress,Aqua,0,0,0,0,0,1,0,0,0,Conjure; Dragon; Turn,cards/0962-majestic-mind-60377.okf.md
963,795845,Maki Tagdahar,maki-tagdahar,Enchantment,Utility,Legendary,None,Blue,0,0,0,0,0,0,0,0,0,Critical Hit; Ferocity,cards/0963-maki-tagdahar-795845.okf.md
964,571868,Malignance,malignance,Action,Corruption,Common,Metamorphosis,Black,0,0,0,0,0,0,0,0,0,Anger; On Draw; Take; Unplayable,cards/0964-malignance-571868.okf.md
965,824648,Mantra Mastery,mantra-mastery,Action,Utility,Rare,Synthesis,Aqua,0,0,0,0,0,1,0,0,0,Increase; Mantras; Scholar; Trigger; Turn,cards/0965-mantra-mastery-824648.okf.md
966,947762,Mantra of Mind,mantra-of-mind,Mantra,Utility,Common,Synthesis,Aqua,0,0,0,0,0,0,0,0,0,(cardvalue); Focus,cards/0966-mantra-of-mind-947762.okf.md
967,894140,Mantra of Pain,mantra-of-pain,Mantra,Utility,Common,Synthesis,Aqua,0,0,0,0,0,0,0,0,0,(cardvalue),cards/0967-mantra-of-pain-894140.okf.md
968,6888700,Mantra of Soul,mantra-of-soul,Mantra,Utility,Common,Synthesis,Aqua,0,0,0,0,0,0,0,0,0,(cardvalue); Basic Attacks,cards/0968-mantra-of-soul-6888700.okf.md
969,587299,Mantra of Stone,mantra-of-stone,Mantra,Utility,Common,Synthesis,Aqua,0,0,0,0,0,0,0,0,0,(cardvalue); Barrier,cards/0969-mantra-of-stone-587299.okf.md
970,671295,Mantra of Time,mantra-of-time,Mantra,Utility,Common,Synthesis,Aqua,0,0,0,0,0,0,0,0,0,(cardvalue); Momentum,cards/0970-mantra-of-time-671295.okf.md
971,6888701,MantraSoulEffect,mantrasouleffect,Mantra,Utility,Rare,None,Aqua,0,0,0,0,0,0,0,0,0,(cardvalue); Basic Attacks,cards/0971-mantrasouleffect-6888701.okf.md
972,940610,Map of Forms,map-of-forms,Artifact,Utility,Rare,None,Brown,0,0,0,0,1,0,0,0,0,After; Determines; Grounded; One Use; Plunder; Sunforge; TYPE,cards/0972-map-of-forms-940610.okf.md
973,940611,Map of Forms 1,map-of-forms-1,Item,Utility,Rare,None,Brown,0,0,0,0,1,0,0,0,0,All; Melee,cards/0973-map-of-forms-1-940611.okf.md
974,940612,Map of Forms 2,map-of-forms-2,Item,Utility,Rare,None,Brown,0,0,0,0,1,0,0,0,0,All; Ranged,cards/0974-map-of-forms-2-940612.okf.md
975,940613,Map of Forms 3,map-of-forms-3,Item,Utility,Rare,None,Brown,0,0,0,0,1,0,0,0,0,All; Magic,cards/0975-map-of-forms-3-940613.okf.md
976,940614,Map of Forms 4,map-of-forms-4,Item,Utility,Rare,None,Brown,0,0,0,0,1,0,0,0,0,All; Divine,cards/0976-map-of-forms-4-940614.okf.md
977,940615,Map of Forms 5,map-of-forms-5,Item,Utility,Rare,None,Brown,0,0,0,0,1,0,0,0,0,All,cards/0977-map-of-forms-5-940615.okf.md
978,813460,Map of Hues,map-of-hues,Artifact,Utility,Rare,None,Brown,0,0,0,0,1,0,0,0,0,After; COLOR; Determines; Grounded; One Use; Plunder; Sunforge,cards/0978-map-of-hues-813460.okf.md
979,813461,Map of Hues 1,map-of-hues-1,Item,Utility,Rare,None,Green,1,0,0,0,0,0,0,0,0,All; DEX,cards/0979-map-of-hues-1-813461.okf.md
980,813462,Map of Hues 2,map-of-hues-2,Item,Utility,Rare,None,Aqua,0,0,0,0,0,1,0,0,0,All; AQUA,cards/0980-map-of-hues-2-813462.okf.md
981,813463,Map of Hues 3,map-of-hues-3,Item,Utility,Rare,None,Orange,0,0,0,0,0,0,1,0,0,All; ORANGE,cards/0981-map-of-hues-3-813463.okf.md
982,813464,Map of Hues 4,map-of-hues-4,Item,Utility,Rare,None,Blue,0,1,0,0,0,0,0,0,0,All; INT,cards/0982-map-of-hues-4-813464.okf.md
983,813465,Map of Hues 5,map-of-hues-5,Item,Utility,Rare,None,Purple,0,0,0,0,0,0,0,1,0,All; PURPLE,cards/0983-map-of-hues-5-813465.okf.md
984,813466,Map of Hues 6,map-of-hues-6,Item,Utility,Rare,None,Red,0,0,1,0,0,0,0,0,0,All; STR,cards/0984-map-of-hues-6-813466.okf.md
985,813467,Map of Hues 7,map-of-hues-7,Item,Utility,Rare,None,Gold,0,0,0,1,0,0,0,0,0,All; HOLY,cards/0985-map-of-hues-7-813467.okf.md
986,813468,Map of Hues 8,map-of-hues-8,Item,Utility,Rare,None,Brown,0,0,0,0,1,0,0,0,0,All; NEUTRAL,cards/0986-map-of-hues-8-813468.okf.md
987,8134649,Map of Hues 9,map-of-hues-9,Item,Utility,Rare,None,Black,0,0,0,0,0,0,0,0,1,All; BLOOD,cards/0987-map-of-hues-9-8134649.okf.md
988,153240,Map of Power,map-of-power,Artifact,Utility,Rare,None,Brown,0,0,0,0,1,0,0,0,0,After; CATEGORY; Determines; Grounded; One Use; Plunder; Sunforge,cards/0988-map-of-power-153240.okf.md
989,153241,Map of Power 1,map-of-power-1,Item,Utility,Rare,None,Brown,0,0,0,0,1,0,0,0,0,Action; All,cards/0989-map-of-power-1-153241.okf.md
990,153242,Map of Power 2,map-of-power-2,Item,Utility,Rare,None,Brown,0,0,0,0,1,0,0,0,0,All; Enchantment,cards/0990-map-of-power-2-153242.okf.md
991,153243,Map of Power 3,map-of-power-3,Item,Utility,Rare,None,Brown,0,0,0,0,1,0,0,0,0,All; Item,cards/0991-map-of-power-3-153243.okf.md
992,153244,Map of Power 4,map-of-power-4,Item,Utility,Rare,None,Brown,0,0,0,0,1,0,0,0,0,All; Equipment,cards/0992-map-of-power-4-153244.okf.md
993,4643490,Map of Riches,map-of-riches,Artifact,Utility,Rare,None,Brown,0,0,0,0,1,0,0,0,0,After; Determines; Grounded; One Use; Plunder; RARITY; Sunforge,cards/0993-map-of-riches-4643490.okf.md
994,4643491,Map of Riches 1,map-of-riches-1,Item,Utility,Common,None,Brown,0,0,0,0,1,0,0,0,0,All; Common,cards/0994-map-of-riches-1-4643491.okf.md
995,4643492,Map of Riches 2,map-of-riches-2,Item,Utility,Uncommon,None,Brown,0,0,0,0,1,0,0,0,0,All; Uncommon,cards/0995-map-of-riches-2-4643492.okf.md
996,4643493,Map of Riches 3,map-of-riches-3,Item,Utility,Rare,None,Brown,0,0,0,0,1,0,0,0,0,All; Rare,cards/0996-map-of-riches-3-4643493.okf.md
997,4643494,Map of Riches 4,map-of-riches-4,Item,Utility,Legendary,None,Brown,0,0,0,0,1,0,0,0,0,All; Legendary,cards/0997-map-of-riches-4-4643494.okf.md
998,826990,Martial Combat,martial-combat,Action,Utility,Uncommon,Core,Red,0,0,1,0,0,0,0,0,0,Basic Attack; Lasting,cards/0998-martial-combat-826990.okf.md
999,836285,Martyr's Assault,martyr-s-assault,Action,Melee,Rare,Eclypse,Red,0,0,1,1,0,0,0,0,0,Untempered,cards/0999-martyr-s-assault-836285.okf.md
1000,271399,Martyr's Resolve,martyr-s-resolve,Enchantment,Divine,Rare,Eclypse,Red,0,0,0,1,0,0,0,0,0,HEALTH,cards/1000-martyr-s-resolve-271399.okf.md
1001,905907,Master of Arms,master-of-arms,Enchantment,Utility,Rare,Core,Red,0,0,1,0,0,0,0,0,0,Basic Attack; Basic Attacks; enchantmentStacks; Increases,cards/1001-master-of-arms-905907.okf.md
1002,835698,Master of Crafts,master-of-crafts,Action,Utility,Uncommon,Synthesis,Red,0,0,1,0,0,0,0,0,0,Adapt; Adaptation; Delve,cards/1002-master-of-crafts-835698.okf.md
1003,987195,Master of Forms,master-of-forms,Enchantment,Utility,Legendary,Metamorphosis,Aqua,0,0,0,0,0,3,0,0,0,Anger Unique; Beastform; Shift,cards/1003-master-of-forms-987195.okf.md
1004,384797,Masterchef,masterchef,Action,Utility,Legendary,Eclypse,Red,0,0,1,0,0,0,0,0,0,Add; Ingredients,cards/1004-masterchef-384797.okf.md
1005,890339,Materialize,materialize,Conjuration,Utility,Common,Metamorphosis,Orange,0,0,0,0,0,0,0,0,0,Bleeding; Inflict; Persistent; Piercing,cards/1005-materialize-890339.okf.md
1006,65187,Maul (Companion),maul-companion,Action,Melee,Common,Synthesis,Orange,0,0,0,0,2,0,0,0,0,Advantage; Attack; companionlevel+4,cards/1006-maul-companion-65187.okf.md
1007,490987,Mauler,mauler,Basic Attack,Melee,Common,Metaprogress,Brown,0,0,0,0,2,0,0,0,0,Crushing; Fury; Rampage; Shuffle,cards/1007-mauler-490987.okf.md
1008,540134,Mechanical Arm,mechanical-arm,Equipment,Utility,Rare,Core Extended,Brown,0,0,0,0,2,0,0,0,0,Activate; Durability; Play,cards/1008-mechanical-arm-540134.okf.md
1009,582601,Medikit,medikit,Equipment,Utility,Uncommon,Synthesis,Brown,0,0,0,0,1,0,0,0,0,Activate; Durability; HEALTH,cards/1009-medikit-582601.okf.md
1010,300528,Meditations,meditations,Enchantment,Utility,Rare,Synthesis,Aqua,0,0,0,0,0,1,0,0,0,Mantra,cards/1010-meditations-300528.okf.md
1011,200640,Melee Mastery,melee-mastery,Action,Utility,Legendary,Synthesis,Red,0,0,1,0,0,0,0,0,0,Basic Attack; Choose; Melee Action,cards/1011-melee-mastery-200640.okf.md
1012,835544,Mental Assault,mental-assault,Action,Utility,Rare,Core,Aqua,0,0,0,0,0,3,0,0,0,Attacks; Basic Attacks; Focus; Make; my(status)Focus; Scholar,cards/1012-mental-assault-835544.okf.md
1013,615352,Mesmerize,mesmerize,Action,Utility,Common,Metamorphosis,Green,1,0,0,0,0,0,0,0,0,Charmed; damageBonus; Inflict,cards/1013-mesmerize-615352.okf.md
1014,647227,Meteor Storm,meteor-storm,Action,Magic,Uncommon,Core,Blue,0,3,0,0,0,0,0,0,0,Burning; Bury; Channel; Foretold; Free; Turn,cards/1014-meteor-storm-647227.okf.md
1015,81412,Mind,mind,Action,Utility,Common,None,Blue,0,0,0,0,0,0,0,0,0,Focus; Gain INT,cards/1015-mind-81412.okf.md
1016,650691,Mind Expansion,mind-expansion,Action,Utility,Common,Synthesis,Blue,0,1,0,0,0,0,0,0,0,Increase; Maximum Handsize,cards/1016-mind-expansion-650691.okf.md
1017,257791,Mind Nova,mind-nova,Action,Utility,Legendary,Eclypse,Aqua,0,0,0,0,0,1,0,1,0,Nova; novacards; Repeat,cards/1017-mind-nova-257791.okf.md
1018,872612,Mind Palace,mind-palace,Action,Utility,Legendary,Synthesis,Blue,0,3,0,0,0,0,0,0,0,Focus; INT; Psionic,cards/1018-mind-palace-872612.okf.md
1019,376338,Mindblast,mindblast,Action,Magic,Common,Core,Blue,0,1,0,0,0,0,0,0,0,Focus,cards/1019-mindblast-376338.okf.md
1020,243959,Mindlash,mindlash,Basic Attack,Magic,Common,Metaprogress,Brown,0,0,0,0,1,0,0,0,0,Companion; Dazed; Inflict,cards/1020-mindlash-243959.okf.md
1021,899255,Mindsight,mindsight,Action,Utility,Common,Metamorphosis,Aqua,0,0,0,0,0,1,0,0,0,Gain Focus; INT,cards/1021-mindsight-899255.okf.md
1022,540296,Mindstrike,mindstrike,Action,Magic,Common,Core,Aqua,0,0,0,0,0,1,0,0,0,Basic Attacks; Focus,cards/1022-mindstrike-540296.okf.md
1023,341809,Mojo,mojo,Action,Utility,Common,Eclypse,Orange,0,0,0,0,0,0,1,0,0,Perform; Soul; Souls; Use,cards/1023-mojo-341809.okf.md
1024,940837,Molten Fury,molten-fury,Action,Utility,Legendary,Eclypse,Red,0,0,1,0,0,0,0,0,0,Double; Frenzy; Temporary; Upgrade,cards/1024-molten-fury-940837.okf.md
1025,144375,Monolith,monolith,Basic Attack,Melee,Legendary,None,Red,0,0,0,0,1,0,0,0,0,Dazed Rampage; Inflict; Interrupt; On Hit; Untempered,cards/1025-monolith-144375.okf.md
1026,682486,Moonclaws,moonclaws,Basic Attack,Melee,Common,Metaprogress,Brown,0,0,0,0,1,0,0,0,0,Swaps,cards/1026-moonclaws-682486.okf.md
1027,611959,Moondancing,moondancing,Enchantment,Utility,Rare,Eclypse,Orange,0,0,0,0,0,0,1,0,0,Darkness,cards/1027-moondancing-611959.okf.md
1028,980134,Moonwell,moonwell,Enchantment,Utility,Legendary,Eclypse,Aqua,0,0,0,0,0,2,0,0,0,Add; Foretell; HEALTH; Moonwell,cards/1028-moonwell-980134.okf.md
1029,845826,Move to Tears,move-to-tears,Action,Utility,Rare,Metamorphosis,Green,2,0,0,0,0,0,0,0,0,Bleeding; other(status)Bleeding; Perform; Persistent,cards/1029-move-to-tears-845826.okf.md
1030,876205,Multishot,multishot,Enchantment,Utility,Rare,Core,Green,1,0,0,0,0,0,0,0,0,Arrow; Evasion,cards/1030-multishot-876205.okf.md
1031,377873,Muscle Memory,muscle-memory,Action,Utility,Common,Metamorphosis,Red,0,0,1,0,0,0,0,0,0,Frenzy; Gain STR; Melee Action; STR,cards/1031-muscle-memory-377873.okf.md
1032,126901,Mystic Assault,mystic-assault,Action,Utility,Uncommon,Synthesis,Aqua,0,0,0,0,1,2,0,0,0,Basic Attack; Enchantment; Make; myEnchantments; Repeat,cards/1032-mystic-assault-126901.okf.md
1033,516336,Mystic Contract,mystic-contract,Enchantment,Utility,Legendary,None,Orange,0,0,0,0,0,0,0,0,0,Execute,cards/1033-mystic-contract-516336.okf.md
1034,775507,Myth of Gura,myth-of-gura,Action,Utility,Common,Eclypse,Orange,0,0,0,0,0,0,1,0,0,Charges; differentCostCards; Perform,cards/1034-myth-of-gura-775507.okf.md
1035,274095,Naval Warfare (Ebb),naval-warfare-ebb,Action,Ranged,Common,Eclypse,Green,1,0,0,0,0,0,0,0,0,Persistent; Repeat; roundNumber,cards/1035-naval-warfare-ebb-274095.okf.md
1036,138356,Naval Warfare (Flow),naval-warfare-flow,Action,Ranged,Common,Eclypse,Green,0,0,0,0,3,0,0,0,0,NEUTRAL; Persistent; tempValue+10; Tidal,cards/1036-naval-warfare-flow-138356.okf.md
1037,137900,Night Whispers,night-whispers,Action,Corruption,Rare,Synthesis,Blue,0,2,0,0,0,0,0,0,1,Dominated; HEALTH; Otherwise; Sleeping; Subjugate,cards/1037-night-whispers-137900.okf.md
1038,95812,Night's Demise,night-s-demise,Action,Melee,Uncommon,Catalyst,Orange,0,0,0,0,0,0,1,0,1,Darkness; Execute; Increase; permaValue,cards/1038-night-s-demise-95812.okf.md
1039,640801,No Mercy,no-mercy,Action,Melee,Legendary,Metamorphosis,Orange,0,0,0,0,0,0,2,0,0,HEALTH; Maximum Health; Slay,cards/1039-no-mercy-640801.okf.md
1040,698168,No Soup,no-soup,Action,Utility,Rare,Eclypse,Red,0,0,1,0,0,0,0,0,0,Anger; Charges; cooking; Cooking; Repeat,cards/1040-no-soup-698168.okf.md
1041,952401,Nope!,nope,Action,Utility,Uncommon,Infinitum,Green,1,0,0,0,0,0,0,0,0,Nope; Only; Reduce,cards/1041-nope-952401.okf.md
1042,319198,Not Dead Yet,not-dead-yet,Enchantment,Utility,Rare,Eclypse,Red,0,0,1,0,0,0,0,0,0,Aspect; HEALTH; On Death; Overkill; Resurrect; Vengeance,cards/1042-not-dead-yet-319198.okf.md
1043,98955,Oath of Blood,oath-of-blood,Action,Utility,Uncommon,Eclypse,Red,0,0,0,0,1,0,0,0,0,Anger; If HOLY; Oathbound,cards/1043-oath-of-blood-98955.okf.md
1044,839230,Oath of Fire,oath-of-fire,Action,Utility,Uncommon,Eclypse,Red,0,0,0,0,1,0,0,0,0,If HOLY; Oathbound; Rally,cards/1044-oath-of-fire-839230.okf.md
1045,165466,Oathbound,oathbound,Enchantment,Utility,Rare,None,Red,0,0,0,0,1,0,0,0,0,HEALTH; HOLY; Scar,cards/1045-oathbound-165466.okf.md
1046,41020033,Oathbreaker,oathbreaker,Basic Attack,Melee,Legendary,Core Extended,Black,0,0,0,0,0,0,0,0,1,Add; Ambush; Blood Taxes; Code; Inflict Bleeding; oathsbroken,cards/1046-oathbreaker-41020033.okf.md
1047,408548,Oblivion,oblivion,Revelation,Utility,Legendary,Core Extended,Aqua,0,0,0,0,0,0,0,0,0,Consumes; Focus; Slay,cards/1047-oblivion-408548.okf.md
1048,872072,Observe,observe,Action,Utility,Common,Metamorphosis,Blue,0,0,0,0,0,0,0,0,0,Foretell; foretell+3,cards/1048-observe-872072.okf.md
1049,886031,Obsession,obsession,Action,Utility,Rare,Infinitum,Gold,0,0,0,1,0,0,0,0,0,Gain Zeal,cards/1049-obsession-886031.okf.md
1050,109810,Occult Secrets,occult-secrets,Action,Magic,Uncommon,Eclypse,Blue,0,2,0,0,0,0,0,0,1,Cursed; Hex; Inflict,cards/1050-occult-secrets-109810.okf.md
1051,331484,Occultism,occultism,Enchantment,Utility,Rare,Eclypse,Blue,0,1,0,0,0,0,0,0,0,BLOOD; Memorized; Momentum; Potency,cards/1051-occultism-331484.okf.md
1052,491401,Offer of Doom,offer-of-doom,Offering,Corruption,Legendary,None,Black,0,0,0,0,0,0,0,0,0,Slain,cards/1052-offer-of-doom-491401.okf.md
1053,143387,Old Grievances,old-grievances,Action,Utility,Rare,Eclypse,Purple,0,0,0,0,0,0,0,1,1,Anger; Corrupted; Gain Anger,cards/1053-old-grievances-143387.okf.md
1054,735408,On my Command,on-my-command,Action,Utility,Common,Infinitum,Red,0,0,1,0,0,0,0,0,0,Basic Attack; Charges; Make,cards/1054-on-my-command-735408.okf.md
1055,366984,Ooooh Shiny,ooooh-shiny,Action,Utility,Uncommon,Metamorphosis,Green,1,0,0,0,0,0,0,0,0,Charmed; Conjure; Jinxed,cards/1055-ooooh-shiny-366984.okf.md
1056,37372,Opulence,opulence,Revelation,Utility,Legendary,Core Extended,Aqua,0,0,0,0,0,0,0,0,0,Revelations,cards/1056-opulence-37372.okf.md
1057,367494,Oracle's Pendant,oracle-s-pendant,Artifact,Utility,Legendary,Infinitum,Aqua,0,0,0,0,0,3,0,0,0,Conjurations; Focus,cards/1057-oracle-s-pendant-367494.okf.md
1058,809998,Orb of Fire,orb-of-fire,Action,Magic,Common,Catalyst,Blue,0,1,0,0,0,0,0,0,0,Attune; Burning; Fire; Inflict,cards/1058-orb-of-fire-809998.okf.md
1059,602799,Orb of Frost,orb-of-frost,Action,Magic,Common,Catalyst,Blue,0,1,0,0,0,0,0,0,0,Attune; Frost; Frozen; Inflict,cards/1059-orb-of-frost-602799.okf.md
1060,843658,Orb of Thunder,orb-of-thunder,Action,Magic,Common,Catalyst,Blue,0,1,0,0,0,0,0,0,0,Attune; Chain; Lightning,cards/1060-orb-of-thunder-843658.okf.md
1061,98406,Orphic Glance,orphic-glance,Action,Utility,Uncommon,Core Extended,Black,0,0,0,0,0,0,0,0,1,Bury; Swap,cards/1061-orphic-glance-98406.okf.md
1062,859837,Overdraft,overdraft,Action,Utility,Rare,Synthesis,Purple,0,0,0,0,0,0,0,2,0,BLOOD; Convert,cards/1062-overdraft-859837.okf.md
1063,646895,Overmind,overmind,Enchantment,Utility,Rare,Synthesis,Blue,0,3,0,0,0,0,0,0,0,cardsInHand; Discard Phase; End; HEALTH; Lose; Maximum Handsize; Turn,cards/1063-overmind-646895.okf.md
1064,301489,Overwatch,overwatch,Enchantment,Utility,Rare,Synthesis,Purple,0,0,0,0,0,0,0,2,0,Armor; Stagger,cards/1064-overwatch-301489.okf.md
1065,678726,Pacified,pacified,Enchantment,Utility,Legendary,None,Purple,0,0,0,0,1,0,0,0,0,Magic; Melee; Ranged,cards/1065-pacified-678726.okf.md
1066,143920,Pacifism,pacifism,Enchantment,Utility,Legendary,Metaprogress,Aqua,0,0,0,0,0,1,0,0,0,Impervious,cards/1066-pacifism-143920.okf.md
1067,725100,Painful Inquiry,painful-inquiry,Enchantment,Corruption,Rare,Eclypse,Blue,0,1,0,0,0,0,0,0,2,BLOOD; Vile Wound,cards/1067-painful-inquiry-725100.okf.md
1068,634781,Painful Memories,painful-memories,Enchantment,Utility,Rare,Infinitum,Orange,0,0,0,0,0,0,2,0,0,Anger; Discard Pile,cards/1068-painful-memories-634781.okf.md
1069,557834,Panacea,panacea,Item,Utility,Common,Core,Brown,0,0,0,0,0,0,0,0,0,Affliction; Cleanse; HEALTH; One Use,cards/1069-panacea-557834.okf.md
1070,603584,Panzer,panzer,Equipment,Utility,Legendary,Synthesis,Purple,0,0,0,0,3,0,0,0,0,Activate; Armor; damageTaken; Durability,cards/1070-panzer-603584.okf.md
1071,560947,Parrot Familiar,parrot-familiar,Equipment,Utility,Common,Eclypse,Green,1,0,0,0,0,0,0,0,0,Activate; Deplete; DEX; Durability; Gain GOLD; Surge,cards/1071-parrot-familiar-560947.okf.md
1072,343204,Parrot Listener,parrot-listener,Enchantment,Utility,Common,None,Green,1,0,0,0,0,0,0,0,0,Copy,cards/1072-parrot-listener-343204.okf.md
1073,466360,Passing of Time,passing-of-time,Action,Utility,Legendary,Eclypse,Aqua,0,0,0,0,0,1,0,0,0,Conjure; Foretell; foretell+3; Memorized,cards/1073-passing-of-time-466360.okf.md
1074,859948,Patience,patience,Action,Divine,Rare,Core,Gold,0,0,0,0,0,0,0,0,0,,cards/1074-patience-859948.okf.md
1075,190882,Pay Out,pay-out,Action,Corruption,Legendary,None,Gold,0,0,0,0,1,0,0,0,0,GOLD; sinister; Sinister,cards/1075-pay-out-190882.okf.md
1076,244012,Peace Offering,peace-offering,Action,Utility,Legendary,Catalyst,Purple,0,0,0,0,1,0,0,0,0,Charmed; Inflict; Magic; Melee; Ranged; Repeat,cards/1076-peace-offering-244012.okf.md
1077,183721,Permafrost,permafrost,Enchantment,Utility,Legendary,None,Blue,0,0,0,0,0,0,0,0,0,Frozen,cards/1077-permafrost-183721.okf.md
1078,45731,Permeating Cold,permeating-cold,Enchantment,Utility,Legendary,Core,Blue,0,3,0,0,0,0,0,0,0,Frozen,cards/1078-permeating-cold-45731.okf.md
1079,596739,Persecution,persecution,Action,Divine,Common,Catalyst,Gold,0,0,0,1,0,0,0,0,0,Basic Attack; Code; Make,cards/1079-persecution-596739.okf.md
1080,514461,Perseverance,perseverance,Action,Utility,Rare,Synthesis,Gold,0,0,0,1,0,0,0,0,0,Affliction; Afflictions; Gain HOLY,cards/1080-perseverance-514461.okf.md
1081,799615,Pestilent Decree,pestilent-decree,Enchantment,Utility,Common,None,Brown,0,0,0,0,0,0,0,0,0,chapter; Decay; Forbidden Name; Forbidden Names,cards/1081-pestilent-decree-799615.okf.md
1082,174620,Phantom Volley,phantom-volley,Action,Utility,Rare,Metaprogress,Green,1,0,0,0,0,0,0,0,0,Arrow; Conjure,cards/1082-phantom-volley-174620.okf.md
1083,414630,Phase (Companion),phase-companion,Action,Utility,Uncommon,Synthesis,Orange,0,0,0,0,1,0,0,0,0,Advantage; Grant Evasion,cards/1083-phase-companion-414630.okf.md
1084,68505,Philosophers Stone,philosophers-stone,Item,Utility,Legendary,Core Extended,Brown,0,0,0,0,1,0,0,0,0,Charges; Conjure; Scholar,cards/1084-philosophers-stone-68505.okf.md
1085,579751,Phylactery Visor,phylactery-visor,Artifact,Utility,Legendary,Infinitum,Purple,0,0,0,0,0,0,0,0,3,Armor; Bane; Corrupted; Hexglaive; Inflict; Transform,cards/1085-phylactery-visor-579751.okf.md
1086,912328,Pickpocket,pickpocket,Action,Melee,Common,Infinitum,Green,1,0,0,0,0,0,0,0,0,Ambush; Charges; Delve; GOLD; On Hit; Potion,cards/1086-pickpocket-912328.okf.md
1087,534787,Piece of Eight,piece-of-eight,Action,Utility,Legendary,Core Extended,Green,1,0,0,0,0,0,0,0,0,Change; Channel; Conjure; Lucky Coin; Tide,cards/1087-piece-of-eight-534787.okf.md
1088,59464,Pierce the Veil,pierce-the-veil,Action,Utility,Common,Metaprogress,Aqua,0,0,0,0,0,1,0,0,0,Basic Attack; Foretell; foretell+3,cards/1088-pierce-the-veil-59464.okf.md
1089,392378,Pinspitter,pinspitter,Action,Ranged,Common,Eclypse,Orange,0,0,0,0,0,0,1,0,0,Delve; Effigy; On Hit; Pin,cards/1089-pinspitter-392378.okf.md
1090,846092,Pious Sermon,pious-sermon,Action,Utility,Common,Synthesis,Gold,0,0,0,0,1,0,0,0,0,HOLY; Perform; Zeal,cards/1090-pious-sermon-846092.okf.md
1091,645887,Pirate Bank,pirate-bank,Action,Utility,Legendary,Eclypse,Green,1,0,0,0,0,0,0,0,0,GOLD; HEALTH; Increase; Persistent; tempValue+1; Tidal,cards/1091-pirate-bank-645887.okf.md
1092,122522,Pirate Bank (Tides),pirate-bank-tides,Action,Utility,Legendary,Eclypse,Green,3,0,0,0,0,0,0,0,0,GOLD; Increase; myGold/50; Persistent; tempValue+1; Tidal,cards/1092-pirate-bank-tides-122522.okf.md
1093,1613391,Pirate Ink I,pirate-ink-i,Action,Utility,Legendary,None,Brown,0,0,0,0,1,0,0,0,0,Grounded; Talent,cards/1093-pirate-ink-i-1613391.okf.md
1094,4613312,Pirate Ink II,pirate-ink-ii,Action,Utility,Legendary,None,Green,0,0,0,0,1,0,0,0,0,Grounded; Talent,cards/1094-pirate-ink-ii-4613312.okf.md
1095,4613393,Pirate Ink III,pirate-ink-iii,Action,Utility,Legendary,None,Blue,0,0,0,0,1,0,0,0,0,Grounded; Talent,cards/1095-pirate-ink-iii-4613393.okf.md
1096,4613394,Pirate Ink IV,pirate-ink-iv,Action,Utility,Legendary,None,Purple,0,0,0,0,1,0,0,0,0,Grounded; Talent,cards/1096-pirate-ink-iv-4613394.okf.md
1097,4613395,Pirate Ink V,pirate-ink-v,Action,Utility,Legendary,None,Orange,0,0,0,0,1,0,0,0,0,Grounded; Talent,cards/1097-pirate-ink-v-4613395.okf.md
1098,1613342,Pirate Parlour,pirate-parlour,Equipment,Utility,Legendary,None,Green,0,0,0,0,1,0,0,0,0,Durability; GOLD; Grounded; Open; Pay,cards/1098-pirate-parlour-1613342.okf.md
1099,448820,Pirate's Parley,pirate-s-parley,Action,Melee,Legendary,Eclypse,Green,1,0,0,0,0,0,0,0,0,Booty; damageDealtThisTurn; Elite; Execute; GOLD; Inflict Charmed,cards/1099-pirate-s-parley-448820.okf.md
1100,665952,Pitch,pitch,Action,Utility,Common,Synthesis,Green,0,0,0,0,0,0,0,0,0,Reduce,cards/1100-pitch-665952.okf.md
1101,724999,Plague Strike,plague-strike,Action,Melee,Common,Core,Green,1,0,0,0,0,0,0,0,0,Flanking; other(status)Poison; Poison,cards/1101-plague-strike-724999.okf.md
1102,673715,Plain Bow,plain-bow,Action,Ranged,Uncommon,Catalyst,Aqua,0,0,0,0,0,1,0,0,0,DEX INT; Rainbow; STR HOLY,cards/1102-plain-bow-673715.okf.md
1103,882648,Plated,plated,Adaptation,Utility,Common,None,Green,0,0,0,0,0,0,0,0,0,Gain Armor; On Hit,cards/1103-plated-882648.okf.md
1104,14344,Plated Maul,plated-maul,Basic Attack,Melee,Common,None,Brown,0,0,0,0,1,0,0,0,0,Armor; On Hit; Swap,cards/1104-plated-maul-14344.okf.md
1105,8285,Plunder,plunder,Action,Ranged,Legendary,Eclypse,Green,1,0,0,0,0,0,0,0,0,Delve; On Hit; Reward,cards/1105-plunder-8285.okf.md
1106,786006,Pocket Aces,pocket-aces,Action,Utility,Uncommon,Core,Green,1,0,0,0,0,0,0,0,0,Conjure,cards/1106-pocket-aces-786006.okf.md
1107,549244,Poison Arrow,poison-arrow,Action,Ranged,Common,Core,Green,0,0,0,0,0,0,0,0,0,Inflict Poison,cards/1107-poison-arrow-549244.okf.md
1108,893237,Poison Coating,poison-coating,Enchantment,Utility,Common,Core,Green,1,0,0,0,0,0,0,0,0,Hit; Melee; Poison; Ranged,cards/1108-poison-coating-893237.okf.md
1109,42341,Poison Damage,poison-damage,Enchantment,Utility,Legendary,None,Green,0,0,0,0,0,0,0,0,0,poisonDamage; Your Poison,cards/1109-poison-damage-42341.okf.md
1110,270222,Poison Nova,poison-nova,Action,Utility,Common,Eclypse,Green,1,0,0,0,0,0,0,0,0,Inflict; Nova; novacards; Poison; Potency; Repeat,cards/1110-poison-nova-270222.okf.md
1111,471512,Polish,polish,Action,Utility,Common,Catalyst,Purple,0,0,0,0,1,0,0,0,0,Armor; Blessing; typesOfEnergy,cards/1111-polish-471512.okf.md
1112,201970,Polished Steel,polished-steel,Enchantment,Utility,Uncommon,Synthesis,Purple,0,0,0,0,0,0,0,1,0,Armor; damageBonus+1; Equipment; Upgradeable,cards/1112-polished-steel-201970.okf.md
1113,348169,Portal,portal,Action,Utility,Legendary,Infinitum,Blue,0,3,0,0,0,0,0,0,0,Battle; Leave,cards/1113-portal-348169.okf.md
1114,295680,Potion of Alacrity,potion-of-alacrity,Item,Utility,Rare,Core,Brown,0,0,0,0,1,0,0,0,0,Haste; One Use,cards/1114-potion-of-alacrity-295680.okf.md
1115,274127,Potion of Trickery,potion-of-trickery,Item,Utility,Common,Infinitum,Brown,0,0,0,0,0,0,0,0,0,Add; Evasion; One Use; Snare,cards/1115-potion-of-trickery-274127.okf.md
1116,855931,Potion of Visions,potion-of-visions,Item,Utility,Rare,Core,Brown,0,0,0,0,0,0,0,0,0,One Use,cards/1116-potion-of-visions-855931.okf.md
1117,222465,Potion Sash,potion-sash,Equipment,Utility,Uncommon,Catalyst,Brown,0,0,0,0,1,0,0,0,0,Activate; Conjure; Durability; Potion,cards/1117-potion-sash-222465.okf.md
1118,756318,Pounce (Companion),pounce-companion,Action,Melee,Rare,Synthesis,Orange,0,0,0,0,2,0,0,0,0,Bleeding; Free,cards/1118-pounce-companion-756318.okf.md
1119,182720,Powder Pockets,powder-pockets,Action,Utility,Uncommon,Infinitum,Red,0,0,1,0,0,0,0,0,0,Bomb; Bombs; Charges; Conjure,cards/1119-powder-pockets-182720.okf.md
1120,568807,Power Armor,power-armor,Equipment,Utility,Legendary,Catalyst,Brown,0,0,0,0,3,0,0,0,0,Activate; Armor; Durability; Fortified,cards/1120-power-armor-568807.okf.md
1121,53894,Prayer,prayer,Action,Divine,Common,Core,Brown,0,0,0,0,0,0,0,0,0,Bury; Gain HOLY,cards/1121-prayer-53894.okf.md
1122,874493,Precision,precision,Enchantment,Utility,Rare,Metamorphosis,Red,0,0,2,0,0,0,0,0,0,Critical Hit; Deep Wounds; Melee Actions; otherWounds,cards/1122-precision-874493.okf.md
1123,67183,Predator's Guile,predator-s-guile,Enchantment,Utility,Legendary,Catalyst,Orange,0,0,0,0,0,0,0,0,2,Ambush; Critical Hits; Darkness; Melee Actions; While,cards/1123-predator-s-guile-67183.okf.md
1124,659089,Preordain,preordain,Action,Utility,Legendary,Infinitum,Aqua,0,0,0,0,0,3,0,0,0,Grounded; One Use; Upgrade,cards/1124-preordain-659089.okf.md
1125,124833,Preparation,preparation,Action,Utility,Common,Core,Green,0,0,0,0,0,0,0,0,0,DEX; Gain DEX,cards/1125-preparation-124833.okf.md
1126,82468,Prepare for Prey,prepare-for-prey,Action,Utility,Common,Metamorphosis,Orange,0,0,0,0,0,0,1,0,0,Bleeding; Inflict Marked; Soul; Spend,cards/1126-prepare-for-prey-82468.okf.md
1127,835348,Preserve,preserve,Action,Utility,Rare,Infinitum,Blue,0,2,0,0,0,0,0,0,0,Remove ALL; Return; Status Effects,cards/1127-preserve-835348.okf.md
1128,499712,Prestidigitation,prestidigitation,Action,Magic,Rare,Core,Blue,0,1,0,0,0,0,0,0,0,Reduce,cards/1128-prestidigitation-499712.okf.md
1129,581226,Prestige,prestige,Action,Utility,Legendary,Catalyst,Blue,0,2,0,0,0,0,0,0,0,Conjure,cards/1129-prestige-581226.okf.md
1130,160739,Pride,pride,Action,Corruption,Common,Core,Black,0,0,0,0,0,0,0,0,0,Jinxed; Unplayable,cards/1130-pride-160739.okf.md
1131,898850,Prismatic Shard,prismatic-shard,Artifact,Utility,Legendary,Core Extended,Brown,1,1,1,0,0,0,0,0,0,Anger; Evasion; Focus; HEALTH; Memorized; Use DEX; Use HOLY; Use INT; Use STR,cards/1131-prismatic-shard-898850.okf.md
1132,745037,Private,private,Enchantment,Utility,Legendary,None,Purple,0,0,0,0,0,0,0,0,0,,cards/1132-private-745037.okf.md
1133,893359,Profane Shell,profane-shell,Action,Utility,Common,Infinitum,Purple,0,0,0,0,0,0,0,1,0,Afflictions; Barrier; Convert,cards/1133-profane-shell-893359.okf.md
1134,784061,Profanity,profanity,Action,Utility,Rare,Infinitum,Purple,0,0,0,0,0,0,0,1,0,Corrupted; Increase,cards/1134-profanity-784061.okf.md
1135,607934,Profess,profess,Action,Utility,Common,Infinitum,Aqua,0,0,0,0,0,1,0,0,0,Conjure; Focus; Foretell; my(status)Focus; Prophetic Bolts,cards/1135-profess-607934.okf.md
1136,324667,Project Kata,project-kata,Enchantment,Utility,Uncommon,Synthesis,Aqua,0,0,0,0,0,2,0,0,0,highestCopiesPlayed; Mantra,cards/1136-project-kata-324667.okf.md
1137,971765,Promotion,promotion,Action,Utility,Uncommon,Catalyst,Purple,0,0,0,0,0,0,0,1,0,Charges; Conjure; Coronation; Deplete; Rally,cards/1137-promotion-971765.okf.md
1138,54735,Prophetic Bolt,prophetic-bolt,Action,Magic,Common,Infinitum,Aqua,0,0,0,0,0,1,0,0,0,Inflict Doom; tempValue; When Foretold,cards/1138-prophetic-bolt-54735.okf.md
1139,744523,Prosperity,prosperity,Revelation,Utility,Legendary,Core Extended,Aqua,0,0,0,0,0,0,0,0,0,Consumes; Focus; GOLD,cards/1139-prosperity-744523.okf.md
1140,942812,Providence,providence,Action,Divine,Common,Core Extended,Gold,0,0,0,0,1,0,0,0,0,Foretell; foretell+3; Foretold; Gain HOLY,cards/1140-providence-942812.okf.md
1141,70233,Prowl (Companion),prowl-companion,Action,Utility,Uncommon,Synthesis,Orange,0,0,0,0,1,0,0,0,0,Advantage; companionlevel; Critical Hit; Ferocity; Grant,cards/1141-prowl-companion-70233.okf.md
1142,956560,Prowler,prowler,Enchantment,Utility,Legendary,Catalyst,Orange,0,0,0,0,0,0,1,0,0,Ferocity; Melee; Ranged,cards/1142-prowler-956560.okf.md
1143,4166611,Prowling Guardian (Companion),prowling-guardian-companion,Enchantment,Utility,Rare,None,Orange,0,0,0,0,0,0,2,0,0,companionlevel; Ferocity; Turn,cards/1143-prowling-guardian-companion-4166611.okf.md
1144,26564,Psionic Pulse,psionic-pulse,Action,Utility,Uncommon,Synthesis,Blue,0,2,0,0,0,0,0,0,0,(cardvalue); cardsInHand,cards/1144-psionic-pulse-26564.okf.md
1145,287051,Psychic Binding,psychic-binding,Action,Corruption,Legendary,Synthesis,Blue,0,1,0,0,0,0,0,0,2,Elite; Scar; Subjugate; Your Companion,cards/1145-psychic-binding-287051.okf.md
1146,125991,Pull from Aether,pull-from-aether,Action,Utility,Common,Infinitum,Blue,0,0,0,0,0,0,0,0,0,Conjure; Magic Action,cards/1146-pull-from-aether-125991.okf.md
1147,696779,Pull from Fire,pull-from-fire,Action,Utility,Common,Synthesis,Red,0,0,1,0,0,0,0,0,0,Adaptation; Melee,cards/1147-pull-from-fire-696779.okf.md
1148,717224,Pure gold,pure-gold,Enchantment,Utility,Legendary,Catalyst,Green,2,0,0,0,0,0,0,0,0,GOLD; Lucky Coins; myGold/10,cards/1148-pure-gold-717224.okf.md
1149,281553,Pyroclasm,pyroclasm,Enchantment,Utility,Legendary,Infinitum,Blue,0,1,0,0,0,0,0,0,0,Add; Burning; Destroy Pyroclasm; Memorized; Remove ALL; Turn,cards/1149-pyroclasm-281553.okf.md
1150,893286,Quarterstaff,quarterstaff,Basic Attack,Melee,Common,Metaprogress,Brown,0,0,0,0,1,0,0,0,0,(cardvalue); All Quarterstaffs; On Hit,cards/1150-quarterstaff-893286.okf.md
1151,109190,Quick Adaptation,quick-adaptation,Action,Utility,Legendary,Core Extended,Aqua,0,0,0,0,0,1,0,0,0,Permanently,cards/1151-quick-adaptation-109190.okf.md
1152,246572,Quick Chemistry,quick-chemistry,Enchantment,Utility,Uncommon,Metamorphosis,Green,1,0,0,0,0,0,0,0,0,Potion,cards/1152-quick-chemistry-246572.okf.md
1153,668140,Quick Jab,quick-jab,Action,Utility,Uncommon,Core,Aqua,0,0,0,0,0,0,0,0,0,Ambush; Basic Attack; Make,cards/1153-quick-jab-668140.okf.md
1154,655541,Quick Recitation,quick-recitation,Action,Utility,Rare,Synthesis,Aqua,0,0,0,0,0,2,0,0,0,Scholar; Trigger; Turn,cards/1154-quick-recitation-655541.okf.md
1155,817045,Quick Recovery,quick-recovery,Action,Utility,Common,Infinitum,Red,0,0,1,0,0,0,0,0,0,Charges; Gain HEALTH; my(status)Stagger; Stagger,cards/1155-quick-recovery-817045.okf.md
1156,902479,Quickchange,quickchange,Action,Utility,Uncommon,Core Extended,Aqua,0,0,0,0,0,1,0,0,0,Ambush; Conjure,cards/1156-quickchange-902479.okf.md
1157,898471,Quicksand,quicksand,Action,Utility,Rare,Eclypse,Aqua,0,0,0,0,0,1,0,0,0,(cardvalue); Conjure; Doom; Evasion; Momentum; Quicksand,cards/1157-quicksand-898471.okf.md
1158,403955,Quickshot,quickshot,Action,Ranged,Uncommon,None,Green,0,0,0,0,0,0,0,0,0,Critical Hit; Evasion,cards/1158-quickshot-403955.okf.md
1159,946981,Rabbit Foot,rabbit-foot,Equipment,Utility,Common,Catalyst,Green,1,0,0,0,0,0,0,0,0,Activate; Coins; Conjure; Durability; Lucky Coin,cards/1159-rabbit-foot-946981.okf.md
1160,212977,Radiant Assault,radiant-assault,Action,Divine,Rare,Metaprogress,Purple,0,0,0,0,0,0,0,1,0,Basic Attack; Make; Repeat; typesOfEnergy,cards/1160-radiant-assault-212977.okf.md
1161,35740,Radiant Burst,radiant-burst,Action,Utility,Rare,Catalyst,Purple,0,0,0,0,0,0,0,1,0,Blessings; Empower; Gain DEXINTSTRHOLY; Spend,cards/1161-radiant-burst-35740.okf.md
1162,675927,Radiant Mace,radiant-mace,Basic Attack,Divine,Common,Metaprogress,Brown,0,0,0,0,1,0,0,0,0,(cardvalue); Critical Hit; Gain HOLY,cards/1162-radiant-mace-675927.okf.md
1163,804763,Radiant Power,radiant-power,Action,Utility,Common,Catalyst,Purple,0,0,0,0,0,0,0,1,0,Delve; Equipment; Surge,cards/1163-radiant-power-804763.okf.md
1164,339291,Radiant Recovery,radiant-recovery,Action,Divine,Rare,Core Extended,Blue,0,1,0,0,0,0,0,0,0,damageBonus+2; healingTurn; HEALTH; Upgradable,cards/1164-radiant-recovery-339291.okf.md
1165,634859,Rage Forge,rage-forge,Enchantment,Utility,Rare,Synthesis,Red,0,0,1,0,0,0,0,0,0,Adapt; Anger,cards/1165-rage-forge-634859.okf.md
1166,41020038,Raider's Reward,raider-s-reward,Action,Utility,Legendary,Core Extended,Brown,0,0,0,0,4,0,0,0,0,Basic Attack; Basic Attacks; Choose; Conjure; Make; One Use; Swap,cards/1166-raider-s-reward-41020038.okf.md
1167,91730,Rainbow,rainbow,Basic Attack,Ranged,Legendary,Catalyst,Brown,0,0,0,0,1,0,0,0,0,Arrow; Conjure,cards/1167-rainbow-91730.okf.md
1168,483964,Rallying Shout,rallying-shout,Action,Utility,Rare,Core,Red,0,0,1,0,0,0,0,0,0,(cardvalue)Fury; Anger; Charges; Fury; Gain Rally,cards/1168-rallying-shout-483964.okf.md
1169,477016,Ransack,ransack,Action,Utility,Uncommon,Synthesis,Green,1,0,0,0,0,0,0,0,0,Gain DEX; Scavenge,cards/1169-ransack-477016.okf.md
1170,791833,Ransom,ransom,Action,Corruption,Legendary,Catalyst,Green,1,0,0,0,0,0,0,0,0,Add; Pay Out; Sinister,cards/1170-ransom-791833.okf.md
1171,117867,Rapid Reload,rapid-reload,Enchantment,Utility,Uncommon,Core,Green,1,0,0,0,0,0,0,0,0,Arrow; Conjure,cards/1171-rapid-reload-117867.okf.md
1172,562159,Rapier,rapier,Basic Attack,Melee,Common,Metaprogress,Brown,0,0,0,0,1,0,0,0,0,Add; Can; Flanking; Glimmer; Piercing,cards/1172-rapier-562159.okf.md
1173,617123,Rapture,rapture,Action,Magic,Rare,Infinitum,Orange,0,0,0,0,0,0,3,0,0,Can; cardsInGraveyard; Lifedrain; permaValue; Rebound; Repeat,cards/1173-rapture-617123.okf.md
1174,813186,Rations,rations,Item,Utility,Common,Synthesis,Brown,0,0,0,0,3,0,0,0,0,Create; Ingredients Persistent; One Use; Untempered,cards/1174-rations-813186.okf.md
1175,828282,Rattler,rattler,Basic Attack,Magic,Common,Metaprogress,Brown,0,0,0,0,1,0,0,0,0,Flanking; Perform; Reaping,cards/1175-rattler-828282.okf.md
1176,244615,Ravage,ravage,Action,Melee,Rare,Eclypse,Purple,0,0,0,0,0,0,0,3,0,Ascended; On Hit; Rampage; VOIDVOID Defiled,cards/1176-ravage-244615.okf.md
1177,757763,Ravage (Companion),ravage-companion,Action,Melee,Legendary,Synthesis,Orange,0,0,0,0,3,0,0,0,0,Advantage; companionlevel; Grant DEX,cards/1177-ravage-companion-757763.okf.md
1178,515890,Raven Claws,raven-claws,Basic Attack,Melee,Common,Metaprogress,Brown,0,0,0,0,1,0,0,0,0,Focus,cards/1178-raven-claws-515890.okf.md
1179,576016,Raven Familiar,raven-familiar,Equipment,Utility,Common,Eclypse,Blue,0,0,0,0,1,0,0,0,0,Activate; Durability,cards/1179-raven-familiar-576016.okf.md
1180,348575,Reach Within,reach-within,Action,Corruption,Rare,Eclypse,Purple,0,0,0,0,0,0,0,2,0,Defiled,cards/1180-reach-within-348575.okf.md
1181,567159,Reapers Mark,reapers-mark,Action,Melee,Rare,Catalyst,Orange,0,0,0,0,0,0,1,0,0,After; Darkness; Deep Wound; Hit,cards/1181-reapers-mark-567159.okf.md
1182,470626,Reaping Strike,reaping-strike,Action,Melee,Common,Core,Orange,0,0,0,0,0,0,1,0,0,Lifedrain; Reaping,cards/1182-reaping-strike-470626.okf.md
1183,380008,Reave,reave,Action,Melee,Common,Metamorphosis,Orange,0,0,0,0,0,0,1,0,0,Critical Hit; HEALTH; Souls; Spend,cards/1183-reave-380008.okf.md
1184,719153,Reaver,reaver,Basic Attack,Melee,Common,Metaprogress,Brown,0,0,0,0,2,0,0,0,0,Frenzy; HEALTH; Restore,cards/1184-reaver-719153.okf.md
1185,425388,Recast,recast,Action,Utility,Uncommon,Infinitum,Blue,0,1,0,0,0,0,0,0,0,actionsPlayed; Conjure; Flow; Magic Action,cards/1185-recast-425388.okf.md
1186,470135,Recite,recite,Action,Utility,Rare,Metaprogress,Blue,0,1,0,0,0,0,0,0,0,Conjure; Delve; Hymn; Scholar,cards/1186-recite-470135.okf.md
1187,558331,Reckless Charge,reckless-charge,Action,Melee,Uncommon,Metaprogress,Red,0,0,1,0,0,0,0,0,0,Ambush; Take,cards/1187-reckless-charge-558331.okf.md
1188,622489,Reckless Frenzy,reckless-frenzy,Action,Utility,Legendary,Core,Red,0,0,1,0,0,0,0,0,0,Melee Action,cards/1188-reckless-frenzy-622489.okf.md
1189,430181,Reckoning,reckoning,Enchantment,Utility,Legendary,Metamorphosis,Orange,0,0,0,0,0,0,3,0,0,Critical Hit; Melee Actions; Soul; souls,cards/1189-reckoning-430181.okf.md
1190,397053,Reclaim,reclaim,Action,Utility,Common,Metamorphosis,Orange,0,0,0,0,0,0,0,0,0,Charges; Soul; Spend,cards/1190-reclaim-397053.okf.md
1191,141534,Reconfigure,reconfigure,Action,Utility,Common,Synthesis,Purple,0,0,0,0,0,0,0,1,0,Battleclaw; Charges; Persistent; Play,cards/1191-reconfigure-141534.okf.md
1192,257192,Reconnaissance,reconnaissance,Action,Utility,Common,Core,Green,0,0,0,0,0,0,0,0,0,Ambush; Foretell; foretell+5,cards/1192-reconnaissance-257192.okf.md
1193,175107,Recruitment,recruitment,Action,Divine,Legendary,Synthesis,Gold,0,0,0,0,1,0,0,0,0,Aeternal Regelia; Perform; regalia; Subjugate,cards/1193-recruitment-175107.okf.md
1194,214000,Rectify,rectify,Action,Divine,Uncommon,Infinitum,Gold,0,0,0,2,0,0,0,0,0,Firecast; Gain HEALTH; Zeal,cards/1194-rectify-214000.okf.md
1195,957078,Recuperate,recuperate,Enchantment,Utility,Uncommon,Metamorphosis,Red,0,0,1,0,0,0,0,0,0,Anger; enemyDamageTakenLastTurn; HEALTH; Unscathed,cards/1195-recuperate-957078.okf.md
1196,777885,Recurring Thoughts,recurring-thoughts,Action,Utility,Rare,Synthesis,Aqua,0,0,0,0,0,3,0,0,0,Choose; Conjure; damageBonus+1; Upgradeable,cards/1196-recurring-thoughts-777885.okf.md
1197,460721,Recycle,recycle,Action,Utility,Common,Infinitum,Orange,0,0,0,0,0,0,1,0,0,Return,cards/1197-recycle-460721.okf.md
1198,919700,Reforge,reforge,Action,Utility,Uncommon,Synthesis,Red,0,0,1,0,0,0,0,0,0,Basic Attack; Delve; Grounded,cards/1198-reforge-919700.okf.md
1199,71041,Refracture,refracture,Action,Divine,Common,Catalyst,Purple,0,0,0,0,0,0,0,1,0,Repeat; typesOfEnergy,cards/1199-refracture-71041.okf.md
1200,685876,Remembrance,remembrance,Action,Utility,Legendary,Metamorphosis,Orange,0,0,0,0,0,0,1,0,0,Enchantment; Soul; Spend,cards/1200-remembrance-685876.okf.md
1201,532095,Rend (Companion),rend-companion,Action,Melee,Common,Synthesis,Orange,0,0,0,0,1,0,0,0,0,Advantage; Affliction; companionlevel+2; Inflict,cards/1201-rend-companion-532095.okf.md
1202,242073,Renew,renew,Action,Divine,Rare,Metaprogress,Blue,0,0,0,0,0,0,0,0,0,HEALTH; HOLY; INT; Lasting,cards/1202-renew-242073.okf.md
1203,848160,Renewing Insights,renewing-insights,Enchantment,Utility,Rare,Core,Aqua,0,0,0,0,0,2,0,0,0,HEALTH,cards/1203-renewing-insights-848160.okf.md
1204,137000,Repel,repel,Action,Utility,Uncommon,Metamorphosis,Purple,0,0,0,0,0,0,0,1,0,Barrier,cards/1204-repel-137000.okf.md
1205,483563,Replication,replication,Action,Utility,Common,Catalyst,Aqua,0,0,0,0,0,1,0,0,0,Channel; Clone; Summon; Turn,cards/1205-replication-483563.okf.md
1206,985671,Represent,represent,Action,Utility,Rare,Catalyst,Purple,0,0,0,1,0,0,0,1,0,Banner; Delve,cards/1206-represent-985671.okf.md
1207,420507,Reprisal,reprisal,Action,Melee,Common,Core,Red,0,0,1,0,0,0,0,0,0,Add; damageTakenLastTurn,cards/1207-reprisal-420507.okf.md
1208,718021,Reservoir,reservoir,Action,Utility,Rare,Catalyst,Aqua,0,0,0,0,0,2,0,0,0,Channel; Turn,cards/1208-reservoir-718021.okf.md
1209,112569,Resonance,resonance,Action,Utility,Legendary,Synthesis,Aqua,0,0,0,0,0,1,0,0,0,Conjure,cards/1209-resonance-112569.okf.md
1210,798211,Resourceful Presence,resourceful-presence,Enchantment,Utility,Legendary,None,Gold,0,0,0,0,0,0,0,0,0,ANY,cards/1210-resourceful-presence-798211.okf.md
1211,67667,Restock,restock,Action,Utility,Common,Infinitum,Red,0,0,1,0,0,0,0,0,0,Bombs; Conjure,cards/1211-restock-67667.okf.md
1212,270008,Retaliate,retaliate,Action,Melee,Common,Core,Red,0,0,1,0,0,0,0,0,0,Gain STR; Interrupt; Melee,cards/1212-retaliate-270008.okf.md
1213,811274,Retribution,retribution,Action,Divine,Rare,Core,Gold,0,0,0,2,0,0,0,0,0,Affliction; Gain Reflect; Lifedrain,cards/1213-retribution-811274.okf.md
1214,609991,Return to Dust,return-to-dust,Action,Utility,Rare,Eclypse,Aqua,0,0,0,0,0,3,0,0,0,Agile; Ambush; Costs; Reset,cards/1214-return-to-dust-609991.okf.md
1215,899792,Reverberations,reverberations,Enchantment,Utility,Rare,Synthesis,Aqua,0,0,0,0,0,1,0,0,0,damageBonus+1; INT; Removed; Upgradeable,cards/1215-reverberations-899792.okf.md
1216,365647,Reverence,reverence,Enchantment,Divine,Legendary,Metamorphosis,Gold,0,0,0,3,0,0,0,0,0,Ascend; Divine,cards/1216-reverence-365647.okf.md
1217,740685,Revive,revive,Action,Divine,Legendary,Core,Gold,0,0,0,1,0,0,0,0,0,Bury; Cleanse; HEALTH,cards/1217-revive-740685.okf.md
1218,33126345,Revived,revived,Enchantment,Utility,Legendary,None,Brown,0,0,0,0,0,0,0,0,0,Companion,cards/1218-revived-33126345.okf.md
1219,970710,Revivify,revivify,Action,Utility,Uncommon,Core Extended,Aqua,0,0,0,0,0,1,0,0,0,HEALTH,cards/1219-revivify-970710.okf.md
1220,386948,Rewind,rewind,Action,Utility,Rare,Infinitum,Blue,0,1,0,0,0,0,0,0,0,actionsPlayedLastTurn; Conjure,cards/1220-rewind-386948.okf.md
1221,956773,Rhymebind,rhymebind,Basic Attack,Melee,Legendary,Infinitum,Brown,0,0,0,0,1,0,0,0,0,Critical Hit; Frozen; Inflict; Inflict Permafrost; On Hit,cards/1221-rhymebind-956773.okf.md
1222,437256,Rigged Explosives,rigged-explosives,Action,Utility,Rare,Infinitum,Red,0,0,1,0,0,0,0,0,0,Charges; damageBonus; Upgradeable; Your Bombs,cards/1222-rigged-explosives-437256.okf.md
1223,13601,Righteous Blades,righteous-blades,Enchantment,Utility,Uncommon,Metamorphosis,Purple,0,0,0,0,0,0,0,2,0,Basic Attack; Basic Attacks; Burning; Hit; HOLY On,cards/1223-righteous-blades-13601.okf.md
1224,404970,Righteous Vigor,righteous-vigor,Action,Utility,Rare,Synthesis,Purple,0,0,0,0,0,0,0,1,0,Frenzy; HEALTH; HOLY; Repeat,cards/1224-righteous-vigor-404970.okf.md
1225,950895,Righteousness,righteousness,Action,Divine,Uncommon,Core,Purple,0,0,0,0,0,0,0,1,0,Blessings; myBlessings,cards/1225-righteousness-950895.okf.md
1226,636950,Rimebind,rimebind,Action,Magic,Uncommon,Core,Blue,0,1,0,0,0,0,0,0,0,Frozen; Gain INT; INT,cards/1226-rimebind-636950.okf.md
1227,973883,Ring of Power,ring-of-power,Item,Magic,Legendary,Core Extended,Brown,0,0,0,0,1,0,0,0,0,Burning; damageBonus; Frozen; GOLD; HEALTH; myGold; Randomly; Repeat; Upgradeable,cards/1227-ring-of-power-973883.okf.md
1228,170097,Riot Shield,riot-shield,Equipment,Utility,Rare,Synthesis,Brown,0,0,0,0,2,0,0,0,0,Activate; Armor; Can; Durability,cards/1228-riot-shield-170097.okf.md
1229,35767,Rip (Companion),rip-companion,Action,Melee,Rare,Synthesis,Orange,0,0,0,0,2,0,0,0,0,Advantage; companionlevel; Grant Souls,cards/1229-rip-companion-35767.okf.md
1230,664160,Riptide,riptide,Action,Utility,Common,Catalyst,Aqua,0,0,0,0,0,1,0,0,0,Persistent,cards/1230-riptide-664160.okf.md
1231,999862,Rise Again,rise-again,Action,Utility,Rare,Eclypse,Red,0,0,0,1,0,0,0,0,0,Scars; Shuffle,cards/1231-rise-again-999862.okf.md
1232,827193,Ritual Contract,ritual-contract,Enchantment,Utility,Legendary,None,Orange,0,0,0,0,0,0,0,0,0,Execute; HEALTH,cards/1232-ritual-contract-827193.okf.md
1233,73633,Ritual of Aphotic,ritual-of-aphotic,Performance,Utility,Common,None,Orange,0,0,0,0,0,0,0,0,0,Add; After; myLevel/2; Performances; Poison; Potency,cards/1233-ritual-of-aphotic-73633.okf.md
1234,922465,Ritual of Rain,ritual-of-rain,Performance,Utility,Common,None,Orange,0,0,0,0,0,0,0,0,0,Affliction; After; Ferocity; Performances,cards/1234-ritual-of-rain-922465.okf.md
1235,203832,Ritual of Strength,ritual-of-strength,Performance,Utility,Common,None,Orange,0,0,0,0,0,0,0,0,0,After; HEALTH; Maximum HEALTH; Performances,cards/1235-ritual-of-strength-203832.okf.md
1236,990530,Ritual of Strings,ritual-of-strings,Performance,Utility,Common,None,Orange,0,0,0,0,0,0,0,0,0,After; Effigy; Performances; Pin,cards/1236-ritual-of-strings-990530.okf.md
1237,706262,Ritual of Vodou,ritual-of-vodou,Performance,Utility,Common,None,Orange,0,0,0,0,0,0,0,0,0,After; HEALTH; Maximum Health; myMaxHealth; Performances,cards/1237-ritual-of-vodou-706262.okf.md
1238,840427,Ritual Totem,ritual-totem,Basic Attack,Melee,Common,Metaprogress,Brown,0,0,0,0,2,0,0,0,0,Summon; Totem,cards/1238-ritual-totem-840427.okf.md
1239,706631,Ritualist,ritualist,Enchantment,Utility,Common,None,Orange,0,0,0,0,0,0,0,0,0,Performance; Ritual,cards/1239-ritualist-706631.okf.md
1240,767501,Roar (Companion),roar-companion,Action,Utility,Uncommon,Synthesis,Orange,0,0,0,0,1,0,0,0,0,Advantage; Anger; companionlevel; Grant; Inflict Stagger,cards/1240-roar-companion-767501.okf.md
1241,538635,Rogue's Locket,rogue-s-locket,Item,Utility,Uncommon,Catalyst,Brown,0,0,0,0,1,0,0,0,0,DEX; Evasion; Gain DEX; While,cards/1241-rogue-s-locket-538635.okf.md
1242,876836,Roll the Bones,roll-the-bones,Enchantment,Utility,Rare,Infinitum,Orange,0,0,0,0,0,0,1,0,0,,cards/1242-roll-the-bones-876836.okf.md
1243,536352,Rousing Sermon,rousing-sermon,Enchantment,Utility,Common,Catalyst,Green,1,0,0,0,0,0,0,0,0,Divine; Perform; Zeal,cards/1243-rousing-sermon-536352.okf.md
1244,32293,Rousing Shanty,rousing-shanty,Conjuration,Utility,Common,None,Green,0,0,0,0,0,0,0,0,0,Ferocity; Perform,cards/1244-rousing-shanty-32293.okf.md
1245,187479,Ruby Prism,ruby-prism,Enchantment,Utility,Legendary,None,Red,0,0,1,0,0,0,0,0,0,Armor; Cards; enchantmentStacks; STR,cards/1245-ruby-prism-187479.okf.md
1246,671126,Ruination,ruination,Revelation,Utility,Legendary,Core Extended,Aqua,0,0,0,0,0,0,0,0,0,Critical Hit,cards/1246-ruination-671126.okf.md
1247,140862,Rumblings,rumblings,Action,Utility,Uncommon,Infinitum,Red,0,0,0,0,0,0,0,0,1,Charges; Deplete; Return; Shuffle,cards/1247-rumblings-140862.okf.md
1248,622306,Rummage,rummage,Action,Utility,Common,Synthesis,Green,1,0,0,0,0,0,0,0,0,Charges; damageBonus+1; Scavenge; Upgradeable,cards/1248-rummage-622306.okf.md
1249,740335,Rune of Persistence,rune-of-persistence,Item,Utility,Legendary,Core Extended,Brown,0,0,0,0,1,0,0,0,0,Add Persistent; Grounded; One Use,cards/1249-rune-of-persistence-740335.okf.md
1250,889443,Rune of Smithing,rune-of-smithing,Item,Utility,Legendary,Synthesis,Red,0,0,0,0,1,0,0,0,0,Adaptation Slot; Add; Grounded; Melee Action; One Use,cards/1250-rune-of-smithing-889443.okf.md
1251,905299,Runehammer,runehammer,Basic Attack,Melee,Common,Metaprogress,Brown,0,0,0,0,1,0,0,0,0,Adapt; On Hit,cards/1251-runehammer-905299.okf.md
1252,903459,Rush of Steel,rush-of-steel,Action,Utility,Uncommon,Eclypse,Red,0,0,1,0,0,0,0,0,0,Anger; Basic Attacks; Gain Haste; Shuffle,cards/1252-rush-of-steel-903459.okf.md
1253,974452,Rushed Forgery,rushed-forgery,Action,Utility,Legendary,Eclypse,Green,1,0,0,0,0,0,0,0,0,Create; Untempered,cards/1253-rushed-forgery-974452.okf.md
1254,384489,Rust,rust,Enchantment,Utility,Common,None,Brown,0,0,0,0,0,0,0,0,0,enchantmentStacks; Rust; Upgrade,cards/1254-rust-384489.okf.md
1255,407234,Rusty Lamp,rusty-lamp,Equipment,Utility,Legendary,Eclypse,Aqua,0,0,0,0,3,0,0,0,0,Activate; Durability; Grounded; Permanently; permaValue; Revelation,cards/1255-rusty-lamp-407234.okf.md
1256,28180,Rusty Spear,rusty-spear,Action,Divine,Common,Catalyst,Gold,0,0,0,0,1,0,0,0,0,Blessings; Halifax; Hallowed Spear; permaValue; Transform,cards/1256-rusty-spear-28180.okf.md
1257,4400,Sabotage,sabotage,Conjuration,Utility,Common,None,Brown,0,0,0,0,0,0,0,0,0,allEnergy; Blessing; Dispel; Energy; Momentum; Reduce Battle,cards/1257-sabotage-4400.okf.md
1258,382232,Sacred Tome,sacred-tome,Artifact,Divine,Legendary,Catalyst,Brown,0,0,0,0,3,0,0,0,0,Code; Delve; Devotion; One Use,cards/1258-sacred-tome-382232.okf.md
1259,5414,Sacred Ward,sacred-ward,Enchantment,Utility,Common,None,Gold,0,0,0,0,0,0,0,0,0,,cards/1259-sacred-ward-5414.okf.md
1260,658382,Safeguard,safeguard,Action,Magic,Common,Infinitum,Purple,0,0,0,0,0,0,0,1,0,Free; Ward,cards/1260-safeguard-658382.okf.md
1261,631835,Sageblast,sageblast,Action,Magic,Uncommon,Core,Blue,0,2,0,0,1,0,0,0,0,Gain INT; Magic Actions; magicCards,cards/1261-sageblast-631835.okf.md
1262,112427,Saint,saint,Action,Divine,Rare,Catalyst,Gold,0,0,0,0,1,0,0,0,0,Gain HEALTH; Gain HOLYHOLY; HOLY,cards/1262-saint-112427.okf.md
1263,57612,Salty,salty,Action,Utility,Common,Eclypse,Green,1,0,0,0,0,0,0,0,0,Critical Hit,cards/1263-salty-57612.okf.md
1264,11582,Salty Femur,salty-femur,Ingredient,Utility,Common,Eclypse,Red,0,0,0,0,0,0,0,0,0,Armor; Gain Fortified; Garnish; One Use,cards/1264-salty-femur-11582.okf.md
1265,65790,Salvage,salvage,Action,Utility,Common,Infinitum,Orange,0,0,0,0,0,0,1,0,0,Basic Attack; Make; permaValue; Rebound; Return,cards/1265-salvage-65790.okf.md
1266,276611,Salvation,salvation,Action,Utility,Legendary,Eclypse,Purple,0,0,0,0,0,0,0,2,0,Anger; Defiled; During; Form; HEALTH; Your Demon,cards/1266-salvation-276611.okf.md
1267,808677,Sanctified Strikes,sanctified-strikes,Enchantment,Divine,Uncommon,Catalyst,Gold,0,0,0,1,0,0,0,0,0,Actions; HOLY; myEnergyHOLY,cards/1267-sanctified-strikes-808677.okf.md
1268,885667,Sanctify,sanctify,Action,Divine,Common,Core,Gold,0,0,0,3,0,0,0,0,0,Burning; Firecast; Grounded; HEALTH; Inflict,cards/1268-sanctify-885667.okf.md
1269,223847,Sanctuary,sanctuary,Action,Divine,Rare,Core Extended,Gold,0,0,0,1,0,0,0,0,0,Bury; Interventions; Shuffle,cards/1269-sanctuary-223847.okf.md
1270,211193,Sand Nova,sand-nova,Action,Utility,Common,Eclypse,Aqua,0,0,0,0,0,1,0,0,0,Basic Attack; Make; Nova; novacards; Repeat,cards/1270-sand-nova-211193.okf.md
1271,28489,Sand Soldiers,sand-soldiers,Action,Utility,Rare,Eclypse,Aqua,0,0,0,0,0,1,0,0,0,Clone; Create; Evasion; Persistent,cards/1271-sand-soldiers-28489.okf.md
1272,415641,Sandblast,sandblast,Action,Magic,Common,Eclypse,Aqua,0,0,0,0,0,0,0,0,0,Agile; Interrupt; Momentum,cards/1272-sandblast-415641.okf.md
1273,497147,Sandcastle,sandcastle,Action,Utility,Rare,Core Extended,Aqua,0,0,0,0,0,1,0,0,0,Barrier; Channel; Clone; Clones; clones; Gain Barrier,cards/1273-sandcastle-497147.okf.md
1274,274876,Sandkick,sandkick,Action,Melee,Common,Synthesis,Green,1,0,0,0,0,0,0,0,0,Gain Evasion; Junk; On Hit; Scrap Pile,cards/1274-sandkick-274876.okf.md
1275,425182,Sandshroud,sandshroud,Action,Utility,Common,Eclypse,Aqua,0,0,0,0,0,1,0,0,0,Evasion; Momentum; Swiftness,cards/1275-sandshroud-425182.okf.md
1276,764259,Sandstride,sandstride,Enchantment,Utility,Uncommon,Eclypse,Aqua,0,0,0,0,0,1,0,0,0,Dexterity; Evade; Surge,cards/1276-sandstride-764259.okf.md
1277,522214,Sanguinaria,sanguinaria,Action,Utility,Rare,Catalyst,Orange,0,0,0,0,0,0,1,0,3,Darkness; Lifedrain; Melee Actions,cards/1277-sanguinaria-522214.okf.md
1278,693076,Sanguine Casting,sanguine-casting,Action,Corruption,Rare,Metaprogress,Blue,0,1,0,0,0,0,0,0,0,Blood,cards/1278-sanguine-casting-693076.okf.md
1279,969093,Sanguine Scrying,sanguine-scrying,Action,Utility,Uncommon,Core,Black,0,0,0,0,0,0,0,0,3,Bleeding,cards/1279-sanguine-scrying-969093.okf.md
1280,87306,Sanguine Shield,sanguine-shield,Enchantment,Utility,Legendary,Core,Black,0,0,0,0,0,0,0,0,3,Barrier; Bleeding,cards/1280-sanguine-shield-87306.okf.md
1281,997879,Sanguine Step,sanguine-step,Action,Utility,Common,Metamorphosis,Orange,0,0,0,0,0,0,1,0,0,Conjure; Evasion; Gain Immune; Materialize; Slowed,cards/1281-sanguine-step-997879.okf.md
1282,541259,Sanguine Surge,sanguine-surge,Action,Utility,Uncommon,Core,Red,0,0,0,0,0,0,0,0,0,Gain STR; STR; Take,cards/1282-sanguine-surge-541259.okf.md
1283,260854,Sanguine Visions,sanguine-visions,Action,Utility,Legendary,Infinitum,Orange,0,0,0,0,0,0,3,0,0,Blood; Conjure,cards/1283-sanguine-visions-260854.okf.md
1284,468232,Sapphire Prism,sapphire-prism,Enchantment,Utility,Legendary,None,Blue,0,1,0,0,0,0,0,0,0,Cards; Chain; enchantmentStacks; INT,cards/1284-sapphire-prism-468232.okf.md
1285,54198,Savagery,savagery,Enchantment,Utility,Rare,Core Extended,Red,0,0,1,0,0,0,0,0,0,Crushing; STR,cards/1285-savagery-54198.okf.md
1286,963664,Scalding,scalding,Enchantment,Utility,Rare,Metamorphosis,Green,2,0,0,0,0,0,0,0,0,Perform; Scalding; Scalding Unique,cards/1286-scalding-963664.okf.md
1287,125942,Scatter Souls,scatter-souls,Action,Utility,Uncommon,Metamorphosis,Orange,0,0,0,0,0,0,0,0,0,Souls; Spend; Vengeance,cards/1287-scatter-souls-125942.okf.md
1288,69574,Scatterbrain,scatterbrain,Action,Utility,Legendary,Synthesis,Blue,0,3,0,0,0,0,0,0,0,Boss; Can; Grounded; Replace,cards/1288-scatterbrain-69574.okf.md
1289,175941,Scattershot,scattershot,Action,Utility,Common,Catalyst,Green,2,0,0,0,0,0,0,0,0,Ambush; Arrow; Cascade; Continuity; Evasion; Finale; Flanking; Play,cards/1289-scattershot-175941.okf.md
1290,481140,Scheme,scheme,Action,Utility,Common,Catalyst,Green,1,0,0,0,0,0,0,0,0,Charges; DEX; Reduce; Sinister,cards/1290-scheme-481140.okf.md
1291,689068,Schism,schism,Enchantment,Utility,Rare,Infinitum,Gold,0,0,0,1,0,0,0,0,0,Zeal,cards/1291-schism-689068.okf.md
1292,662616,Scimitar,scimitar,Basic Attack,Melee,Common,Metaprogress,Brown,0,0,0,0,1,0,0,0,0,actionsPlayed; Burning; Flanking; Flow; Frozen; Inflict,cards/1292-scimitar-662616.okf.md
1293,709429,Scorch,scorch,Action,Magic,Common,Catalyst,Blue,0,0,0,0,0,0,0,0,0,Attuned; Burning; While Fire,cards/1293-scorch-709429.okf.md
1294,900600,Scorpio's Ruin,scorpio-s-ruin,Path,Utility,Rare,Eclypse,Aqua,0,0,0,0,0,1,0,0,0,Advance; After; Doom; Jinxed,cards/1294-scorpio-s-ruin-900600.okf.md
1295,309134,Scorpio's Ruin II,scorpio-s-ruin-ii,Path,Utility,Rare,None,Aqua,0,0,0,0,0,1,0,0,0,Advance; After; Darkness; Doom,cards/1295-scorpio-s-ruin-ii-309134.okf.md
1296,684884,Scorpio's Ruin III,scorpio-s-ruin-iii,Path,Utility,Rare,None,Aqua,0,0,0,0,0,1,0,0,0,After; Doom; Time,cards/1296-scorpio-s-ruin-iii-684884.okf.md
1297,413955,Scorpion Strike,scorpion-strike,Action,Melee,Rare,Eclypse,Aqua,0,0,0,0,0,1,0,0,0,Agile; Inflict Doom; Inflict Stunned; Persistent,cards/1297-scorpion-strike-413955.okf.md
1298,564994,Scythe,scythe,Basic Attack,Melee,Rare,Core,Brown,0,0,0,0,2,0,0,0,0,Execute; Gain HEALTH; Overkill Reaping,cards/1298-scythe-564994.okf.md
1299,579612,Sea Legs,sea-legs,Enchantment,Utility,Common,Eclypse,Green,1,0,0,0,0,0,0,0,0,Critical Hit; Tide,cards/1299-sea-legs-579612.okf.md
1300,322903,Sea Shanty,sea-shanty,Enchantment,Utility,Common,Eclypse,Green,2,0,0,0,0,0,0,0,0,Change; Performance; Shanty; Tide,cards/1300-sea-shanty-322903.okf.md
1301,467219,Searing Radiance,searing-radiance,Enchantment,Divine,Rare,Core,Gold,0,0,0,2,0,0,0,0,0,Burning,cards/1301-searing-radiance-467219.okf.md
1302,465608,Searing Ray,searing-ray,Action,Magic,Common,Core,Blue,0,1,0,0,0,0,0,0,0,Burning; Firecast; Gain INT,cards/1302-searing-ray-465608.okf.md
1303,120013,Searing Weapon,searing-weapon,Action,Divine,Common,Core,Purple,0,0,0,0,0,0,0,1,0,Basic Attack; Burning; Focus; Make; While,cards/1303-searing-weapon-120013.okf.md
1304,658923,Seeker's Wisdom,seeker-s-wisdom,Action,Utility,Uncommon,Infinitum,Aqua,0,0,0,0,0,1,0,0,0,Foretelling,cards/1304-seeker-s-wisdom-658923.okf.md
1305,821639,Seers Orb,seers-orb,Basic Attack,Magic,Common,Metaprogress,Brown,0,0,0,0,1,0,0,0,0,Doom; Inflict; tempValue; When Foretold,cards/1305-seers-orb-821639.okf.md
1306,866360,Seething Anger,seething-anger,Action,Utility,Rare,Core,Red,0,0,2,0,0,0,0,0,1,(cardvalue)Fury; Add; Anger; Fury; STR,cards/1306-seething-anger-866360.okf.md
1307,859876,Seismic Shield,seismic-shield,Enchantment,Utility,Uncommon,Catalyst,Red,0,0,1,0,0,0,0,0,0,Armor,cards/1307-seismic-shield-859876.okf.md
1308,374468,Seismic Slam,seismic-slam,Action,Melee,Common,Catalyst,Red,0,0,2,0,0,0,0,0,0,Gain STRSTR; Rampage,cards/1308-seismic-slam-374468.okf.md
1309,565062,Serenade,serenade,Action,Utility,Legendary,Metamorphosis,Green,1,0,0,0,0,0,0,0,0,Charmed; Inflict; Performing,cards/1309-serenade-565062.okf.md
1310,330608,Serenity,serenity,Action,Utility,Rare,Core,Aqua,0,0,0,0,0,1,0,0,0,Focus; HEALTH,cards/1310-serenity-330608.okf.md
1311,743543,Sergeant,sergeant,Enchantment,Utility,Legendary,None,Purple,0,0,0,0,0,0,0,0,0,,cards/1311-sergeant-743543.okf.md
1312,59336,Serrated Arrow,serrated-arrow,Action,Ranged,Uncommon,Core,Orange,0,0,0,0,0,0,0,0,0,Bleeding Piercing; Inflict,cards/1312-serrated-arrow-59336.okf.md
1313,271265,Served Cold,served-cold,Action,Utility,Uncommon,Eclypse,Red,0,0,1,0,0,0,0,0,0,Frozen; HEALTH; Inflict; Ingredient; Stance; While,cards/1313-served-cold-271265.okf.md
1314,4265,Served Hot,served-hot,Action,Utility,Uncommon,Eclypse,Red,0,0,1,0,0,0,0,0,0,Burning; Inflict; Ingredient; Momentum; Stance; While,cards/1314-served-hot-4265.okf.md
1315,675872,Set Sail,set-sail,Action,Utility,Uncommon,Eclypse,Green,0,0,0,0,0,0,0,0,0,Foretell; foretell+3; Foretold; Increase; Persistent; tempValue; Tidal,cards/1315-set-sail-675872.okf.md
1316,675876,Set Sail (Tides),set-sail-tides,Action,Utility,Uncommon,Eclypse,Green,3,0,0,0,0,0,0,0,0,Add; Gain DEX; Persistent; s; tempValue+1; Tidal,cards/1316-set-sail-tides-675876.okf.md
1317,359643,Set the Trap,set-the-trap,Action,Utility,Uncommon,Infinitum,Green,1,0,0,0,0,0,0,0,0,Add Snares; allEnergy,cards/1317-set-the-trap-359643.okf.md
1318,741119,Set to Blow,set-to-blow,Action,Utility,Common,Synthesis,Green,1,0,0,0,0,0,0,0,0,Bombs; Conjure,cards/1318-set-to-blow-741119.okf.md
1319,287785,Shadow Mastery,shadow-mastery,Action,Corruption,Rare,Catalyst,Orange,0,0,0,0,0,0,0,0,4,damageBonus; Darkness; Increase; permaValue; Rebound; Upgradeable,cards/1319-shadow-mastery-287785.okf.md
1320,701274,Shadow Play,shadow-play,Enchantment,Utility,Rare,Synthesis,Orange,0,0,0,0,0,0,1,0,0,Advantage; Darkness; Evasion,cards/1320-shadow-play-701274.okf.md
1321,486755,Shadow Sanctuary,shadow-sanctuary,Action,Utility,Uncommon,Core,Green,1,0,0,0,0,0,0,0,0,Evasion; Regenerate; Sinister,cards/1321-shadow-sanctuary-486755.okf.md
1322,673534,Shadowtheft,shadowtheft,Action,Utility,Rare,Core,Green,1,0,0,0,0,0,0,0,0,Delve; Item,cards/1322-shadowtheft-673534.okf.md
1323,302991,Shakedown,shakedown,Action,Corruption,Rare,Catalyst,Green,1,0,0,0,0,0,0,0,0,Add; Corruption; corruptionCards; GOLD; Greed; Sinister,cards/1323-shakedown-302991.okf.md
1324,518606,Shamshir,shamshir,Basic Attack,Melee,Common,Metaprogress,Brown,0,0,0,0,1,0,0,0,0,Add; Agile; Ambush; Gain Evasion,cards/1324-shamshir-518606.okf.md
1325,766017,Shape Steel,shape-steel,Action,Utility,Legendary,Synthesis,Red,0,0,1,0,0,0,0,0,0,Adaptations; Charges; Conjure,cards/1325-shape-steel-766017.okf.md
1326,332270,Shapeless Mastery,shapeless-mastery,Action,Utility,Uncommon,Core,Aqua,0,0,0,0,0,1,0,0,0,,cards/1326-shapeless-mastery-332270.okf.md
1327,51387,Shard of Divinity,shard-of-divinity,Artifact,Divine,Rare,Core Extended,Gold,0,0,0,2,0,0,0,0,0,Blessing; HOLY,cards/1327-shard-of-divinity-51387.okf.md
1328,351802,Shard of Malice,shard-of-malice,Artifact,Utility,Legendary,Core Extended,Orange,1,0,1,0,0,0,0,0,0,Bleeding; Inflict; Memorized; Poison; Use DEX; Use STR,cards/1328-shard-of-malice-351802.okf.md
1329,965031,Sharp,sharp,Adaptation,Utility,Common,None,Red,0,0,0,0,0,0,0,0,0,Add; Piercing,cards/1329-sharp-965031.okf.md
1330,957984,Sharp Leaves,sharp-leaves,Ingredient,Utility,Common,Eclypse,Red,0,0,0,0,0,0,0,0,0,Bleeding; Deep Wound; Garnish; Inflict; One Use,cards/1330-sharp-leaves-957984.okf.md
1331,693119,Sharp Pin,sharp-pin,Action,Utility,Common,Core,Orange,0,0,0,0,0,0,0,0,0,Armor; Maximum HEALTH; otherMaxHealth/20; Persistent; Steal; They,cards/1331-sharp-pin-693119.okf.md
1332,7263,Sharp Wires,sharp-wires,Action,Utility,Uncommon,Infinitum,Green,2,0,0,0,0,0,0,0,0,Add; damageBonus; Snare; Snares,cards/1332-sharp-wires-7263.okf.md
1333,816971,Sharpening Stone,sharpening-stone,Item,Utility,Uncommon,Core Extended,Brown,0,0,0,0,1,0,0,0,0,Basic Attack; Grounded; One Use; Upgrade,cards/1333-sharpening-stone-816971.okf.md
1334,711051,Sharpshooter,sharpshooter,Enchantment,Utility,Uncommon,Core Extended,Green,1,0,0,0,0,0,0,0,0,Ranged Actions; rangedactionsPlayed,cards/1334-sharpshooter-711051.okf.md
1335,666818,Shatter,shatter,Action,Melee,Common,Core,Purple,0,0,0,0,0,0,0,1,0,Frozen,cards/1335-shatter-666818.okf.md
1336,437634,Shattering Stance,shattering-stance,Form,Utility,Common,Catalyst,Red,0,0,0,0,0,0,0,0,0,Brittle; Immune; Pinned,cards/1336-shattering-stance-437634.okf.md
1337,256362,Shell Box,shell-box,Item,Utility,Common,Synthesis,Brown,0,0,0,0,2,0,0,0,0,Ammo; Delve; One Use; Persistent; Untempered,cards/1337-shell-box-256362.okf.md
1338,695118,Shield of Faith,shield-of-faith,Action,Divine,Common,Core,Gold,0,0,0,0,1,0,0,0,0,Armor; Gain HOLY; On Draw,cards/1338-shield-of-faith-695118.okf.md
1339,849573,Shield Throw,shield-throw,Action,Ranged,Uncommon,Metamorphosis,Purple,0,0,0,0,0,0,0,1,0,Armor; Conjure; Flanking; my(status)Armor; Shield Throw,cards/1339-shield-throw-849573.okf.md
1340,539887,Shieldglare,shieldglare,Action,Divine,Uncommon,Catalyst,Purple,0,0,0,0,0,0,0,1,0,HOLY; Impervious,cards/1340-shieldglare-539887.okf.md
1341,749176,Shiv,shiv,Action,Melee,Common,Synthesis,Green,0,0,0,0,0,0,0,0,0,Bleeding; DEX; Inflict; On Hit; Sinister,cards/1341-shiv-749176.okf.md
1342,433340,Shock Therapy,shock-therapy,Action,Magic,Common,Synthesis,Blue,0,1,0,0,0,0,0,0,0,Chain; Gain Focus,cards/1342-shock-therapy-433340.okf.md
1343,136379,Shock Wires,shock-wires,Item,Utility,Common,Synthesis,Brown,0,0,0,0,1,0,0,0,0,Chain; Gain DEX; Gain DEXDEX; One Use; Persistent; Untempered,cards/1343-shock-wires-136379.okf.md
1344,527532,Shocking Grasp,shocking-grasp,Action,Magic,Uncommon,Core,Blue,0,1,0,0,0,0,0,0,0,Chain; my(status)Chain; Shocked Chain,cards/1344-shocking-grasp-527532.okf.md
1345,513740,Shortbow,shortbow,Basic Attack,Ranged,Common,Metaprogress,Brown,0,0,0,0,1,0,0,0,0,Arrow; Flanking; Shoot,cards/1345-shortbow-513740.okf.md
1346,399122,Shovel,shovel,Equipment,Utility,Rare,Synthesis,Brown,0,0,0,0,1,0,0,0,0,Activate; Deplete; Destroy; Durability; Scavenge; Treasure,cards/1346-shovel-399122.okf.md
1347,497258,Show must go on,show-must-go-on,Enchantment,Utility,Legendary,Metamorphosis,Green,1,0,0,0,0,0,0,0,0,HEALTH; Perform; Performance; performanceStacks,cards/1347-show-must-go-on-497258.okf.md
1348,6906771,Shrapnel,shrapnel,Item,Utility,Common,Synthesis,Brown,0,0,0,0,1,0,0,0,0,Bomb; Create; One Use; Persistent; Untempered,cards/1348-shrapnel-6906771.okf.md
1349,380081,Shrapnel Bomb,shrapnel-bomb,Action,Ranged,Legendary,Infinitum,Brown,0,0,0,0,3,0,0,0,0,Charge; Persistent; Ready; Speed,cards/1349-shrapnel-bomb-380081.okf.md
1350,826311,Shred,shred,Action,Melee,Common,Metamorphosis,Aqua,0,0,0,0,0,1,0,0,0,Cat; Critical Hit; Form; Shift,cards/1350-shred-826311.okf.md
1351,329493,Shred (Companion),shred-companion,Action,Melee,Rare,Synthesis,Orange,0,0,0,0,2,0,0,0,0,Advantage; Bleeding; companionlevel/2; Critical Hit; Grant; Inflict,cards/1351-shred-companion-329493.okf.md
1352,722053,Shredder Axe,shredder-axe,Basic Attack,Melee,Rare,Metamorphosis,Brown,0,0,0,0,2,0,0,0,0,Critical Hit; Interrupt; Performing,cards/1352-shredder-axe-722053.okf.md
1353,714080,Shuriken,shuriken,Basic Attack,Ranged,Common,Metaprogress,Brown,0,0,0,0,1,0,0,0,0,Play,cards/1353-shuriken-714080.okf.md
1354,89591,Sift the sands,sift-the-sands,Action,Utility,Common,Catalyst,Red,0,0,1,0,0,0,0,0,0,Shuffle,cards/1354-sift-the-sands-89591.okf.md
1355,472193,Sifting Time,sifting-time,Action,Utility,Uncommon,Eclypse,Aqua,0,0,0,0,0,1,0,0,0,Barrier; Foretell; Persistent,cards/1355-sifting-time-472193.okf.md
1356,770313,Sight Beyond,sight-beyond,Action,Utility,Common,Eclypse,Aqua,0,0,0,0,0,1,0,0,0,,cards/1356-sight-beyond-770313.okf.md
1357,32294,Silent Shanty,silent-shanty,Conjuration,Utility,Common,None,Green,0,0,0,0,0,0,0,0,0,Ambush; Perform; Reset,cards/1357-silent-shanty-32294.okf.md
1358,181515,Simulacrum,simulacrum,Action,Utility,Rare,Core,Blue,0,1,0,0,0,0,0,0,0,Conjure,cards/1358-simulacrum-181515.okf.md
1359,439903,Singe,singe,Action,Magic,Common,Core,Blue,0,0,0,0,0,0,0,0,0,Burning; Bury; Inflict,cards/1359-singe-439903.okf.md
1360,771618,Singular Focus,singular-focus,Code,Divine,Legendary,Core Extended,Blue,0,3,0,0,0,0,0,0,0,All; Code; Combat; Element; Grounded; Permanently Attune,cards/1360-singular-focus-771618.okf.md
1361,916712,Singularity,singularity,Action,Utility,Common,Synthesis,Aqua,0,0,0,0,0,1,0,0,0,Play,cards/1361-singularity-916712.okf.md
1362,798640,Sinner,sinner,Action,Corruption,Common,Catalyst,Green,1,0,0,0,0,0,0,0,0,Corrupted; GOLD; Sin; Sinister; Swap,cards/1362-sinner-798640.okf.md
1363,882216,Siphon Magic,siphon-magic,Action,Utility,Rare,Core,Blue,0,1,0,0,0,0,0,0,0,Blessing; Steal,cards/1363-siphon-magic-882216.okf.md
1364,248509,Siphoning Pin,siphoning-pin,Action,Utility,Common,Core,Orange,0,0,0,0,0,0,0,0,0,Anger; Maximum HEALTH; otherMaxHealth/20; Persistent; Steal; They,cards/1364-siphoning-pin-248509.okf.md
1365,213134,Siphoning Strike,siphoning-strike,Action,Melee,Common,Core,Red,0,0,2,0,0,0,0,0,0,Frenzy; HEALTH,cards/1365-siphoning-strike-213134.okf.md
1366,315848,Siren's Call,siren-s-call,Action,Utility,Legendary,Eclypse,Green,1,0,0,0,0,0,0,0,0,Inflict Charmed; Perform; Performance; performanceStacks; Persistent; Tidal,cards/1366-siren-s-call-315848.okf.md
1367,395662,Siren's Call,siren-s-call,Action,Utility,Legendary,Eclypse,Green,2,0,0,0,0,0,0,0,0,Charmed; Finish; other(status)Charmed; Performance; Persistent; Piercing,cards/1367-siren-s-call-395662.okf.md
1368,242420,Skillshot,skillshot,Action,Utility,Common,Catalyst,Aqua,0,0,0,0,0,0,0,0,0,Critical Hits; Foretell; foretell+3; Gain Barrier; Ranged,cards/1368-skillshot-242420.okf.md
1369,470986,Skylars Arrow,skylars-arrow,Action,Ranged,Uncommon,Metamorphosis,Green,0,0,0,0,0,0,0,0,0,Charmed; Inflict; Piercing,cards/1369-skylars-arrow-470986.okf.md
1370,430662,Skylars Quiver,skylars-quiver,Artifact,Utility,Uncommon,Metamorphosis,Green,2,0,0,0,0,0,0,0,0,Memorized; Perform; Skylars Arrow,cards/1370-skylars-quiver-430662.okf.md
1371,525726,Slam (Companion),slam-companion,Action,Melee,Rare,Synthesis,Orange,0,0,0,0,2,0,0,0,0,Advantage; companionlevel*3; Dazed; Inflict,cards/1371-slam-companion-525726.okf.md
1372,320326,Slayer's Advance,slayer-s-advance,Action,Melee,Common,Catalyst,Orange,0,0,0,0,0,0,1,0,0,Darkness; Execute; Overkill,cards/1372-slayer-s-advance-320326.okf.md
1373,416661,Sleep,sleep,Enchantment,Corruption,Legendary,None,Blue,0,0,0,0,0,0,0,0,0,,cards/1373-sleep-416661.okf.md
1374,324076,Sleep Sand,sleep-sand,Action,Utility,Rare,Synthesis,Blue,0,2,0,0,0,0,0,0,0,Can; Charges; HEALTH; Sleep,cards/1374-sleep-sand-324076.okf.md
1375,955997,Sleeping Poison,sleeping-poison,Action,Utility,Uncommon,Infinitum,Green,1,0,0,0,0,0,0,0,0,Charges; Inflict; Jinxed,cards/1375-sleeping-poison-955997.okf.md
1376,224493,Sleight of Hand,sleight-of-hand,Action,Utility,Rare,Core,Green,0,0,0,0,0,0,0,0,0,Ambush; Charges; Conjure; Delve,cards/1376-sleight-of-hand-224493.okf.md
1377,726166,Sloth,sloth,Action,Corruption,Common,Core,Black,0,0,0,0,0,0,0,0,0,Slow; Unplayable,cards/1377-sloth-726166.okf.md
1378,178122,Slow,slow,Action,Utility,Common,None,Blue,0,0,0,0,0,0,0,0,0,Inflict; Slow,cards/1378-slow-178122.okf.md
1379,630225,Smite,smite,Action,Divine,Common,Metaprogress,Purple,0,0,0,0,0,0,0,1,0,HOLY; Piercing,cards/1379-smite-630225.okf.md
1380,317863,Smoldering Ribs,smoldering-ribs,Ingredient,Utility,Common,Eclypse,Red,0,0,0,0,0,0,0,0,0,Burning; Garnish; Inflict; Interrupt; One Use,cards/1380-smoldering-ribs-317863.okf.md
1381,401011,Snake Dance,snake-dance,Action,Utility,Common,Eclypse,Green,1,0,0,0,0,0,0,0,0,Charmed; Gain Potency; Perform; Performance; performanceStacks,cards/1381-snake-dance-401011.okf.md
1382,531624,Snake Familiar,snake-familiar,Equipment,Utility,Uncommon,Eclypse,Brown,0,0,0,0,1,0,0,0,0,Activate; Affliction; Corrupted; Durability; Gain HEALTH; otherAfflictions; Poison,cards/1382-snake-familiar-531624.okf.md
1383,948355,Snare,snare,Action,Corruption,Common,Infinitum,Green,0,0,0,0,0,0,0,0,0,One Use; Piercing; Snares; Take; tempValue; Upgrade,cards/1383-snare-948355.okf.md
1384,787143,Sneak Attack,sneak-attack,Action,Melee,Common,Core,Green,1,0,0,0,0,0,0,0,0,Ambush,cards/1384-sneak-attack-787143.okf.md
1385,1160,Snowstorm,snowstorm,Enchantment,Utility,Common,None,Blue,0,0,0,0,0,0,0,0,0,areaSpecial; Campsites; Frozen; Intensifies,cards/1385-snowstorm-1160.okf.md
1386,872164,Solar Lance,solar-lance,Action,Divine,Common,Metamorphosis,Gold,0,0,0,1,0,0,0,0,0,Burning; Deals; Firecast; Piercing,cards/1386-solar-lance-872164.okf.md
1387,198252,Solarium,solarium,Action,Divine,Common,Catalyst,Gold,0,0,0,1,0,0,0,0,0,Code; Firecast; HEALTH,cards/1387-solarium-198252.okf.md
1388,552343,Solid Strike,solid-strike,Action,Melee,Common,Catalyst,Red,0,0,2,0,0,0,0,0,0,Brittle; Inflict; On Draw; tempValue,cards/1388-solid-strike-552343.okf.md
1389,134378,Song of Aldour,song-of-aldour,Performance,Utility,Rare,None,None,0,0,0,0,0,0,0,0,0,After; DEX; Performances,cards/1389-song-of-aldour-134378.okf.md
1390,257194,Song of Lovers,song-of-lovers,Performance,Utility,Rare,None,None,0,0,0,0,0,0,0,0,0,After; Charmed; Inflict; myLevel; Performances,cards/1390-song-of-lovers-257194.okf.md
1391,34038,Song of Prime,song-of-prime,Performance,Utility,Rare,None,None,0,0,0,0,0,0,0,0,0,After; HEALTH; Performances; Restore,cards/1391-song-of-prime-34038.okf.md
1392,102575,Song of Resilience,song-of-resilience,Performance,Utility,Legendary,None,None,0,0,0,0,0,0,0,0,0,After; Barrier; Performances,cards/1392-song-of-resilience-102575.okf.md
1393,404640,Song of Sages,song-of-sages,Performance,Utility,Rare,None,None,0,0,0,0,0,0,0,0,0,After; Performances,cards/1393-song-of-sages-404640.okf.md
1394,576855,Song of Slaughter,song-of-slaughter,Performance,Utility,Rare,None,None,0,0,0,0,0,0,0,0,0,After; myLevel; Performances; Piercing,cards/1394-song-of-slaughter-576855.okf.md
1395,606668,Song of Strength,song-of-strength,Performance,Utility,Legendary,None,None,0,0,0,0,0,0,0,0,0,After; myLevel; Performances,cards/1395-song-of-strength-606668.okf.md
1396,125212,Song of Vitae,song-of-vitae,Performance,Utility,Legendary,None,None,0,0,0,0,0,0,0,0,0,After; Lifedrinker Venom; Performances,cards/1396-song-of-vitae-125212.okf.md
1397,974974,Soul Imprint,soul-imprint,Action,Utility,Legendary,Synthesis,Aqua,0,0,0,0,0,1,0,0,0,Convert; Create; NEUTRAL; Untempered,cards/1397-soul-imprint-974974.okf.md
1398,753911,Soul Kama,soul-kama,Basic Attack,Melee,Common,Metaprogress,Brown,0,0,0,0,1,0,0,0,0,permaValue; Rebound; Souls; Upgrade,cards/1398-soul-kama-753911.okf.md
1399,883274,Soul Nova,soul-nova,Action,Utility,Common,Eclypse,Orange,0,0,0,0,0,0,1,0,0,Heavy; Nova; novacards; Repeat; Soul,cards/1399-soul-nova-883274.okf.md
1400,127946,Soul of Vengeance,soul-of-vengeance,Conjuration,Utility,Common,Metamorphosis,Orange,0,0,0,0,0,0,0,0,0,Critical Hit; On Draw; Soul,cards/1400-soul-of-vengeance-127946.okf.md
1401,895995,Soul Tether,soul-tether,Action,Utility,Common,Metamorphosis,Orange,0,0,0,0,0,0,0,0,0,Critical Hit; Souls,cards/1401-soul-tether-895995.okf.md
1402,427156,Soulbinder,soulbinder,Action,Utility,Legendary,Eclypse,Orange,0,0,0,0,0,0,1,0,2,HEALTH; Heavy; Maximum HEALTH; Souls; souls/2; Steal,cards/1402-soulbinder-427156.okf.md
1403,230131,Soulbolt,soulbolt,Action,Ranged,Common,Metamorphosis,Orange,0,0,0,0,0,0,1,0,0,Affliction; Flanking; Soulbolt; Souls; Spend,cards/1403-soulbolt-230131.okf.md
1404,219579,Soulbrand,soulbrand,Enchantment,Utility,Rare,Metamorphosis,Orange,0,0,0,0,0,0,1,0,0,Critical Hit; Soul,cards/1404-soulbrand-219579.okf.md
1405,171344,Soulfire Bomb,soulfire-bomb,Action,Ranged,Legendary,None,Brown,0,0,0,0,3,0,0,0,0,Charge; Lifedrain; Persistent; Ready; Reaping; Speed,cards/1405-soulfire-bomb-171344.okf.md
1406,283118,Soulfood,soulfood,Action,Corruption,Common,Eclypse,Orange,0,0,0,0,0,0,0,0,1,Create; Heavy; Ingredient; Performance,cards/1406-soulfood-283118.okf.md
1407,698070,Soulreave,soulreave,Action,Melee,Common,Metamorphosis,Orange,0,0,0,0,0,0,1,0,0,Charges; Flanking; Gain Souls,cards/1407-soulreave-698070.okf.md
1408,38338,Souls,souls,Enchantment,Utility,Legendary,None,Aqua,0,0,0,0,0,0,0,0,0,HEALTH; Souls; Use Souls,cards/1408-souls-38338.okf.md
1409,649536,Soulsearch,soulsearch,Action,Utility,Common,Metamorphosis,Orange,0,0,0,0,0,0,0,0,2,Charges; Souls; Spend,cards/1409-soulsearch-649536.okf.md
1410,178324,Soultap,soultap,Action,Utility,Rare,Metaprogress,Orange,0,0,0,0,0,0,1,0,0,cardsInGraveyard; Discard Pile; Soul; Take,cards/1410-soultap-178324.okf.md
1411,379361,Spark of Eternity,spark-of-eternity,Action,Utility,Legendary,None,Aqua,0,0,0,0,0,2,0,0,0,Enchantment; Grounded; Imbue; Untempered,cards/1411-spark-of-eternity-379361.okf.md
1412,350265,Sparkclaw,sparkclaw,Equipment,Utility,Common,Synthesis,Brown,0,0,0,0,1,0,0,0,0,Activate; Armor; Chain; Durability; Zap,cards/1412-sparkclaw-350265.okf.md
1413,4166613,Spectral Guardian (Companion),spectral-guardian-companion,Enchantment,Utility,Rare,None,Orange,0,0,0,0,0,0,2,0,0,Afflictions; otherAfflictions; Reduce,cards/1413-spectral-guardian-companion-4166613.okf.md
1414,168727,Spell Echo,spell-echo,Action,Utility,Rare,Core,Blue,0,0,0,0,0,0,0,0,0,Gain Slow; Play,cards/1414-spell-echo-168727.okf.md
1415,831956,Spell Thief,spell-thief,Action,Utility,Legendary,Core,Green,1,0,0,0,0,0,0,0,0,Play,cards/1415-spell-thief-831956.okf.md
1416,208653,Spellbind Bracers,spellbind-bracers,Equipment,Utility,Uncommon,Catalyst,Brown,0,0,0,0,1,0,0,0,0,Activate; Attune; Durability; Element,cards/1416-spellbind-bracers-208653.okf.md
1417,814660,Spellbinders,spellbinders,Basic Attack,Magic,Common,Metaprogress,Brown,0,0,0,0,1,0,0,0,0,Persistent; Swap,cards/1417-spellbinders-814660.okf.md
1418,165046,Spellbreaker,spellbreaker,Action,Melee,Uncommon,Metamorphosis,Red,0,0,2,0,0,0,0,0,0,Afflictions; Anger; Blessing; Dispel; myAfflictions,cards/1418-spellbreaker-165046.okf.md
1419,413308,Spellburn,spellburn,Action,Utility,Common,Infinitum,Blue,0,1,0,0,0,0,0,0,0,Bury; Conjure; HOLY,cards/1419-spellburn-413308.okf.md
1420,865776,Spellcoil,spellcoil,Action,Magic,Uncommon,Core,Blue,0,1,0,0,0,0,0,0,0,actionsPlayed; Chain; Flow; Inflict; Shocked,cards/1420-spellcoil-865776.okf.md
1421,120234,Spellcraft,spellcraft,Action,Magic,Common,Core,Blue,0,0,0,0,0,0,0,0,0,Conjure; Focus; Magic Action,cards/1421-spellcraft-120234.okf.md
1422,1198,Spellsnap,spellsnap,Enchantment,Utility,Legendary,Metaprogress,Blue,0,2,0,0,0,0,0,0,0,imprints; Magic Action,cards/1422-spellsnap-1198.okf.md
1423,678056,Spellstrike,spellstrike,Action,Melee,Uncommon,Core,Purple,0,0,0,0,0,0,0,1,0,Basic Attack; Blessing; Dispel; Make,cards/1423-spellstrike-678056.okf.md
1424,772109,Spicy Acid,spicy-acid,Ingredient,Utility,Common,Eclypse,Red,0,0,0,0,0,0,0,0,0,Garnish; Inflict; Lose; One Use; Poison; Potency; Sated,cards/1424-spicy-acid-772109.okf.md
1425,157951,Spin the Web,spin-the-web,Enchantment,Utility,Rare,Infinitum,Green,1,0,0,0,0,0,0,0,0,Charmed; Poison; Snares,cards/1425-spin-the-web-157951.okf.md
1426,69836,Spirit Arrow,spirit-arrow,Action,Ranged,Common,None,Aqua,0,0,0,0,0,0,0,0,0,Deals; Focus,cards/1426-spirit-arrow-69836.okf.md
1427,780353,Spirit Bond,spirit-bond,Enchantment,Divine,Legendary,Metamorphosis,Gold,0,0,0,3,0,0,0,0,0,Grounded; HEALTH; Reduce; Spirit Bond; Turn,cards/1427-spirit-bond-780353.okf.md
1428,415424,Spirit Duet,spirit-duet,Action,Utility,Uncommon,Eclypse,Orange,0,0,0,0,0,0,1,0,0,Ancestral; Charges; Gains Souls; Perform; Performance; performanceStacks,cards/1428-spirit-duet-415424.okf.md
1429,723199,Spirit Vessel,spirit-vessel,Action,Utility,Legendary,Eclypse,Orange,0,0,0,0,0,0,2,0,0,Effigy; Heal; Maximum HEALTH; myMaxHealth/5; Requires,cards/1429-spirit-vessel-723199.okf.md
1430,256608,Spiritbomb,spiritbomb,Action,Magic,Common,Eclypse,Orange,0,0,0,0,0,0,1,0,0,Maximum HEALTH; On Hit; Reaping,cards/1430-spiritbomb-256608.okf.md
1431,715016,Spiritual Warfare,spiritual-warfare,Action,Utility,Uncommon,Core,Aqua,0,0,0,0,0,2,0,0,0,Basic Attack; Make,cards/1431-spiritual-warfare-715016.okf.md
1432,148288,Split,split,Action,Utility,Uncommon,Metaprogress,Aqua,0,0,0,0,0,1,0,0,0,Charges; Clone; Summon,cards/1432-split-148288.okf.md
1433,22216,Spoils of War,spoils-of-war,Enchantment,Utility,Rare,Core,Green,1,0,0,0,0,0,0,0,0,Conjure; Item,cards/1433-spoils-of-war-22216.okf.md
1434,77316,Staff of Thunder,staff-of-thunder,Basic Attack,Magic,Rare,Core,Brown,0,0,0,0,2,0,0,0,0,Chain,cards/1434-staff-of-thunder-77316.okf.md
1435,186780,Staggering Blow,staggering-blow,Action,Utility,Uncommon,Core,Aqua,0,0,0,0,0,1,0,0,0,Balance; Basic Attack; Basic Attacks; Make,cards/1435-staggering-blow-186780.okf.md
1436,429672,Stance Dance,stance-dance,Action,Utility,Uncommon,Catalyst,Red,0,0,1,0,0,0,0,0,0,Enter; Stance,cards/1436-stance-dance-429672.okf.md
1437,61202,Stand Your Ground,stand-your-ground,Enchantment,Utility,Rare,Core,Red,0,0,2,0,0,0,0,0,0,Armor,cards/1437-stand-your-ground-61202.okf.md
1438,61742,Standoff,standoff,Action,Utility,Rare,Metamorphosis,Red,0,0,1,0,0,0,0,0,0,Armor; Impervious; Persistent; Unscathed,cards/1438-standoff-61742.okf.md
1439,407364,Stardart,stardart,Action,Ranged,Common,Infinitum,Aqua,0,0,0,0,0,0,0,0,0,(cardvalue)Stardart; Can; Chance; On Hit; Revelation; Stardart,cards/1439-stardart-407364.okf.md
1440,998873,Starfall,starfall,Action,Utility,Common,Infinitum,Aqua,0,0,0,0,0,1,0,0,0,Channel; Conjure; Stardart; Turn,cards/1440-starfall-998873.okf.md
1441,921100,Starmap,starmap,Action,Utility,Rare,Infinitum,Aqua,0,0,0,0,0,1,0,0,0,Conjure; Foretold; Stardarts; tempValue+2,cards/1441-starmap-921100.okf.md
1442,571114,Stash of Weapons,stash-of-weapons,Item,Utility,Rare,Core,Brown,0,0,0,0,2,0,0,0,0,Basic Attacks; Conjure,cards/1442-stash-of-weapons-571114.okf.md
1443,93423,Steady Ground,steady-ground,Action,Utility,Common,Metamorphosis,Red,0,0,1,0,0,0,0,0,0,Armor; Critical Hit,cards/1443-steady-ground-93423.okf.md
1444,860024,Steady Stance,steady-stance,Form,Utility,Common,Catalyst,Red,0,0,0,0,0,0,0,0,0,Immunity; STR; Stunned,cards/1444-steady-stance-860024.okf.md
1445,267810,Steady Strike,steady-strike,Action,Utility,Uncommon,Core,Red,0,0,1,0,0,0,0,0,0,Basic Attack; Charges; Make,cards/1445-steady-strike-267810.okf.md
1446,900164,Steel Arrow,steel-arrow,Action,Ranged,Common,Core,Brown,0,0,0,0,0,0,0,0,0,,cards/1446-steel-arrow-900164.okf.md
1447,41848,Steel Evolution,steel-evolution,Action,Utility,Rare,Synthesis,Red,0,0,2,0,0,0,0,0,0,Adapt,cards/1447-steel-evolution-41848.okf.md
1448,24952,Steel Faith,steel-faith,Action,Utility,Uncommon,Synthesis,Purple,0,0,0,0,0,0,0,1,0,Blessings; Gain Armor; highestBlessings,cards/1448-steel-faith-24952.okf.md
1449,59008,Steel Golem,steel-golem,Equipment,Utility,Legendary,Eclypse,Brown,0,0,0,0,3,0,0,0,0,Activate; Durability; Reduce,cards/1449-steel-golem-59008.okf.md
1450,675540,Steel Longsword,steel-longsword,Basic Attack,Melee,Common,None,Brown,0,0,0,0,1,0,0,0,0,Armor,cards/1450-steel-longsword-675540.okf.md
1451,786683,Steel Soul,steel-soul,Action,Utility,Uncommon,Metaprogress,Aqua,0,0,0,0,0,1,0,0,0,Barrier; Basic Attack,cards/1451-steel-soul-786683.okf.md
1452,409787,Steel Strikes,steel-strikes,Action,Melee,Uncommon,Synthesis,Red,0,0,1,0,0,0,0,0,0,Adaptation; adaptations; Gain STR; On Hit,cards/1452-steel-strikes-409787.okf.md
1453,81532,Steel Titan,steel-titan,Action,Utility,Legendary,Synthesis,Purple,0,0,0,0,0,0,0,1,0,Armor; Combat; damageBonus+10; Gain Fortified; Upgradeable,cards/1453-steel-titan-81532.okf.md
1454,760714,Steelcharge,steelcharge,Action,Melee,Common,None,Red,0,0,1,0,0,0,0,0,0,Untempered,cards/1454-steelcharge-760714.okf.md
1455,598450,Steelskin Potion,steelskin-potion,Item,Utility,Uncommon,Core,Brown,0,0,0,0,0,0,0,0,0,Armor; One Use,cards/1455-steelskin-potion-598450.okf.md
1456,596727,Steelwall,steelwall,Action,Utility,Rare,Infinitum,Red,0,0,1,0,0,0,0,0,0,Add; Armor; Steelcharge,cards/1456-steelwall-596727.okf.md
1457,913582,Stimshot,stimshot,Action,Utility,Uncommon,Synthesis,Purple,0,0,0,0,0,0,0,1,0,Bolster; Charges; damageBonus+1; Gain Armor; Take; Upgradeable,cards/1457-stimshot-913582.okf.md
1458,687689,Stockpile,stockpile,Enchantment,Utility,Rare,Synthesis,Green,1,0,0,0,0,0,0,0,0,Bomb; damageBonus+2; Play; Starts; Upgradeable,cards/1458-stockpile-687689.okf.md
1459,501387,Stone Legends,stone-legends,Action,Utility,Rare,Core Extended,Red,0,0,1,0,0,0,0,0,0,Shuffle; Stone Blade; Untempered Monolith,cards/1459-stone-legends-501387.okf.md
1460,381785,Stone Nova,stone-nova,Action,Utility,Common,Eclypse,Red,0,0,1,0,0,0,0,0,0,Armor; Nova; novacards; Repeat,cards/1460-stone-nova-381785.okf.md
1461,180017,Stone Stance,stone-stance,Form,Utility,Common,Catalyst,Red,0,0,0,0,0,0,0,0,0,Armor; Bleeding; Immune,cards/1461-stone-stance-180017.okf.md
1462,737858,Stone Strength,stone-strength,Action,Utility,Common,Catalyst,Red,0,0,0,0,0,0,0,0,1,Anger; Return; Stance,cards/1462-stone-strength-737858.okf.md
1463,655864,Stoneshape,stoneshape,Action,Utility,Common,Catalyst,Red,0,0,1,0,0,0,0,0,0,Enter Stone; Gain Armor; other(status)Stagger; Stagger; Stance,cards/1463-stoneshape-655864.okf.md
1464,27813,Stoneskin,stoneskin,Action,Utility,Common,Catalyst,Orange,0,0,0,0,0,0,1,0,0,Charges; Resilience; Totems; totems,cards/1464-stoneskin-27813.okf.md
1465,969271,Stonewall,stonewall,Action,Utility,Common,Catalyst,Red,0,0,1,0,0,0,0,0,0,Armor; Increase; On Draw; tempValue,cards/1465-stonewall-969271.okf.md
1466,154361,Storm Arrow,storm-arrow,Action,Ranged,Uncommon,Core Extended,Purple,0,0,0,0,0,0,0,0,0,Cascade; Chain; Conjure; Storm Arrow,cards/1466-storm-arrow-154361.okf.md
1467,573731,Storm Nova,storm-nova,Action,Magic,Common,Eclypse,Purple,0,0,0,0,0,0,0,1,0,Chain; Nova; novacards; Repeat,cards/1467-storm-nova-573731.okf.md
1468,864847,Storm Shield,storm-shield,Action,Magic,Uncommon,Metaprogress,Purple,0,0,0,0,0,0,0,1,0,actionsPlayed; Chain; Flow; Gain Barrier,cards/1468-storm-shield-864847.okf.md
1469,119978,Stormaxe,stormaxe,Basic Attack,Melee,Common,Metaprogress,Brown,0,0,0,0,1,0,0,0,0,Cascade; Chain; Conjure; Zap,cards/1469-stormaxe-119978.okf.md
1470,178134,Stormbinders,stormbinders,Basic Attack,Magic,Common,None,Brown,0,0,0,0,1,0,0,0,0,Chain; Swap,cards/1470-stormbinders-178134.okf.md
1471,454539,Stormblade,stormblade,Basic Attack,Magic,Common,Metaprogress,Brown,0,0,0,0,1,0,0,0,0,Add; Chain; Charged Blade,cards/1471-stormblade-454539.okf.md
1472,693658,Stormbolt,stormbolt,Action,Magic,Common,Core,Blue,0,1,0,0,0,0,0,0,0,Conjure; Continuity; Empower; Zap; Zap Chain,cards/1472-stormbolt-693658.okf.md
1473,702261,Stormbrand,stormbrand,Enchantment,Utility,Rare,Metamorphosis,Orange,0,0,0,0,0,0,2,0,0,Critical Hit; Lightning,cards/1473-stormbrand-702261.okf.md
1474,405226,Stormcast,stormcast,Action,Utility,Uncommon,Infinitum,Blue,0,1,0,0,0,0,0,0,0,Chain; damageBonus; Mergecraft; Upgradeable,cards/1474-stormcast-405226.okf.md
1475,31471,Stormshell,stormshell,Action,Utility,Rare,Core Extended,Purple,0,0,0,0,0,0,0,1,0,Barrier; Chain; Channel; When Stormshell,cards/1475-stormshell-31471.okf.md
1476,702388,Stormstrikes,stormstrikes,Action,Utility,Uncommon,Metaprogress,Orange,0,0,0,0,0,0,1,0,0,Basic Attack; Lightning Bolt,cards/1476-stormstrikes-702388.okf.md
1477,690677,Strange Vial,strange-vial,Item,Utility,Common,Synthesis,Brown,0,0,0,0,1,0,0,0,0,Conjure; One Use; Persistent; Potion; Untempered,cards/1477-strange-vial-690677.okf.md
1478,828767,Strike of Anguish,strike-of-anguish,Action,Melee,Uncommon,Infinitum,Orange,0,0,0,0,0,0,1,0,0,permaValue; Rebound,cards/1478-strike-of-anguish-828767.okf.md
1479,60272,Strike Vitals,strike-vitals,Action,Melee,Rare,Catalyst,Red,0,0,3,0,0,0,0,0,0,HEALTH; Lifedrain; Melee; On Hit,cards/1479-strike-vitals-60272.okf.md
1480,517194,Stroke of Misery,stroke-of-misery,Action,Utility,Common,Infinitum,Purple,0,0,0,0,0,0,0,1,0,Bane; Basic Attack; Inflict; Make,cards/1480-stroke-of-misery-517194.okf.md
1481,849906,Studied Strike,studied-strike,Action,Melee,Common,Synthesis,Aqua,0,0,0,0,0,1,0,0,0,Add; tempValue+3,cards/1481-studied-strike-849906.okf.md
1482,1727581,Stupor,stupor,Action,Utility,Uncommon,Synthesis,Blue,0,1,0,0,0,0,0,0,0,Discard Phase; Gain Focus; Skip; Sleep,cards/1482-stupor-1727581.okf.md
1483,771399,Stylus,stylus,Basic Attack,Melee,Common,Metaprogress,Brown,0,0,0,0,2,0,0,0,0,Conjure; Mantra; On Hit,cards/1483-stylus-771399.okf.md
1484,903144,Substance Z,substance-z,Action,Utility,Uncommon,Core Extended,Green,1,0,0,0,0,0,0,0,0,Charges; Double,cards/1484-substance-z-903144.okf.md
1485,5446152,Succumb,succumb,Action,Corruption,Common,Eclypse,Purple,0,0,0,0,0,0,0,0,3,Defile; permaValue; Waning,cards/1485-succumb-5446152.okf.md
1486,922369,Sudden Oration,sudden-oration,Action,Utility,Uncommon,Catalyst,Green,1,0,0,0,0,0,0,0,0,Ambush; Gain HOLY; HOLY; Perform,cards/1486-sudden-oration-922369.okf.md
1487,581855,Sudden Strike,sudden-strike,Action,Utility,Uncommon,Core,Aqua,0,0,0,0,0,0,0,0,0,Basic Attack; Make; Play,cards/1487-sudden-strike-581855.okf.md
1488,489643,Sugarplum,sugarplum,Ingredient,Utility,Common,Core Extended,Red,0,0,0,0,0,0,0,0,0,Add; Garnish; Inflict Charmed; One Use; Potency; Prank,cards/1488-sugarplum-489643.okf.md
1489,510840,Sunbolt,sunbolt,Action,Divine,Common,Core Extended,Gold,0,0,0,1,0,0,0,0,0,Blessings; Increase,cards/1489-sunbolt-510840.okf.md
1490,215550,Sunder,sunder,Action,Utility,Common,Catalyst,Red,0,0,0,0,0,0,0,0,1,Basic Attack; Critical Hit; Return; Stance,cards/1490-sunder-215550.okf.md
1491,543552,Sunder Armor,sunder-armor,Action,Melee,Uncommon,Core,Red,0,0,2,0,0,0,0,0,0,Armor; other(status)Armor; Remove; Vulnerable,cards/1491-sunder-armor-543552.okf.md
1492,613853,Sungod's Armory,sungod-s-armory,Action,Divine,Legendary,Eclypse,Red,0,0,0,0,3,0,0,0,0,Basic Attacks; If HOLY,cards/1492-sungod-s-armory-613853.okf.md
1493,203561,Sunken Forge,sunken-forge,Location,Utility,Legendary,Eclypse,Green,1,0,0,0,2,0,0,0,0,Grounded; Persistent,cards/1493-sunken-forge-203561.okf.md
1494,508525,Sunlance,sunlance,Basic Attack,Divine,Common,Metaprogress,Brown,0,0,0,0,1,0,0,0,0,Firecast; If HOLY; Virtue; Zeal,cards/1494-sunlance-508525.okf.md
1495,694945,Suntree Twig,suntree-twig,Basic Attack,Divine,Legendary,None,Brown,0,0,0,0,1,0,0,0,0,Demons; Grounded; Lifedrain; Undead,cards/1495-suntree-twig-694945.okf.md
1496,917541,Surge of Dexterity,surge-of-dexterity,Action,Utility,Common,Core,Green,0,0,0,0,0,0,0,0,0,Basic Attack; Conjure; Gain DEX,cards/1496-surge-of-dexterity-917541.okf.md
1497,384885,Surge of Intellect,surge-of-intellect,Action,Utility,Common,Core,Blue,0,0,0,0,0,0,0,0,0,Focus; Gain INT,cards/1497-surge-of-intellect-384885.okf.md
1498,322523,Surge of Strength,surge-of-strength,Action,Utility,Common,Core,Red,0,0,0,0,0,0,0,0,0,Gain STR; HEALTH,cards/1498-surge-of-strength-322523.okf.md
1499,66391,Surge of Unity,surge-of-unity,Action,Utility,Rare,Infinitum,Brown,0,0,0,0,2,0,0,0,0,Charges; Gain DEX; HOLY; INT STR,cards/1499-surge-of-unity-66391.okf.md
1500,960925,Surgestone,surgestone,Artifact,Utility,Common,Core Extended,Brown,0,0,0,0,1,0,0,0,0,damageBonus; Heavy; Momentum; Surge; Upgradeable,cards/1500-surgestone-960925.okf.md
1501,157350,Surveillance,surveillance,Action,Utility,Uncommon,Synthesis,Purple,0,0,0,0,0,0,0,1,0,Basic Attack; Equipment; Foretell; foretell+3; Take,cards/1501-surveillance-157350.okf.md
1502,135506,Suspicious Offer,suspicious-offer,Action,Utility,Legendary,Infinitum,Green,1,0,0,0,0,0,0,0,0,highestSnareUpgrade; Put; Snare; Upgrade,cards/1502-suspicious-offer-135506.okf.md
1503,15736,Sweeping Strikes,sweeping-strikes,Action,Melee,Common,Core,Red,0,0,1,0,0,0,0,0,0,Conjure; Frenzy; Melee Action,cards/1503-sweeping-strikes-15736.okf.md
1504,843866,Swift Strike,swift-strike,Action,Melee,Common,Catalyst,Red,0,0,0,0,0,0,0,0,0,Return; Stance,cards/1504-swift-strike-843866.okf.md
1505,211117,Swipe (Companion),swipe-companion,Action,Melee,Uncommon,Synthesis,Orange,0,0,0,0,1,0,0,0,0,Advantage; Attacks; companionlevel+4,cards/1505-swipe-companion-211117.okf.md
1506,183781,Symbiote,symbiote,Enchantment,Corruption,Rare,Synthesis,Blue,0,2,0,0,0,0,0,0,0,Lifedrain; Monster Actions; Psionic,cards/1506-symbiote-183781.okf.md
1507,177875,Symbol of Unity,symbol-of-unity,Action,Utility,Rare,Core Extended,Brown,0,0,0,0,0,0,0,0,0,,cards/1507-symbol-of-unity-177875.okf.md
1508,877662,Synaptic Storm,synaptic-storm,Action,Utility,Uncommon,Synthesis,Blue,0,3,0,0,0,0,0,0,0,Can; Chain; Upgraded,cards/1508-synaptic-storm-877662.okf.md
1509,385846,Tabu Ritual,tabu-ritual,Action,Utility,Legendary,Infinitum,Orange,0,0,0,0,0,0,0,0,2,Charges; Return,cards/1509-tabu-ritual-385846.okf.md
1510,129196,Tactical Retreat,tactical-retreat,Action,Utility,Common,Core,Green,1,0,0,0,0,0,0,0,0,Ambush; Arrows; Conjure; Evasion,cards/1510-tactical-retreat-129196.okf.md
1511,563714,Tails,tails,Item,Utility,Common,Catalyst,Brown,0,0,0,0,0,0,0,0,0,Gain HOLY; One Use,cards/1511-tails-563714.okf.md
1512,233838,Take Cover,take-cover,Action,Utility,Common,Core,Green,1,0,0,0,0,0,0,0,0,Ambush; Armor; Reset; Sinister,cards/1512-take-cover-233838.okf.md
1513,83140,Take the Hit,take-the-hit,Action,Utility,Uncommon,Infinitum,Red,0,0,1,0,0,0,0,0,0,Charges; Prevent; Stagger,cards/1513-take-the-hit-83140.okf.md
1514,933352,Taunt,taunt,Action,Utility,Uncommon,Infinitum,Green,1,0,0,0,0,0,0,0,0,Perform; Snares; Upgrade,cards/1514-taunt-933352.okf.md
1515,986493,Taurus' Rage,taurus-rage,Path,Utility,Rare,Eclypse,Aqua,0,0,0,0,0,1,0,0,0,Advance; After; Basic Attacks; INTDEX,cards/1515-taurus-rage-986493.okf.md
1516,734612,Taurus' Rage II,taurus-rage-ii,Path,Utility,Rare,None,Aqua,0,0,0,0,0,1,0,0,0,Advance; After; Anger; Basic Attacks; HEALTH,cards/1516-taurus-rage-ii-734612.okf.md
1517,800410,Taurus' Rage III,taurus-rage-iii,Path,Utility,Rare,None,Aqua,0,0,0,0,0,1,0,0,0,After; Basic Attacks; Mark; Tauros,cards/1517-taurus-rage-iii-800410.okf.md
1518,500838,Tectonic Fury,tectonic-fury,Action,Utility,Uncommon,Catalyst,Red,0,0,3,0,0,0,0,0,0,Anger; Enter Frenzied; On Draw; Stance; STR,cards/1518-tectonic-fury-500838.okf.md
1519,902120,Televan Compass,televan-compass,Equipment,Utility,Uncommon,Eclypse,Green,0,0,0,0,1,0,0,0,0,Activate; Durability; Foretell; foretell+3,cards/1519-televan-compass-902120.okf.md
1520,934442,Televan Insight,televan-insight,Action,Utility,Rare,Eclypse,Green,1,0,0,0,0,0,0,0,0,Foretell; foretell+3; mapsindeck; Tide; Treasure Map,cards/1520-televan-insight-934442.okf.md
1521,361676,Televan Rum,televan-rum,Item,Utility,Rare,Eclypse,Green,0,0,0,0,1,0,0,0,0,Delirious; HEALTH; One Use,cards/1521-televan-rum-361676.okf.md
1522,252863,Temperance,temperance,Action,Divine,Rare,Core,Gold,0,0,0,0,0,0,0,0,0,Armor,cards/1522-temperance-252863.okf.md
1523,295438,Tempered,tempered,Adaptation,Utility,Common,None,Orange,0,0,0,0,0,0,0,0,0,Execute; Upgrade,cards/1523-tempered-295438.okf.md
1524,56333,Tempered Soul,tempered-soul,Action,Utility,Uncommon,Core,Aqua,0,0,0,0,0,1,0,0,0,Scholar,cards/1524-tempered-soul-56333.okf.md
1525,707019,Tempered Steel,tempered-steel,Action,Utility,Uncommon,Metamorphosis,Red,0,0,1,0,0,0,0,0,0,Add; Anger; Fury; Gain Armor; my(status)Anger,cards/1525-tempered-steel-707019.okf.md
1526,469474,Tempest Blast,tempest-blast,Action,Divine,Common,Eclypse,Purple,0,0,0,0,0,0,0,1,0,Chain; Crushing,cards/1526-tempest-blast-469474.okf.md
1527,329045,Ten-Sided Strike,ten-sided-strike,Action,Melee,Uncommon,Eclypse,Green,1,0,0,0,0,0,0,0,0,Conjure; DEX; On Hit,cards/1527-ten-sided-strike-329045.okf.md
1528,731313,Tenderize,tenderize,Enchantment,Utility,Rare,Eclypse,Red,0,0,1,0,0,0,0,0,0,Crushing Blow; Imbue; Ingredient; Ingredients,cards/1528-tenderize-731313.okf.md
1529,574237,Terminate,terminate,Revelation,Utility,Legendary,Core Extended,Aqua,0,0,0,0,0,0,0,0,0,Consumes; Focus; Remove,cards/1529-terminate-574237.okf.md
1530,873247,Test of Faith,test-of-faith,Action,Divine,Common,Eclypse,Red,0,0,0,0,0,0,0,0,0,allEnergy; HOLY; Oathbound; Take,cards/1530-test-of-faith-873247.okf.md
1531,370469,Test Subject,test-subject,Action,Utility,Uncommon,Eclypse,Blue,0,1,0,0,0,0,0,0,0,damageBonus+1; Inflict; Upgradeable,cards/1531-test-subject-370469.okf.md
1532,621336,Thaumaturgy,thaumaturgy,Enchantment,Utility,Legendary,Metamorphosis,Blue,0,1,0,0,0,0,0,0,2,Corrupted; Increase; Magic; Magic Action; magicActionsPlayed,cards/1532-thaumaturgy-621336.okf.md
1533,615389,The Dawnbringer,the-dawnbringer,Summon,Divine,Legendary,None,Gold,0,0,0,3,0,0,0,0,0,Dawnbringer,cards/1533-the-dawnbringer-615389.okf.md
1534,203800,The Hunger,the-hunger,Action,Melee,Legendary,Eclypse,Purple,0,0,0,0,0,0,0,2,0,Defiled; Destroy; On Hit; Upgrade,cards/1534-the-hunger-203800.okf.md
1535,320653,The Journey,the-journey,Action,Utility,Legendary,Eclypse,Aqua,0,0,0,0,0,1,0,0,0,Choose; Path; paths; Scholar,cards/1535-the-journey-320653.okf.md
1536,946033,Thick Skin,thick-skin,Action,Utility,Common,Eclypse,Red,0,0,1,0,0,0,0,0,0,Armor; Cooking; Sated,cards/1536-thick-skin-946033.okf.md
1537,724121,Thinktank,thinktank,Action,Utility,Rare,Synthesis,Blue,0,1,0,0,0,0,0,0,0,allEnergy; Spend,cards/1537-thinktank-724121.okf.md
1538,73990,Thorned Pin,thorned-pin,Action,Utility,Common,Core,Orange,0,0,0,0,0,0,0,0,0,Impervious; Maximum HEALTH; otherMaxHealth/20; Persistent; Steal; They,cards/1538-thorned-pin-73990.okf.md
1539,527544,Thoughtcast,thoughtcast,Action,Utility,Uncommon,Synthesis,Blue,0,1,0,0,0,0,0,0,0,Add Psionic,cards/1539-thoughtcast-527544.okf.md
1540,563096,Thousand Cuts,thousand-cuts,Action,Melee,Common,Core,Green,1,0,0,0,0,0,0,0,0,DEX,cards/1540-thousand-cuts-563096.okf.md
1541,489856,Thrill of the Find,thrill-of-the-find,Enchantment,Utility,Rare,Synthesis,Green,1,0,0,0,0,0,0,0,0,DEX,cards/1541-thrill-of-the-find-489856.okf.md
1542,578497,Throw Technique,throw-technique,Action,Utility,Rare,Infinitum,Red,0,0,1,0,0,0,0,0,0,Attacks; Basic; Melee Actions; Melee Basic; One Use; Permanently; Ranged Actions,cards/1542-throw-technique-578497.okf.md
1543,308576,Throwing Knife,throwing-knife,Basic Attack,Ranged,Common,Metaprogress,Brown,0,0,0,0,1,0,0,0,0,Conjured; Free; Hits; Perform; tempValue,cards/1543-throwing-knife-308576.okf.md
1544,953175,Thunderclap,thunderclap,Action,Magic,Uncommon,Metamorphosis,Orange,0,0,0,0,0,0,1,0,0,Cascade; Chain; Critical Hit,cards/1544-thunderclap-953175.okf.md
1545,965825,Thundergod's Fury,thundergod-s-fury,Enchantment,Utility,Uncommon,Metamorphosis,Orange,0,0,0,0,0,0,1,0,0,Anger; Critical Hit,cards/1545-thundergod-s-fury-965825.okf.md
1546,47827,Tidal Shift,tidal-shift,Action,Utility,Uncommon,Catalyst,Aqua,0,0,0,0,0,1,0,0,0,Change; Channel; Clone; Tide,cards/1546-tidal-shift-47827.okf.md
1547,430505,Tidalweave,tidalweave,Action,Utility,Rare,Catalyst,Aqua,0,0,0,0,0,2,0,0,0,Basic Attacks; Clone; clones; Clones; Summon,cards/1547-tidalweave-430505.okf.md
1548,297548,Time is Money,time-is-money,Action,Utility,Legendary,Metamorphosis,Brown,0,0,0,0,1,0,0,0,0,Haste; Persistent; While,cards/1548-time-is-money-297548.okf.md
1549,595205,Time's Up,time-s-up,Enchantment,Corruption,Legendary,None,Aqua,0,0,0,0,0,1,0,0,0,Slain,cards/1549-time-s-up-595205.okf.md
1550,28157,Timestop,timestop,Action,Magic,Legendary,Infinitum,Blue,0,4,0,0,0,0,0,0,0,Gain INTINT; Grounded; Scholar,cards/1550-timestop-28157.okf.md
1551,88952,Timetap,timetap,Action,Utility,Uncommon,Infinitum,Blue,0,1,0,0,0,0,0,0,0,Charges; Gain INT; INT; Scholar,cards/1551-timetap-88952.okf.md
1552,808104,Tinker,tinker,Action,Utility,Uncommon,Synthesis,Green,1,0,0,0,0,0,0,0,0,Bomb; Charges; Delve,cards/1552-tinker-808104.okf.md
1553,79545,Tinkerer's Toolbox,tinkerer-s-toolbox,Action,Utility,Legendary,Core Extended,Brown,0,0,0,0,1,0,0,0,0,Otherwise,cards/1553-tinkerer-s-toolbox-79545.okf.md
1554,877987,Toolbelt,toolbelt,Action,Utility,Uncommon,Infinitum,Red,0,0,1,0,0,0,0,0,0,Ammo; Bomb; Charges; Conjure; Delve,cards/1554-toolbelt-877987.okf.md
1555,891257,Total Recall,total-recall,Action,Utility,Legendary,Catalyst,Orange,0,0,0,0,0,0,1,0,0,differentCards; Experience,cards/1555-total-recall-891257.okf.md
1556,180964,Totem of Carnage,totem-of-carnage,Summon,Utility,Common,None,None,0,0,0,0,0,0,0,0,0,Anger; enchantmentStacks; Turn,cards/1556-totem-of-carnage-180964.okf.md
1557,187631,Totem of Defiance,totem-of-defiance,Summon,Utility,Common,None,None,0,0,0,0,0,0,0,0,0,Armor; enchantmentStacks; Turn,cards/1557-totem-of-defiance-187631.okf.md
1558,279423,Totem of Spirits,totem-of-spirits,Summon,Utility,Common,None,None,0,0,0,0,0,0,0,0,0,enchantmentStacks; Souls; Turn,cards/1558-totem-of-spirits-279423.okf.md
1559,409259,Totem of Storms,totem-of-storms,Summon,Utility,Common,None,None,0,0,0,0,0,0,0,0,0,Chain; Conjure; enchantmentStacks; Turn; Zap,cards/1559-totem-of-storms-409259.okf.md
1560,27248,Totemstrike,totemstrike,Action,Utility,Common,Metaprogress,Orange,0,0,0,0,0,0,1,0,0,Basic Attack; Increase; Make; Totems,cards/1560-totemstrike-27248.okf.md
1561,561648,Towershield,towershield,Basic Attack,Utility,Rare,Core,Brown,0,0,0,0,1,0,0,0,0,Armor; damageBonus; Upgrades,cards/1561-towershield-561648.okf.md
1562,382150,Toxic Bloom,toxic-bloom,Action,Magic,Legendary,Eclypse,Orange,0,0,0,0,0,0,3,0,0,damageBonus+1; Execute; Maximum HEALTH; Permanently; Poison; Slay; Upgradeable,cards/1562-toxic-bloom-382150.okf.md
1563,526776,Toxic Relation,toxic-relation,Enchantment,Utility,Uncommon,Eclypse,Orange,0,0,0,0,0,0,2,0,0,Maximum HEALTH; Poison,cards/1563-toxic-relation-526776.okf.md
1564,774086,Toxic Salve,toxic-salve,Action,Utility,Common,Core Extended,Green,1,0,0,0,0,0,0,0,0,Inflict; Poison,cards/1564-toxic-salve-774086.okf.md
1565,662519,Toxicity,toxicity,Action,Utility,Common,Infinitum,Green,1,0,0,0,0,0,0,0,0,Inflict; Poison; Potency,cards/1565-toxicity-662519.okf.md
1566,8670,Tracking,tracking,Enchantment,Utility,Uncommon,Synthesis,Orange,0,0,0,0,0,0,1,0,0,Bleeding; Command; Memorized; Turn,cards/1566-tracking-8670.okf.md
1567,307462,Tradepost,tradepost,Artifact,Utility,Legendary,Infinitum,Brown,0,0,0,0,1,0,0,0,0,ANY; Grounded; One Use; Replace,cards/1567-tradepost-307462.okf.md
1568,431790,Trancor,trancor,Basic Attack,Ranged,Legendary,Infinitum,Brown,0,0,0,0,1,0,0,0,0,Chain; Continuity; Gain Chain,cards/1568-trancor-431790.okf.md
1569,987308,Transcendence,transcendence,Action,Utility,Legendary,Synthesis,Aqua,0,0,0,0,0,2,0,0,0,highestCopiesPlayed,cards/1569-transcendence-987308.okf.md
1570,233504,Transmorph,transmorph,Action,Utility,Legendary,Metamorphosis,Aqua,0,0,0,0,0,2,0,0,0,Conjure; Copy,cards/1570-transmorph-233504.okf.md
1571,397258,Trapper's Sentry,trapper-s-sentry,Action,Utility,Uncommon,Infinitum,Green,1,0,0,0,0,0,0,0,0,During; Evasion; Interrupt,cards/1571-trapper-s-sentry-397258.okf.md
1572,528624,Treasure for Trash,treasure-for-trash,Action,Utility,Rare,Synthesis,Green,0,0,0,0,0,0,0,0,0,Charges; Scrap Pile,cards/1572-treasure-for-trash-528624.okf.md
1573,718877,Treaty of Insight,treaty-of-insight,Action,Utility,Rare,None,Blue,0,3,0,0,0,0,0,0,0,,cards/1573-treaty-of-insight-718877.okf.md
1574,238665,Treaty of Joy,treaty-of-joy,Action,Utility,Rare,None,Green,3,0,0,0,0,0,0,0,0,Perform,cards/1574-treaty-of-joy-238665.okf.md
1575,808057,Treaty of Mercy,treaty-of-mercy,Action,Utility,Rare,None,Gold,0,0,0,3,0,0,0,0,0,Both; HEALTH,cards/1575-treaty-of-mercy-808057.okf.md
1576,590926,Treaty of Might,treaty-of-might,Action,Utility,Rare,None,Red,0,0,3,0,0,0,0,0,0,Anger,cards/1576-treaty-of-might-590926.okf.md
1577,248264,Treaty of Peace,treaty-of-peace,Action,Utility,Rare,None,Purple,0,0,0,0,0,0,0,3,0,Charmed; Inflict,cards/1577-treaty-of-peace-248264.okf.md
1578,837014,Tremors,tremors,Action,Utility,Rare,Catalyst,Red,0,0,0,0,0,0,0,0,0,Return; Shuffle; Stance,cards/1578-tremors-837014.okf.md
1579,133474,Tremorsense,tremorsense,Action,Magic,Common,Catalyst,Orange,0,0,0,0,0,0,1,0,0,Inflict; Stagger; Summon; Totem; totems,cards/1579-tremorsense-133474.okf.md
1580,727993,Trickshot,trickshot,Action,Utility,Common,Core,Green,1,0,0,0,0,0,0,0,0,Conjure; Delve; Finale,cards/1580-trickshot-727993.okf.md
1581,471828,Tripwire,tripwire,Action,Utility,Common,Infinitum,Green,1,0,0,0,0,0,0,0,0,Snares; Upgrade,cards/1581-tripwire-471828.okf.md
1582,145976,Trophy Shot,trophy-shot,Action,Ranged,Rare,Core,Orange,0,0,0,0,0,0,1,0,0,Execute; Heal; HEALTH,cards/1582-trophy-shot-145976.okf.md
1583,782538,True Faith,true-faith,Action,Divine,Legendary,Infinitum,Gold,0,0,0,2,0,0,0,0,0,Ascended; Blessings; Double,cards/1583-true-faith-782538.okf.md
1584,508168,Truesight Lodestone,truesight-lodestone,Artifact,Utility,Legendary,Infinitum,Aqua,0,0,0,0,3,0,0,0,0,damageBonus; Unplayable; Upgrade; Upgradeable,cards/1584-truesight-lodestone-508168.okf.md
1585,985500,Twincasting,twincasting,Enchantment,Utility,Legendary,Core,Blue,0,2,0,0,1,0,0,0,0,Magic Action,cards/1585-twincasting-985500.okf.md
1586,12198,Twinlightning,twinlightning,Action,Magic,Uncommon,Core,Blue,0,1,0,0,0,0,0,0,0,Chain,cards/1586-twinlightning-12198.okf.md
1587,549792,Twinned,twinned,Adaptation,Utility,Common,None,Red,0,0,0,0,0,0,0,0,0,Attack,cards/1587-twinned-549792.okf.md
1588,191120,Twins,twins,Revelation,Utility,Legendary,Core Extended,Aqua,0,0,0,0,0,0,0,0,0,Consumes; Copy; Focus,cards/1588-twins-191120.okf.md
1589,240734,Twinstrike,twinstrike,Action,Utility,Uncommon,Core Extended,Red,0,0,2,0,0,0,0,0,0,Basic Attack; Flanking; Make,cards/1589-twinstrike-240734.okf.md
1590,542989,Typhon's Cunning,typhon-s-cunning,Path,Utility,Rare,Eclypse,Aqua,0,0,0,0,0,1,0,0,0,Advance; After; Monster; Untempered Monster,cards/1590-typhon-s-cunning-542989.okf.md
1591,320487,Typhon's Cunning II,typhon-s-cunning-ii,Path,Utility,Rare,Eclypse,Aqua,0,0,0,0,0,1,0,0,0,Advance; After; Monster Cards; Shift,cards/1591-typhon-s-cunning-ii-320487.okf.md
1592,240566,Typhon's Cunning III,typhon-s-cunning-iii,Path,Utility,Rare,Eclypse,Aqua,0,0,0,0,0,1,0,0,0,After; Monster Cards; Monster Enchantments,cards/1592-typhon-s-cunning-iii-240566.okf.md
1593,229545,Umbral Armor,umbral-armor,Equipment,Utility,Rare,Eclypse,Purple,0,0,0,0,2,0,0,0,0,Activate; Armor; Corrupted; Defiled; Durability; Gain Fortified; VOID,cards/1593-umbral-armor-229545.okf.md
1594,761173,Umbral Lance,umbral-lance,Action,Magic,Uncommon,Metamorphosis,Blue,0,1,0,0,0,0,0,0,2,Add; Vile Wound,cards/1594-umbral-lance-761173.okf.md
1595,912301,Umbral Script,umbral-script,Equipment,Utility,Rare,Eclypse,Purple,0,0,0,0,1,0,0,0,2,Activate; Defile; Durability,cards/1595-umbral-script-912301.okf.md
1596,588023,Uncanny Luck,uncanny-luck,Enchantment,Utility,Rare,Catalyst,Green,2,0,0,0,0,0,0,0,0,Coins; Critical Hit; Improved; luck; Luck,cards/1596-uncanny-luck-588023.okf.md
1597,41020039,Underling,underling,Action,Utility,Uncommon,Core Extended,Green,1,0,0,0,0,0,0,0,0,GOLD; Human; Subjugate; Your Companion,cards/1597-underling-41020039.okf.md
1598,728541,Undertow,undertow,Action,Utility,Legendary,Catalyst,Aqua,0,0,0,0,0,2,0,0,0,Double; drowning; Drowning; Persistent,cards/1598-undertow-728541.okf.md
1599,766344,Undertow,undertow,Action,Utility,Legendary,Catalyst,Aqua,0,0,0,0,0,1,0,0,0,damageBonus+1; Drowning; Inflict; Persistent; Upgradeable,cards/1599-undertow-766344.okf.md
1600,557175,Unite,unite,Action,Utility,Legendary,Catalyst,Purple,0,0,0,0,0,0,0,1,0,Banners; Rally; Slay,cards/1600-unite-557175.okf.md
1601,912029,Unknown Meat,unknown-meat,Ingredient,Utility,Common,Eclypse,Red,0,0,0,0,0,0,0,0,0,Create; Garnish; Ingredient; One Use,cards/1601-unknown-meat-912029.okf.md
1602,618844,Unleash Arsenal,unleash-arsenal,Action,Utility,Rare,Core,Red,0,0,3,0,1,0,0,0,0,Basic Attack; Grounded; Make,cards/1602-unleash-arsenal-618844.okf.md
1603,334005,Unstoppable,unstoppable,Action,Utility,Uncommon,Core Extended,Red,0,0,1,0,0,0,0,0,0,Armor; Pinned; Slowed; Stunned,cards/1603-unstoppable-334005.okf.md
1604,838563,Up the Crow's Nest,up-the-crow-s-nest,Action,Utility,Common,Eclypse,Green,1,0,0,0,0,0,0,0,0,Ambush; damageBonus+1; Reset; Upgradeable,cards/1604-up-the-crow-s-nest-838563.okf.md
1605,110561,Upheaval,upheaval,Action,Utility,Rare,Catalyst,Red,0,0,2,0,0,0,0,0,0,,cards/1605-upheaval-110561.okf.md
1606,313251,Urgent Contract,urgent-contract,Enchantment,Utility,Legendary,None,Orange,0,0,0,0,0,0,0,0,0,Execute; GOLD,cards/1606-urgent-contract-313251.okf.md
1607,964263,Vampirism,vampirism,Action,Corruption,Rare,Core,Black,0,0,0,0,0,0,0,0,2,Add; Bleeding; Bloodlust; Lifedrain; other(status)Bleeding,cards/1607-vampirism-964263.okf.md
1608,292305,Vanish,vanish,Action,Utility,Common,Core,Green,0,0,0,0,0,0,0,0,0,Ambush; Charges; Reset,cards/1608-vanish-292305.okf.md
1609,573622,Vanquish,vanquish,Action,Divine,Legendary,Eclypse,Red,0,0,0,2,0,0,0,0,0,Execute; HEALTH; myMissingHealth; Remove; Scar,cards/1609-vanquish-573622.okf.md
1610,499956,Vault,vault,Action,Utility,Common,Core,Green,0,0,0,0,0,0,0,0,0,Dazed,cards/1610-vault-499956.okf.md
1611,286181,Vengeful Assault,vengeful-assault,Action,Ranged,Common,Eclypse,Red,0,0,0,0,1,0,0,0,0,Basic Attack; If HOLY,cards/1611-vengeful-assault-286181.okf.md
1612,117616,Venomancing,venomancing,Enchantment,Utility,Uncommon,Core,Green,1,0,0,0,0,0,0,0,0,Basic Attacks; Poison,cards/1612-venomancing-117616.okf.md
1613,738301,Vexing Echo 1,vexing-echo-1,Enchantment,Corruption,Legendary,Eclypse,Blue,0,2,0,0,0,0,0,0,2,Corruption,cards/1613-vexing-echo-1-738301.okf.md
1614,738302,Vexing Echo 2,vexing-echo-2,Enchantment,Corruption,Legendary,Eclypse,Blue,0,2,0,0,0,0,0,0,2,Cursed,cards/1614-vexing-echo-2-738302.okf.md
1615,73830,Vexing Echoes,vexing-echoes,Action,Corruption,Legendary,Eclypse,Blue,0,2,0,0,0,0,0,0,2,Choose; Conjure; Corruption OR; Cursed,cards/1615-vexing-echoes-73830.okf.md
1616,73401,Vexing Presence,vexing-presence,Enchantment,Utility,Legendary,None,Gold,0,0,0,0,0,0,0,0,0,Charmed; End; Inflict; Jinxed; Turn,cards/1616-vexing-presence-73401.okf.md
1617,692210,Vigil,vigil,Action,Divine,Common,Core,Gold,0,0,0,1,0,0,0,0,0,Virtues,cards/1617-vigil-692210.okf.md
1618,817994,Vigorating Strike,vigorating-strike,Action,Melee,Uncommon,Metamorphosis,Red,0,0,1,0,0,0,0,0,0,Deep Wound; On Hit,cards/1618-vigorating-strike-817994.okf.md
1619,355647,Vile Blast,vile-blast,Action,Corruption,Common,Metamorphosis,Blue,0,0,0,0,0,0,0,0,2,Afflictions; Cursed; otherAfflictions; Repeat; tempValue,cards/1619-vile-blast-355647.okf.md
1620,920827,Vile Sacrifice,vile-sacrifice,Action,Corruption,Uncommon,Eclypse,Purple,0,0,0,0,0,0,0,1,0,Ascend; Corrupted; Defiled; Destroy,cards/1620-vile-sacrifice-920827.okf.md
1621,450331,Vile Skewer,vile-skewer,Action,Melee,Common,Metamorphosis,Orange,0,0,0,0,0,0,1,0,0,Inflict Bleeding; Poison,cards/1621-vile-skewer-450331.okf.md
1622,855284,Vile Thoughts,vile-thoughts,Action,Corruption,Uncommon,Eclypse,Blue,0,0,0,0,0,0,0,0,3,Afflictions; Channel; INT; Magic Actions,cards/1622-vile-thoughts-855284.okf.md
1623,727214,Vile Voracity,vile-voracity,Action,Corruption,Legendary,Eclypse,Purple,0,0,0,0,0,0,0,1,0,Defiled,cards/1623-vile-voracity-727214.okf.md
1624,322593,Vile Wound,vile-wound,Action,Corruption,Common,Metamorphosis,Black,0,0,0,0,0,0,0,0,0,Bleeding; One Use; Take,cards/1624-vile-wound-322593.okf.md
1625,544413,Violent Impulses,violent-impulses,Action,Utility,Legendary,Synthesis,Red,0,0,1,0,0,0,0,0,0,Basic Attack; Delve; Melee Action,cards/1625-violent-impulses-544413.okf.md
1626,947035,Vipers Touch,vipers-touch,Action,Utility,Common,Metamorphosis,Green,1,0,0,0,0,0,0,0,0,Charmed; Double; Inflict; other(status)Charmed; Poison,cards/1626-vipers-touch-947035.okf.md
1627,699197,Visceral Blow,visceral-blow,Action,Melee,Rare,Metamorphosis,Red,0,0,3,0,0,0,0,0,1,HEALTH; myCurrentHealth; Reduce,cards/1627-visceral-blow-699197.okf.md
1628,86184,Vision of Mercy,vision-of-mercy,Action,Utility,Common,Synthesis,Gold,0,0,0,1,0,0,0,0,0,Charmed; damageBonus+1; HOLY; Inflict; Repeat; Upgradeable,cards/1628-vision-of-mercy-86184.okf.md
1629,13402,Vital Essence,vital-essence,Action,Utility,Rare,Metamorphosis,Red,0,0,1,0,0,0,0,0,0,Grounded; Maximum HEALTH; One Use,cards/1629-vital-essence-13402.okf.md
1630,992597,Vital Strike,vital-strike,Enchantment,Utility,Rare,None,Red,0,0,3,0,0,0,0,0,0,Lifedrain; Melee,cards/1630-vital-strike-992597.okf.md
1631,41127,Vitalize,vitalize,Action,Utility,Uncommon,Metaprogress,Aqua,0,0,0,0,0,1,0,0,0,Basic Attack; HEALTH; Momentum,cards/1631-vitalize-41127.okf.md
1632,610933,Vodou,vodou,Action,Utility,Legendary,Eclypse,Orange,0,0,0,0,0,0,3,0,0,Effigy; Enchantment; HEALTH; Imbue; Maximum HEALTH; myMaxHealth/10; Remove; Requires; Slay,cards/1632-vodou-610933.okf.md
1633,946039,Vodou Mask,vodou-mask,Equipment,Utility,Rare,Eclypse,Orange,0,0,0,0,1,0,0,0,0,Activate; Durability; Memorized; Perform; Performance; Ritual,cards/1633-vodou-mask-946039.okf.md
1634,675585,Void Armor,void-armor,Action,Utility,Common,Eclypse,Purple,0,0,0,0,0,0,0,1,0,Armor; permaValue; Waning Defiled,cards/1634-void-armor-675585.okf.md
1635,299948,Void Lance,void-lance,Action,Corruption,Common,Eclypse,Purple,0,0,0,0,0,0,0,0,3,Rampage,cards/1635-void-lance-299948.okf.md
1636,806179,Voidcast,voidcast,Action,Corruption,Legendary,Catalyst,Blue,0,0,0,0,0,0,0,0,1,Attunement; Delve; Magic Action,cards/1636-voidcast-806179.okf.md
1637,91239,Vow of Vengeance,vow-of-vengeance,Action,Utility,Common,Eclypse,Red,0,0,0,1,0,0,0,0,0,Charges; Delve; Oath; Take,cards/1637-vow-of-vengeance-91239.okf.md
1638,41544,Vulture Soul,vulture-soul,Enchantment,Utility,Uncommon,Eclypse,Orange,0,0,0,0,0,0,2,0,0,Ferocity; Poison,cards/1638-vulture-soul-41544.okf.md
1639,878762,Waning Whimsy,waning-whimsy,Summon,Corruption,Common,Eclypse,Blue,0,0,0,0,0,0,0,0,0,Jinxed,cards/1639-waning-whimsy-878762.okf.md
1640,765784,Warchest,warchest,Action,Utility,Legendary,Catalyst,Purple,0,0,0,0,2,0,0,0,0,Equipment; GOLD; Pay; Turn,cards/1640-warchest-765784.okf.md
1641,405986,Warp Steel,warp-steel,Action,Utility,Legendary,Infinitum,Purple,0,0,0,0,0,0,0,2,1,Basic Attack; Convert; Hexglaive; One Use,cards/1641-warp-steel-405986.okf.md
1642,466721,Warpaint,warpaint,Action,Utility,Rare,Core,Red,0,0,1,0,0,0,0,0,0,Fury; Memorized; Shuffle,cards/1642-warpaint-466721.okf.md
1643,50645,Warping Presence,warping-presence,Enchantment,Utility,Legendary,None,Gold,0,0,0,0,0,0,0,0,0,Condemnation,cards/1643-warping-presence-50645.okf.md
1644,983780,Warrior's Locket,warrior-s-locket,Item,Utility,Uncommon,Catalyst,Brown,0,0,0,0,1,0,0,0,0,Anger; Gain STR; STR; While,cards/1644-warrior-s-locket-983780.okf.md
1645,483067,Washed Ashore,washed-ashore,Action,Utility,Uncommon,Catalyst,Aqua,0,0,0,0,0,0,0,0,0,Change; Clone; Summon; Tide,cards/1645-washed-ashore-483067.okf.md
1646,985177,Wasteful Whimsy,wasteful-whimsy,Summon,Corruption,Common,Eclypse,Blue,0,0,0,0,0,0,0,0,0,Do Nothing,cards/1646-wasteful-whimsy-985177.okf.md
1647,203565,Wasteland,wasteland,Location,Utility,Legendary,Eclypse,Green,1,0,0,0,2,0,0,0,0,Grounded; Nothing; Persistent,cards/1647-wasteland-203565.okf.md
1648,127823,Watchful Whimsy,watchful-whimsy,Summon,Corruption,Common,Eclypse,Blue,0,0,0,0,0,0,0,0,0,Evasion,cards/1648-watchful-whimsy-127823.okf.md
1649,154681,Watershaping,watershaping,Action,Utility,Common,Catalyst,Aqua,0,0,0,0,0,1,0,0,0,Clone; Persistent; Summon,cards/1649-watershaping-154681.okf.md
1650,478030,Watershaping,watershaping,Action,Utility,Common,Catalyst,Aqua,0,0,0,0,0,3,0,0,0,Clones; Persistent; Summon,cards/1650-watershaping-478030.okf.md
1651,734489,Waterwall,waterwall,Action,Utility,Common,Catalyst,Aqua,0,0,0,0,0,1,0,0,0,Clones; clones; During,cards/1651-waterwall-734489.okf.md
1652,851525,Wave of Light,wave-of-light,Action,Magic,Uncommon,Core,Purple,0,0,0,0,0,0,0,1,0,Affliction; Cleanse; Regenerate,cards/1652-wave-of-light-851525.okf.md
1653,685401,Wavebreaker,wavebreaker,Action,Magic,Uncommon,Catalyst,Aqua,0,0,0,0,0,2,0,0,0,Clones; clones; Repeat,cards/1653-wavebreaker-685401.okf.md
1654,468189,Way of the Wise,way-of-the-wise,Enchantment,Utility,Legendary,None,Aqua,0,0,0,0,0,2,0,0,0,Barrier; Focus,cards/1654-way-of-the-wise-468189.okf.md
1655,52416,Waylay,waylay,Action,Melee,Common,Core,Green,1,0,0,0,0,0,0,0,0,Ambush; Conjure; Sinister,cards/1655-waylay-52416.okf.md
1656,648556,Weapon Sense,weapon-sense,Action,Utility,Common,Synthesis,Red,0,0,1,0,0,0,0,0,0,Basic Attack; Enter Adaptive; Make; Stance,cards/1656-weapon-sense-648556.okf.md
1657,618680,Weathercast,weathercast,Action,Utility,Uncommon,Catalyst,Aqua,0,0,0,0,0,1,0,0,0,Delve; Tidal,cards/1657-weathercast-618680.okf.md
1658,507209,Weathered Hide,weathered-hide,Enchantment,Utility,Rare,Synthesis,Green,1,0,0,0,0,0,0,0,0,Junk; Resilience,cards/1658-weathered-hide-507209.okf.md
1659,266408,Whirling Strikes,whirling-strikes,Action,Utility,Uncommon,Core,Orange,0,0,0,0,0,0,2,0,0,Basic Attack; basicsPlayed; Make; Repeat,cards/1659-whirling-strikes-266408.okf.md
1660,355261,Whirlpool,whirlpool,Action,Utility,Common,Catalyst,Aqua,0,0,0,0,0,1,0,0,0,Drowning; Inflict; Persistent; Tidal,cards/1660-whirlpool-355261.okf.md
1661,527295,Whirlpool,whirlpool,Action,Utility,Common,Catalyst,Aqua,0,0,0,0,0,2,0,0,0,Drowning; Inflict; Persistent; Tidal,cards/1661-whirlpool-527295.okf.md
1662,51449,Whistle,whistle,Equipment,Utility,Uncommon,Synthesis,Orange,0,0,0,0,1,0,0,0,0,Activate; Command; Durability,cards/1662-whistle-51449.okf.md
1663,891752,Wicked Glare,wicked-glare,Action,Utility,Legendary,Eclypse,Purple,0,0,0,0,0,0,0,2,0,Defiled; Hex; Inflict; Remove; VOID; VOIDVOID,cards/1663-wicked-glare-891752.okf.md
1664,894120,Wicker Crux,wicker-crux,Action,Utility,Rare,Eclypse,Blue,0,2,0,0,0,0,0,0,0,Cursed; Delve; Doom; Hex; Inflict,cards/1664-wicker-crux-894120.okf.md
1665,535646,Wild Alchemy,wild-alchemy,Action,Utility,Common,Core Extended,Green,0,0,0,0,0,0,0,0,0,Charges; Conjure; Potions,cards/1665-wild-alchemy-535646.okf.md
1666,672898,Wild Storm,wild-storm,Action,Magic,Rare,Core,Blue,0,2,0,0,0,0,0,0,0,Conjure; Zap,cards/1666-wild-storm-672898.okf.md
1667,612725,Wild Strike,wild-strike,Action,Melee,Common,None,Red,0,0,0,0,0,0,0,0,0,Fury; On Hit,cards/1667-wild-strike-612725.okf.md
1668,961770,Wild Surge,wild-surge,Action,Utility,Uncommon,Metamorphosis,Red,0,0,2,0,0,0,0,0,2,STR,cards/1668-wild-surge-961770.okf.md
1669,341585,Wildshape,wildshape,Action,Utility,Uncommon,Metaprogress,Aqua,0,0,0,0,0,1,0,0,0,Charges; Memorized; Shift,cards/1669-wildshape-341585.okf.md
1670,835406,Wildshift,wildshift,Action,Utility,Rare,Metamorphosis,Aqua,0,0,0,0,0,1,0,0,0,Shift,cards/1670-wildshift-835406.okf.md
1671,614808,Will of the Jungle,will-of-the-jungle,Action,Utility,Legendary,Synthesis,Orange,0,0,0,0,0,0,1,0,0,Companion; Delve,cards/1671-will-of-the-jungle-614808.okf.md
1672,766318,Winged Strike,winged-strike,Action,Melee,Common,Eclypse,Red,0,0,0,1,0,0,0,0,0,Flanking; Temporary; Upgrade,cards/1672-winged-strike-766318.okf.md
1673,525655,Winsome Whimsy,winsome-whimsy,Summon,Corruption,Common,Eclypse,Blue,0,0,0,0,0,0,0,0,0,Charmed,cards/1673-winsome-whimsy-525655.okf.md
1674,201171,Winter Harvest,winter-harvest,Action,Magic,Rare,Core Extended,Blue,0,2,0,0,1,0,0,0,0,Critical Hit; Deals; Frozen; other(status)Frozen,cards/1674-winter-harvest-201171.okf.md
1675,808557,Wired Pin,wired-pin,Action,Utility,Common,Core,Orange,0,0,0,0,0,0,0,0,0,Evasion; Maximum HEALTH; otherMaxHealth/20; Persistent; Steal; They,cards/1675-wired-pin-808557.okf.md
1676,860644,Wishful Whimsy,wishful-whimsy,Summon,Corruption,Common,Eclypse,Blue,0,0,0,0,0,0,0,0,0,,cards/1676-wishful-whimsy-860644.okf.md
1677,2485283,Witching Hour,witching-hour,Action,Utility,Common,Eclypse,Blue,0,1,0,0,0,0,0,0,0,Cursed; Increases; Potency; tempValue+1,cards/1677-witching-hour-2485283.okf.md
1678,857377,Wither (Companion),wither-companion,Action,Magic,Rare,Synthesis,Orange,0,0,0,0,2,0,0,0,0,Advantage; Affliction; companionlevel; Decay; Gain HEALTH; Inflict,cards/1678-wither-companion-857377.okf.md
1679,755183,Withering Touch,withering-touch,Action,Utility,Common,Core,Green,0,0,0,0,0,0,0,0,0,Inflict; Poison; Synergy; tempValue+1,cards/1679-withering-touch-755183.okf.md
1680,322727,Witness True Evil,witness-true-evil,Action,Utility,Legendary,Metamorphosis,Blue,0,3,0,0,0,0,0,0,0,Add; corruptionCards; Corruptions; Vile Wound,cards/1680-witness-true-evil-322727.okf.md
1681,433304,Word of Purity,word-of-purity,Action,Divine,Rare,Metaprogress,Purple,0,0,0,0,0,0,0,1,0,Affliction; Blessings; Cleanse; HEALTH; myBlessings,cards/1681-word-of-purity-433304.okf.md
1682,884846,Workshop,workshop,Enchantment,Utility,Common,Infinitum,Green,1,0,0,0,0,0,0,0,0,Memorized; Snare,cards/1682-workshop-884846.okf.md
1683,882174,Worldbreaker,worldbreaker,Action,Melee,Legendary,Catalyst,Red,0,0,1,0,0,0,0,0,0,Can; Double; On Draw; tempValue+1,cards/1683-worldbreaker-882174.okf.md
1684,435255,Wounded Hunter,wounded-hunter,Enchantment,Utility,Legendary,None,Monster,0,0,0,0,0,0,0,0,0,,cards/1684-wounded-hunter-435255.okf.md
1685,401467,Wrath,wrath,Action,Corruption,Common,Core,Black,0,0,0,0,0,0,0,0,0,Unplayable,cards/1685-wrath-401467.okf.md
1686,605682,Wrathbolt,wrathbolt,Action,Corruption,Common,Eclypse,Blue,0,0,0,0,0,0,0,0,2,,cards/1686-wrathbolt-605682.okf.md
1687,286267,Wrathful Whimsy,wrathful-whimsy,Summon,Corruption,Common,Eclypse,Blue,0,0,0,0,0,0,0,0,0,HEALTH,cards/1687-wrathful-whimsy-286267.okf.md
1688,564356,X,x,Action,Utility,Uncommon,Eclypse,Green,1,0,0,0,0,0,0,0,0,Treasure Map,cards/1688-x-564356.okf.md
1689,627065,Yardsale,yardsale,Action,Utility,Common,Synthesis,Green,0,0,0,0,0,0,0,0,0,Next; Scavenge; Scrap Pile,cards/1689-yardsale-627065.okf.md
1690,206061,Zap,zap,Action,Magic,Common,Core,Blue,0,0,0,0,0,0,0,0,0,Chain,cards/1690-zap-206061.okf.md
1691,610689,Zealous Rebuke,zealous-rebuke,Enchantment,Divine,Rare,Infinitum,Gold,0,0,0,2,0,0,0,0,0,Zeal,cards/1691-zealous-rebuke-610689.okf.md
1692,368906,Zen Archery,zen-archery,Action,Utility,Uncommon,Core,Aqua,0,0,0,0,0,2,0,0,0,Arrow; Conjure; Focus,cards/1692-zen-archery-368906.okf.md
